Month,City,Merchant,Total_Sales,No_of_sales
Apr 2017,1,Kathie Sughrue inc,"66,400,606","3,301"
Apr 2017,1,Cesar Hall inc,"61,904,426","3,065"
Apr 2017,1,Mary Gray 7 inc,"36,350,378","1,818"
Apr 2017,1,Steven Russell inc,"22,558,267","1,133"
Apr 2017,1,Maxine Flores inc,"18,910,551",933
Apr 2017,2,Mark Cipolla inc,"307,498",14
Apr 2017,2,Vincent William inc,"226,061",11
Apr 2017,2,Charles Budde inc,"218,288",11
Apr 2017,2,Arthur Walz inc,"183,174",8
Apr 2017,2,Cristal Forney inc,"180,314",9
Apr 2017,3,Dennis Mcmillan inc,"662,670",36
Apr 2017,3,Rhonda Cunningham inc,"635,067",32
Apr 2017,3,Karen Roane inc,"439,485",23
Apr 2017,3,Solomon Deshayes inc,"341,903",17
Apr 2017,3,Phyllis Hall 3 inc,"299,859",15
Apr 2017,4,Louise Cole 2 inc,"2,192,923",105
Apr 2017,4,Nathaniel Stewart inc,"1,709,562",89
Apr 2017,4,Enriqueta Barbour inc,"1,582,884",76
Apr 2017,4,Carolyn Smith 8 inc,"1,515,094",76
Apr 2017,4,Juan Niemi inc,"1,459,085",74
Apr 2017,6,Terrell Dueno inc,"314,046",17
Apr 2017,6,Pedro Hill 2 inc,"302,594",14
Apr 2017,6,Robert Reper inc,"271,999",13
Apr 2017,6,Ross Underhill inc,"261,743",13
Apr 2017,6,Guillermo Angelilli inc,"252,877",12
Apr 2017,7,Louis Nielsen inc,"426,425",19
Apr 2017,7,Sheila Bissonnette inc,"288,842",12
Apr 2017,7,Don Lenz inc,"284,615",11
Apr 2017,7,Armand Humphrey inc,"272,416",12
Apr 2017,7,Mark Brewster inc,"252,860",12
Apr 2017,8,Carlotta Schell inc,"985,857",44
Apr 2017,8,Charlene Richter inc,"942,138",49
Apr 2017,8,Mike Sparks inc,"814,288",40
Apr 2017,8,Larry Stegall 2 inc,"801,024",39
Apr 2017,8,Sandra Crocker inc,"606,144",32
Apr 2017,9,Rachael Oehler inc,"384,868",18
Apr 2017,9,Scott Brown 6 inc,"307,373",16
Apr 2017,9,Daniel Pouliot inc,"279,683",13
Apr 2017,9,Walter Grillo inc,"267,906",12
Apr 2017,9,Barbara Bishop inc,"250,797",12
Apr 2017,10,Roger Murach inc,"604,335",28
Apr 2017,10,Kristin Victoria inc,"519,563",25
Apr 2017,10,Socorro Stevens inc,"375,563",22
Apr 2017,10,Iris Key inc,"368,976",19
Apr 2017,10,Daisy Ball inc,"300,851",16
Apr 2017,11,Paula Crumb inc,"1,310,332",71
Apr 2017,11,Kenneth Ramos inc,"989,426",48
Apr 2017,11,Matthew Verhoeven inc,"745,253",36
Apr 2017,11,Linda Hogan 2 inc,"736,077",38
Apr 2017,11,Rafael Tarr inc,"430,963",19
Apr 2017,12,Joe Cleghorn inc,"1,360,187",67
Apr 2017,12,Delbert Sherlock inc,"824,411",40
Apr 2017,12,Catherine Martin 7 inc,"563,191",31
Apr 2017,12,Emily Jiggetts inc,"545,033",29
Apr 2017,12,Robyn Douglas inc,"543,898",28
Apr 2017,13,Carol Green inc,"488,946",28
Apr 2017,13,Gary Koehler inc,"400,707",23
Apr 2017,13,Mark Bunn inc,"381,646",17
Apr 2017,13,Larry Brooks 2 inc,"256,700",11
Apr 2017,13,Natalie Durate inc,"242,326",13
Apr 2017,14,Cynthia Wood 2 inc,"936,402",51
Apr 2017,14,Stanley Summerville inc,"700,946",36
Apr 2017,14,John Bielinski inc,"681,474",32
Apr 2017,14,Alex Richardson inc,"513,514",26
Apr 2017,14,James Mayoka inc,"462,849",22
Apr 2017,16,Cheryl Croom inc,"196,332",11
Apr 2017,16,Ernie Shorb inc,"168,715",7
Apr 2017,16,Melvin Holbrook inc,"148,782",6
Apr 2017,16,Veronica Wroblewski inc,"145,981",7
Apr 2017,16,Angie Eason inc,"105,205",5
Apr 2017,17,Sharonda Jordan inc,"11,546,605",574
Apr 2017,17,Beatrice Pears inc,"9,313,451",454
Apr 2017,17,Nick Curtis inc,"6,837,563",342
Apr 2017,17,Samuel Scott 3 inc,"4,997,406",261
Apr 2017,17,Virgil Lemon inc,"4,906,611",242
Apr 2017,18,Ruth Fuentes inc,"369,075",18
Apr 2017,18,Margaret Diaz 3 inc,"131,489",8
Apr 2017,18,Susan Rhodes inc,"94,067",3
Apr 2017,18,Kenneth Patrick 2 inc,"69,736",3
Apr 2017,18,Joanne Valdez inc,"63,868",2
Apr 2017,19,Ella Rose 2 inc,"12,603,330",621
Apr 2017,19,Lori Joseph inc,"12,197,242",624
Apr 2017,19,Chad Tobar inc,"9,726,637",483
Apr 2017,19,Tony Moore 3 inc,"6,821,542",332
Apr 2017,19,Zachary Mayle inc,"6,030,901",298
Apr 2017,20,Justin Ganser inc,"4,363,305",221
Apr 2017,20,Natasha Bucher inc,"2,012,156",101
Apr 2017,20,Luisa Goldstein inc,"919,361",45
Apr 2017,20,Craig Miller 4 inc,"835,618",38
Apr 2017,20,Sarah Harris 5 inc,"802,740",41
Apr 2017,21,Thelma Cashen inc,"1,130,961",60
Apr 2017,21,Eldridge Williams 2 inc,"959,944",48
Apr 2017,21,Katherine Brown 4 inc,"879,089",39
Apr 2017,21,Jeffrey Starr inc,"853,148",37
Apr 2017,21,Steven Nagle inc,"795,308",41
Apr 2017,22,Phyllis Allen 2 inc,"366,892",15
Apr 2017,22,Daniel Browning inc,"275,193",13
Apr 2017,22,Allen Patrick inc,"263,757",12
Apr 2017,22,Allen Laban inc,"255,623",10
Apr 2017,22,William Roberts 10 inc,"185,745",9
Apr 2017,23,Ellen Tait inc,"483,589",28
Apr 2017,23,Ernest Lohrenz inc,"287,545",14
Apr 2017,23,Joseph Bailey 2 inc,"249,806",12
Apr 2017,23,Jennifer Hall 4 inc,"245,691",9
Apr 2017,23,Stacey Sharon inc,"186,282",10
Apr 2017,24,Francisco Hopper inc,"906,303",45
Apr 2017,24,Mariah Pugh inc,"684,961",33
Apr 2017,24,Cynthia Vargas 2 inc,"589,469",28
Apr 2017,24,Donald Sullivan 5 inc,"524,427",28
Apr 2017,24,Marvin Quinnie inc,"479,455",21
Apr 2017,25,Kathryn Carson inc,"3,542,509",175
Apr 2017,25,Kay Connolly inc,"3,106,349",157
Apr 2017,25,Rebecca Sales inc,"2,503,551",135
Apr 2017,25,John Taggart inc,"1,935,356",90
Apr 2017,25,Jeffrey Belcher 2 inc,"1,840,743",92
Apr 2017,26,Kristy Fonseca inc,"410,227",21
Apr 2017,26,Cesar Ross inc,"224,313",11
Apr 2017,26,Ivan Spruill inc,"191,832",7
Apr 2017,26,Ronald Bermeo inc,"143,361",9
Apr 2017,26,Michael Hamilton inc,"103,071",5
Apr 2017,28,Lee Hodgkiss inc,"372,327",17
Apr 2017,28,Elliott Haines inc,"298,963",13
Apr 2017,28,Marianne Riedel inc,"289,470",13
Apr 2017,28,Adam Richner inc,"240,884",13
Apr 2017,28,Jennifer Chadwell inc,"189,668",12
Apr 2017,29,Kirsten Huse inc,"931,769",47
Apr 2017,29,Raymond Plaza inc,"365,708",16
Apr 2017,29,Tarsha Chance inc,"331,265",20
Apr 2017,29,Charles Harkless inc,"298,213",15
Apr 2017,29,Paul Gaska inc,"282,399",14
Apr 2017,30,Donald Ireland inc,"1,408,048",69
Apr 2017,30,Doris King 3 inc,"1,035,025",49
Apr 2017,30,Dennis Johnson 6 inc,"934,171",48
Apr 2017,30,Clarence Streater inc,"814,040",44
Apr 2017,30,Mary Lancaster 3 inc,"728,332",34
Apr 2017,32,Harriet Reeder inc,"251,798",12
Apr 2017,32,Michael Harrison inc,"76,994",4
Apr 2017,32,Lilly Martinez inc,"69,067",5
Apr 2017,32,Adrian Rollin inc,"67,229",3
Apr 2017,32,Thomas Stone 2 inc,"61,253",3
Apr 2017,33,Nicole Crowder inc,"601,723",26
Apr 2017,33,Kathy Manders inc,"554,936",23
Apr 2017,33,Douglas Magic inc,"422,688",18
Apr 2017,33,Frederick Rushing inc,"394,434",16
Apr 2017,33,Ronald Johnson 17 inc,"358,253",17
Apr 2017,34,Mitchell Kalhorn inc,"826,192",38
Apr 2017,34,Kris Endicott inc,"579,363",28
Apr 2017,34,Nina Conn inc,"513,065",24
Apr 2017,34,Alysia Ceovantes inc,"452,110",25
Apr 2017,34,Mike Sparks inc,"271,237",13
Apr 2017,35,Bobby Ames inc,"232,120",13
Apr 2017,35,William Glaude inc,"169,525",9
Apr 2017,35,James Ellis 6 inc,"107,427",5
Apr 2017,35,Debra Stewart 2 inc,"106,908",5
Apr 2017,35,Thelma Burks inc,"105,729",4
Apr 2017,36,Esther Diaz inc,"757,301",37
Apr 2017,36,Ronald Jones 10 inc,"586,087",29
Apr 2017,36,Hien Herrera inc,"250,630",12
Apr 2017,36,Teresa Volk inc,"249,013",16
Apr 2017,36,Sherry Alexander inc,"173,668",8
Apr 2017,38,Douglas Mccullen inc,"280,043",13
Apr 2017,38,Patricia Odonnell inc,"235,959",14
Apr 2017,38,Ila Boudreaux inc,"179,650",10
Apr 2017,38,Miranda Tiller inc,"179,120",10
Apr 2017,38,Sean Mitchell 2 inc,"156,027",7
Apr 2017,39,Patricia Marble inc,"346,181",18
Apr 2017,39,Jane Terry 3 inc,"217,514",10
Apr 2017,39,James Angles inc,"167,453",8
Apr 2017,39,John Wolfram inc,"141,081",7
Apr 2017,39,Beth Kennedy inc,"118,005",7
Apr 2017,40,Michael Rivas inc,"181,350",10
Apr 2017,40,Kay Tito inc,"175,742",8
Apr 2017,40,Karla Fernandez inc,"129,329",6
Apr 2017,40,Beverly Amodeo inc,"73,225",3
Apr 2017,40,Kathryn Schumpert inc,"69,033",4
Apr 2017,41,Joyce Mendez inc,"449,705",24
Apr 2017,41,Richard Bower inc,"304,055",15
Apr 2017,41,Susan White 5 inc,"303,843",14
Apr 2017,41,Angela Peterson 3 inc,"265,340",12
Apr 2017,41,Elizabeth Mcelyea inc,"240,060",10
Apr 2017,42,Carlene Phelps inc,"597,446",29
Apr 2017,42,Glenn Richmond inc,"528,399",27
Apr 2017,42,Gail Salvato inc,"435,378",21
Apr 2017,42,Louis Kahn inc,"382,671",17
Apr 2017,42,Kathleen Stone 4 inc,"382,161",19
Apr 2017,44,Bart Carney inc,"413,087",21
Apr 2017,44,Ashley Krupa inc,"203,715",10
Apr 2017,44,Jon Moore inc,"118,870",8
Apr 2017,44,Spencer Greenstreet inc,"118,210",5
Apr 2017,44,Tasha Dicostanzo inc,"100,480",5
Apr 2017,46,Asuncion Sandmeier inc,"536,351",31
Apr 2017,46,John Frank 5 inc,"380,040",18
Apr 2017,46,Andrew Jones 9 inc,"319,880",12
Apr 2017,46,Milton Herrera inc,"312,202",16
Apr 2017,46,Kimberly Coleman 3 inc,"207,532",9
Apr 2017,47,Carlos Cook inc,"356,858",18
Apr 2017,47,Jessica Munoz 2 inc,"251,664",12
Apr 2017,47,Myrtle Hendrickson inc,"244,424",10
Apr 2017,47,Emery Stallins inc,"161,926",10
Apr 2017,47,Sammie Thibodeau inc,"152,979",6
Apr 2017,48,Stanley Cuevas inc,"620,646",30
Apr 2017,48,Maria Bugg inc,"462,217",22
Apr 2017,48,Zelda Bozell inc,"459,659",23
Apr 2017,48,George Brown 11 inc,"427,296",23
Apr 2017,48,Bryan Vasquez inc,"415,410",26
Apr 2017,49,Bernice Battles inc,"321,608",16
Apr 2017,49,Kimberly Singleton inc,"244,315",11
Apr 2017,49,Carole Lotton inc,"201,754",10
Apr 2017,49,April Johnson 3 inc,"197,173",9
Apr 2017,49,Paul Luffy inc,"158,600",8
Apr 2017,51,Joanne Yannone inc,"1,271,950",64
Apr 2017,51,Mary Mraz inc,"1,105,105",54
Apr 2017,51,Micheal Styles inc,"962,425",48
Apr 2017,51,Joshua Kuehnert inc,"865,037",46
Apr 2017,51,Eunice Gantt inc,"770,558",39
Apr 2017,52,Jean Biser inc,"504,320",26
Apr 2017,52,Arthur Noel inc,"462,094",22
Apr 2017,52,Kurt Sapp inc,"445,594",25
Apr 2017,52,David Young 7 inc,"409,100",22
Apr 2017,52,Richard Bell 6 inc,"352,159",18
Apr 2017,53,Cornelius Mattson inc,"2,793,951",147
Apr 2017,53,Keith Conley 3 inc,"2,168,370",114
Apr 2017,53,Cynthia Phelps inc,"1,959,434",101
Apr 2017,53,Debra Wilczynski inc,"1,368,185",65
Apr 2017,53,Robert Murdock inc,"1,302,867",68
Apr 2017,54,Eloise Sorbo inc,"311,926",17
Apr 2017,54,Jessica Wilson inc,"105,260",5
Apr 2017,54,Michael Floyd 4 inc,"104,473",5
Apr 2017,54,Cheryl West inc,"91,934",3
Apr 2017,54,Donald Hart inc,"91,324",6
Apr 2017,56,Gerald Miller 3 inc,"894,390",43
Apr 2017,56,Mary Varos inc,"625,418",31
Apr 2017,56,Scott Cornelius inc,"476,367",23
Apr 2017,56,Courtney Mansfield inc,"438,451",20
Apr 2017,56,Christopher Jackson 5 inc,"384,467",21
Apr 2017,57,Jennifer Furr inc,"3,663,091",180
Apr 2017,57,Eddie Plunkett inc,"3,600,003",179
Apr 2017,57,Kenneth Huson inc,"3,001,907",148
Apr 2017,57,John Sumstad inc,"1,706,485",84
Apr 2017,57,Rhonda Wheeler inc,"1,695,200",86
Apr 2017,58,Karen Brendal inc,"337,157",19
Apr 2017,58,Trevor Najera inc,"270,381",14
Apr 2017,58,Walter Stroupe inc,"132,216",7
Apr 2017,58,Michael Devito inc,"127,467",7
Apr 2017,58,Tameka Ray inc,"100,015",4
Apr 2017,60,Lucas Ohara inc,"1,947,340",91
Apr 2017,60,Diane Perez 2 inc,"1,219,283",62
Apr 2017,60,Rafael Goss inc,"1,034,677",45
Apr 2017,60,Virginia Correy inc,"975,203",42
Apr 2017,60,Mary James 10 inc,"914,327",41
Apr 2017,61,Benjamin Elliott 3 inc,"463,561",21
Apr 2017,61,Audrey Thrash inc,"149,294",7
Apr 2017,61,Timothy Johnson 11 inc,"83,984",4
Apr 2017,61,Cecilia Wallick inc,"79,561",3
Apr 2017,61,Alvin Garrison inc,"62,327",3
Apr 2017,62,Richard Jones 18 inc,"478,768",22
Apr 2017,62,Rita Mcreynolds inc,"387,942",22
Apr 2017,62,John Banks 5 inc,"353,511",19
Apr 2017,62,Jodi Doe inc,"271,385",12
Apr 2017,62,Rosemary Silva inc,"271,112",14
Apr 2017,63,Nestor Wright inc,"649,822",29
Apr 2017,63,Johnathan Oldham inc,"519,873",25
Apr 2017,63,Jon Creasey inc,"370,912",19
Apr 2017,63,Raul Arroyo inc,"262,989",12
Apr 2017,63,Robert Boyette inc,"258,844",13
Apr 2017,64,Edgar Johnson 3 inc,"569,512",27
Apr 2017,64,Terri Gamez inc,"445,772",20
Apr 2017,64,Evelia Rexford inc,"355,898",16
Apr 2017,64,Raymond Wahlberg inc,"342,702",16
Apr 2017,64,Tiffani Creekmore inc,"341,220",17
Apr 2017,65,Richard Boehm inc,"229,388",11
Apr 2017,65,Elton Lemons inc,"180,327",8
Apr 2017,65,Alfred Mcbath inc,"133,237",6
Apr 2017,65,Jennifer Boyes inc,"120,331",7
Apr 2017,65,Carol Mccormick 2 inc,"103,159",4
Apr 2017,66,Manuel Furlong inc,"1,490,696",73
Apr 2017,66,Derrick Phillips 2 inc,"424,833",23
Apr 2017,66,David Jagers inc,"271,014",13
Apr 2017,66,Justin Ganser inc,"248,513",12
Apr 2017,66,Josephine Hauser inc,"248,308",10
Apr 2017,68,Nola Bulow inc,"514,716",24
Apr 2017,68,Jarvis Carrington inc,"310,488",16
Apr 2017,68,Rufus Bowman inc,"278,094",14
Apr 2017,68,Mary Franklin 4 inc,"276,875",13
Apr 2017,68,Tammy Brown 5 inc,"208,285",9
Apr 2017,69,John Miller 7 inc,"170,355,020","8,404"
Apr 2017,69,Henry Barnhill inc,"44,665,026","2,217"
Apr 2017,69,Weston Hendon inc,"30,616,616","1,538"
Apr 2017,69,June Gray inc,"29,891,674","1,480"
Apr 2017,69,Pamela Glass 2 inc,"17,622,510",896
Apr 2017,70,Ileen Niss inc,"427,142",21
Apr 2017,70,Margie Dillard inc,"368,704",17
Apr 2017,70,Suk Appling inc,"259,065",11
Apr 2017,70,Lisa Gillen inc,"223,312",13
Apr 2017,70,Myrna Crump inc,"215,927",9
Apr 2017,71,Anita Pineau inc,"91,442",5
Apr 2017,71,Cindy Perry 2 inc,"89,432",5
Apr 2017,71,Anna Blumberg inc,"78,483",4
Apr 2017,71,Lorene Johnston inc,"76,943",3
Apr 2017,71,Larry Lefever inc,"76,673",4
Apr 2017,73,Kathleen Lavole inc,"537,809",26
Apr 2017,73,Marilyn Conatser inc,"184,880",9
Apr 2017,73,Cynthia Burks inc,"172,054",8
Apr 2017,73,Richard Miller 10 inc,"146,940",7
Apr 2017,73,Linda Damon inc,"131,941",7
Apr 2017,74,Donna Talley 2 inc,"290,078",13
Apr 2017,74,Barbara Forney inc,"234,427",12
Apr 2017,74,Alan Prechtl inc,"156,253",10
Apr 2017,74,Donald Perry 4 inc,"141,834",5
Apr 2017,74,Dorothy Beaver inc,"138,493",7
Apr 2017,75,William Gomez 5 inc,"401,872",19
Apr 2017,75,Angel Raper inc,"348,324",17
Apr 2017,75,James Funk 2 inc,"267,781",12
Apr 2017,75,James Tharp 2 inc,"194,943",10
Apr 2017,75,Everett Hertzler inc,"191,892",11
Apr 2017,76,Bridget Kisner inc,"5,474,427",270
Apr 2017,76,Karen Ohare inc,"1,815,948",90
Apr 2017,76,Valerie Fitch inc,"1,591,912",80
Apr 2017,76,Robert Capo inc,"1,540,042",78
Apr 2017,76,Carolyn Reeves 2 inc,"1,502,362",71
Apr 2017,77,Lewis Abram inc,"197,832",11
Apr 2017,77,David Alto inc,"186,348",11
Apr 2017,77,William Schwerdtfeger inc,"169,853",11
Apr 2017,77,Ursula Martinez inc,"148,740",7
Apr 2017,77,Luis Rembert inc,"135,623",7
Apr 2017,78,Edward Levy inc,"583,377",29
Apr 2017,78,John Offerdahl inc,"578,563",31
Apr 2017,78,Kenneth Mullen inc,"535,044",28
Apr 2017,78,James Nesbit 2 inc,"495,600",28
Apr 2017,78,Humberto Ruiz inc,"460,424",23
Apr 2017,79,Ronald Miller 5 inc,"728,038",34
Apr 2017,79,Sabrina Arnold 2 inc,"511,149",23
Apr 2017,79,Martin Adkins inc,"385,778",18
Apr 2017,79,Gregory Edwards inc,"365,477",19
Apr 2017,79,Mary Weymouth inc,"345,277",16
Apr 2017,80,Clara Leung 2 inc,"299,843",14
Apr 2017,80,Eugene Pell inc,"299,102",15
Apr 2017,80,Theodore Martine inc,"270,032",15
Apr 2017,80,David Espitia inc,"116,931",5
Apr 2017,80,Pearl Khan inc,"113,488",6
Apr 2017,81,Debbie Wilkerson inc,"222,847",10
Apr 2017,81,Maria Heller inc,"135,268",7
Apr 2017,81,Anna Perez 2 inc,"121,723",6
Apr 2017,81,Julie Schultz inc,"116,955",6
Apr 2017,81,Cynthia White 4 inc,"112,037",5
Apr 2017,82,Allen Emmons inc,"445,653",23
Apr 2017,82,Marie Husband inc,"348,767",17
Apr 2017,82,Robert Broyles 2 inc,"314,007",14
Apr 2017,82,Gary Fleeger inc,"160,776",8
Apr 2017,82,Carol Watts inc,"157,470",7
Apr 2017,83,Chad Robinson 4 inc,"312,205",15
Apr 2017,83,Joyce Whitehead inc,"294,121",13
Apr 2017,83,John Mendoza 5 inc,"232,899",11
Apr 2017,83,Virgil Cooper inc,"221,704",9
Apr 2017,83,Carlos Rodriguez inc,"211,335",10
Apr 2017,84,Nichole Wilson inc,"204,847",10
Apr 2017,84,Carmen Rapier inc,"198,478",9
Apr 2017,84,Mark Legault inc,"153,504",6
Apr 2017,84,Margaret Matheny inc,"122,674",6
Apr 2017,84,Daniel Helmick inc,"111,030",4
Apr 2017,85,Kathleen Hodgson inc,"196,546",11
Apr 2017,85,Katherine Beaucage inc,"152,506",6
Apr 2017,85,Bobby Mills inc,"151,943",6
Apr 2017,85,Bernard Nisbett inc,"151,669",10
Apr 2017,85,Joseph Allen 5 inc,"126,992",7
Apr 2017,86,Jared Kirk inc,"244,770",12
Apr 2017,86,David Butler 4 inc,"235,141",11
Apr 2017,86,Carol Thomas 2 inc,"188,707",9
Apr 2017,86,Roxanne Conley inc,"114,214",5
Apr 2017,86,Liana Jordan inc,"111,808",6
Apr 2017,87,Doug Moran inc,"3,932,315",199
Apr 2017,87,Tessie Jaramillo inc,"3,787,864",183
Apr 2017,87,Joe Montgomery inc,"3,746,729",192
Apr 2017,87,Frank Garcia 2 inc,"3,607,284",175
Apr 2017,87,Betty Hunter 2 inc,"2,691,113",142
Apr 2017,88,Heather Ramberg inc,"7,351,605",378
Apr 2017,88,Deidre Bright inc,"6,222,268",308
Apr 2017,88,Samantha Jackson inc,"5,485,928",273
Apr 2017,88,Ronald Hussein inc,"5,171,694",259
Apr 2017,88,Kristen Hurtado inc,"4,689,309",231
Apr 2017,89,George Hicks 2 inc,"174,718",9
Apr 2017,89,Carl Fonseca inc,"173,649",10
Apr 2017,89,James Roderick inc,"73,152",3
Apr 2017,89,Keith Milne inc,"68,399",3
Apr 2017,89,Andrew Zuidema inc,"66,456",4
Apr 2017,90,Brian Moffatt inc,"699,794",33
Apr 2017,90,Kevin Watkins 2 inc,"515,707",25
Apr 2017,90,Brett Dejohn inc,"372,494",18
Apr 2017,90,Anthony Stgeorge inc,"293,842",16
Apr 2017,90,Carlos Ashurst inc,"288,298",13
Apr 2017,91,Juana Bouchard inc,"351,284",21
Apr 2017,91,Robert Rainville inc,"324,719",19
Apr 2017,91,Christine Devine inc,"239,093",12
Apr 2017,91,John Flowers 3 inc,"175,122",9
Apr 2017,91,Ramon Bezanson inc,"170,083",8
Apr 2017,92,Jennifer Pancoast inc,"58,779",3
Apr 2017,92,Gail Smith 3 inc,"58,269",3
Apr 2017,92,Annie Watson 3 inc,"29,444",1
Apr 2017,92,Edwin Credit inc,"26,155",1
Apr 2017,92,Francis Hilbert inc,"24,445",1
Apr 2017,94,Dora Dermody inc,"661,856",35
Apr 2017,94,Zachary Solis inc,"347,703",18
Apr 2017,94,Aida Oliver inc,"249,274",14
Apr 2017,94,Christopher Williams 14 inc,"222,066",12
Apr 2017,94,Cassie Franklin inc,"175,550",7
Apr 2017,96,Wendy Meyer inc,"915,688",37
Apr 2017,96,Karen Holsten inc,"881,939",45
Apr 2017,96,Lane Cross inc,"760,319",36
Apr 2017,96,Terisa Smith inc,"582,345",29
Apr 2017,96,Quinton Nelson inc,"548,234",27
Apr 2017,97,Richard Caskey inc,"1,149,550",56
Apr 2017,97,Beverly Lee inc,"888,074",45
Apr 2017,97,Matthew Robles inc,"314,567",15
Apr 2017,97,David Lightfoot 2 inc,"288,147",17
Apr 2017,97,Edward Goodridge inc,"286,463",14
Apr 2017,98,Tara Miller inc,"489,920",23
Apr 2017,98,Marc Standard inc,"344,136",14
Apr 2017,98,Eugene Sapp inc,"317,011",13
Apr 2017,98,Dwight Alexander inc,"304,045",16
Apr 2017,98,Bobby Rogers inc,"286,959",17
Apr 2017,100,Steven Epps inc,"495,355",26
Apr 2017,100,Candace Morton inc,"427,552",21
Apr 2017,100,Earl Brown 2 inc,"387,282",18
Apr 2017,100,Edward Moore 8 inc,"276,844",15
Apr 2017,100,Heather Travis inc,"240,484",10
Apr 2017,101,Scott Delarosa inc,"418,602",17
Apr 2017,101,Carol Tate inc,"367,271",19
Apr 2017,101,Irma Wallace inc,"337,189",15
Apr 2017,101,Terry Pool inc,"281,875",14
Apr 2017,101,Derek Davis 2 inc,"255,006",13
Apr 2017,102,Barry Hart inc,"694,516",33
Apr 2017,102,Cleta Ro inc,"427,807",18
Apr 2017,102,Kimberly Luna inc,"373,410",16
Apr 2017,102,Troy Centeno inc,"365,992",18
Apr 2017,102,Mary Derby inc,"325,205",15
Apr 2017,103,Austin Talty inc,"301,239",11
Apr 2017,103,Brandon Cerverizzo inc,"139,629",7
Apr 2017,103,David Nelson 9 inc,"128,023",6
Apr 2017,103,Michael Martin 11 inc,"126,455",6
Apr 2017,103,Jason Pescatore inc,"98,251",4
Apr 2017,104,Lillian Riffel inc,"524,747",23
Apr 2017,104,Joseph Jacobs inc,"229,554",13
Apr 2017,104,James Thomas 20 inc,"177,397",9
Apr 2017,104,James Ford 4 inc,"162,998",8
Apr 2017,104,Jeffery Wills inc,"141,604",6
Apr 2017,105,Eusebio Steese inc,"694,540",35
Apr 2017,105,Chery Brown inc,"270,069",11
Apr 2017,105,Heather Felton inc,"266,792",13
Apr 2017,105,Robert Hartman inc,"235,457",13
Apr 2017,105,Kyle Kane inc,"210,874",10
Apr 2017,106,Antonia Greenberg inc,"285,641",16
Apr 2017,106,Thomas Crowe 2 inc,"235,454",11
Apr 2017,106,Nancy Padilla inc,"138,938",6
Apr 2017,106,Bryan Porterfield inc,"130,476",7
Apr 2017,106,Marsha Cowan inc,"111,730",5
Apr 2017,107,Julius Kutz inc,"3,146,067",160
Apr 2017,107,Tim Crosby inc,"2,086,348",102
Apr 2017,107,Michael Truelove inc,"1,346,078",65
Apr 2017,107,Mary Duke 3 inc,"980,434",48
Apr 2017,107,Kimberly Subido inc,"719,231",33
Apr 2017,108,Suzanne Hammond inc,"332,675",16
Apr 2017,108,Daniel Jackson 9 inc,"137,960",5
Apr 2017,108,Cynthia Saechao inc,"117,224",5
Apr 2017,108,Virginia Weymouth inc,"106,549",6
Apr 2017,108,Opal Love inc,"105,946",5
Apr 2017,109,Lucille Knights inc,"786,480",38
Apr 2017,109,Jose Ortega inc,"494,011",28
Apr 2017,109,James Rodriguez 23 inc,"325,717",15
Apr 2017,109,Dorothy Park inc,"300,168",12
Apr 2017,109,Maria Jobson inc,"264,134",15
Apr 2017,110,Donna Gonzalez 4 inc,"3,070,724",139
Apr 2017,110,Mae Brown inc,"857,545",41
Apr 2017,110,Connie Thompson 2 inc,"802,257",39
Apr 2017,110,Wanda Hill inc,"645,904",33
Apr 2017,110,Alvin Lucero inc,"518,961",28
Apr 2017,111,John Poremski inc,"349,404",18
Apr 2017,111,Robert Flores 6 inc,"292,186",17
Apr 2017,111,Bruce Hudson inc,"232,871",12
Apr 2017,111,Robert Baker 9 inc,"228,837",13
Apr 2017,111,Bertha Walton inc,"199,610",12
Apr 2017,112,Douglas Richner inc,"220,556",12
Apr 2017,112,Randy Coffland inc,"210,368",9
Apr 2017,112,Linda Black inc,"197,208",9
Apr 2017,112,Tracy Mathews inc,"182,205",6
Apr 2017,112,Michael Brotherton inc,"144,733",6
Apr 2017,113,Edward Howell inc,"216,874",11
Apr 2017,113,Mary Montgomery 4 inc,"172,565",8
Apr 2017,113,Arlene Lehmberg inc,"139,641",11
Apr 2017,113,Marlin Johnson inc,"134,898",7
Apr 2017,113,Ellen Foersterling inc,"120,353",6
Apr 2017,114,Joann Vidinha inc,"280,084",17
Apr 2017,114,Kellie Aguilar inc,"228,370",11
Apr 2017,114,Leonard Crawford inc,"219,467",11
Apr 2017,114,Estella Bewick inc,"189,633",7
Apr 2017,114,Derrick Salmon inc,"163,736",7
Apr 2017,115,John Campbell 11 inc,"446,566",21
Apr 2017,115,Johnny Ahmed inc,"275,751",14
Apr 2017,115,Tina Shipley inc,"266,969",10
Apr 2017,115,Virginia Grissom inc,"239,951",11
Apr 2017,115,Alicia King 2 inc,"208,699",10
Apr 2017,116,Mildred Leitheiser inc,"1,310,616",67
Apr 2017,116,Matthew Barnett 3 inc,"1,189,000",57
Apr 2017,116,Ruby Conley inc,"1,041,209",48
Apr 2017,116,Chad Tobar inc,"862,288",40
Apr 2017,116,Novella Yates inc,"845,959",38
Apr 2017,117,Theresa Martin 3 inc,"2,769,011",134
Apr 2017,117,Dion Cantu inc,"1,875,995",90
Apr 2017,117,Michael Farruggio inc,"1,870,176",91
Apr 2017,117,Catherine Tanner inc,"1,367,665",67
Apr 2017,117,Janet Hackney inc,"1,034,510",48
Apr 2017,118,Cristy Key inc,"155,290",6
Apr 2017,118,Josh Williams inc,"123,790",6
Apr 2017,118,Ashley Keith inc,"111,170",5
Apr 2017,118,Malinda Dierking inc,"100,583",4
Apr 2017,118,Isabella Roscoe inc,"90,618",4
Apr 2017,119,Betty Sanford inc,"298,989",15
Apr 2017,119,James David 2 inc,"266,115",12
Apr 2017,119,Jason Pappas inc,"257,005",11
Apr 2017,119,Ken Swanson inc,"201,037",10
Apr 2017,119,May Stephens inc,"191,078",9
Apr 2017,120,Denise Fowler 2 inc,"242,113",12
Apr 2017,120,Sandra Summers inc,"235,122",11
Apr 2017,120,Timothy Blackman inc,"233,175",15
Apr 2017,120,Mark Hines inc,"169,888",9
Apr 2017,120,Kenneth Lewis 3 inc,"153,218",6
Apr 2017,122,Karen Holsten inc,"119,169",9
Apr 2017,122,Alice Green 2 inc,"88,889",4
Apr 2017,122,Vanessa Estevez inc,"64,553",3
Apr 2017,122,Summer Parker inc,"64,151",4
Apr 2017,122,Terisa Smith inc,"49,857",3
Apr 2017,123,Rita Barber inc,"476,857",23
Apr 2017,123,Alan Shannon inc,"387,948",20
Apr 2017,123,Katharine Mathews inc,"263,896",17
Apr 2017,123,Linda Stoeffler inc,"247,607",10
Apr 2017,123,Cecila Ragusa inc,"210,848",11
Apr 2017,124,Micheal Thompson inc,"413,825",19
Apr 2017,124,Richard Blevins inc,"346,738",16
Apr 2017,124,Ellsworth Shubert inc,"278,357",14
Apr 2017,124,Queen Sawyer inc,"242,148",11
Apr 2017,124,Weston Cyree inc,"198,925",9
Apr 2017,125,Alton Ayala inc,"443,923",21
Apr 2017,125,Anthony Cain 2 inc,"398,803",19
Apr 2017,125,Deanna Reinhart inc,"391,865",21
Apr 2017,125,Heather Bayless inc,"353,257",16
Apr 2017,125,Brent Higgins inc,"337,517",18
Apr 2017,126,Kristi Radford inc,"547,312",26
Apr 2017,126,Oscar Nelson 2 inc,"519,322",25
Apr 2017,126,Alice Freitag inc,"511,477",22
Apr 2017,126,Lorena Snowden inc,"373,774",21
Apr 2017,126,Raymond Lansdell inc,"354,780",18
Apr 2017,128,Lisa Macki inc,"337,490",17
Apr 2017,128,Eva Moffat inc,"289,516",14
Apr 2017,128,Virginia Harris inc,"188,244",11
Apr 2017,128,Vivian Hunter inc,"176,580",8
Apr 2017,128,Pamela Pickett inc,"176,193",10
Apr 2017,129,Jackson Tweedy inc,"455,066",24
Apr 2017,129,Barbara Sasaki inc,"373,269",21
Apr 2017,129,Sabrina Holley inc,"357,275",20
Apr 2017,129,Robert Dockery inc,"330,956",16
Apr 2017,129,Beverly Johnson 3 inc,"258,660",14
Apr 2017,130,Virginia Mustafa inc,"158,576",8
Apr 2017,130,William Reynolds 5 inc,"59,647",2
Apr 2017,130,Anthony Lai inc,"57,315",3
Apr 2017,130,John Simpson 7 inc,"42,942",2
Apr 2017,130,Michele Walters inc,"41,302",2
Apr 2017,131,Christian Penn inc,"1,010,786",50
Apr 2017,131,Bill Brainard inc,"751,648",39
Apr 2017,131,James Orrick inc,"666,681",31
Apr 2017,131,Christen Harlow inc,"499,775",23
Apr 2017,131,Brittany Harden inc,"266,800",12
Apr 2017,133,Dean Noggle inc,"359,922",19
Apr 2017,133,George Cecchini inc,"214,477",10
Apr 2017,133,Geneva Baez inc,"180,018",7
Apr 2017,133,Stephanie Obrien inc,"117,817",5
Apr 2017,133,Andrea Grubbs inc,"117,059",7
Apr 2017,135,Michael King 9 inc,"914,251",43
Apr 2017,135,Phillip Carlson inc,"483,156",22
Apr 2017,135,Isaiah Wilkinson inc,"368,520",17
Apr 2017,135,James Mccarty inc,"347,322",17
Apr 2017,135,Hugh Ford inc,"269,405",13
Apr 2017,136,Boyd Delosh inc,"819,152",39
Apr 2017,136,Justin Pellicone inc,"416,547",23
Apr 2017,136,Michelle Delrio inc,"329,319",17
Apr 2017,136,Jennifer Brown 8 inc,"313,376",17
Apr 2017,136,John Marsaw inc,"282,117",14
Apr 2017,137,George Caporiccio inc,"6,757,409",342
Apr 2017,137,Charles Cota inc,"6,387,888",301
Apr 2017,137,Liana Ramos inc,"5,094,228",256
Apr 2017,137,Rebecca Ross inc,"3,537,445",173
Apr 2017,137,Charlie Harwood inc,"2,569,475",121
Apr 2017,138,Barbara Brantly inc,"2,039,514",110
Apr 2017,138,Jessica Wilson inc,"1,264,131",62
Apr 2017,138,Ricardo Simpson inc,"876,341",45
Apr 2017,138,Elizabeth Pennington inc,"807,431",37
Apr 2017,138,Carol Martin 4 inc,"626,051",32
Apr 2017,139,Irene Rutledge inc,"433,488",23
Apr 2017,139,Jean Rogers 2 inc,"244,655",15
Apr 2017,139,Pamela Brown 6 inc,"240,695",13
Apr 2017,139,Patricia Ross 4 inc,"206,376",11
Apr 2017,139,Robert Horstman inc,"155,150",8
Apr 2017,140,Janet Mendiola inc,"2,426,818",120
Apr 2017,140,Robert Molina 2 inc,"1,217,951",62
Apr 2017,140,Alice Williamson inc,"955,828",43
Apr 2017,140,Chad Tobar inc,"885,063",47
Apr 2017,140,Ella Rose 2 inc,"838,154",40
Apr 2017,142,Manuel Lanehart inc,"384,852",16
Apr 2017,142,Adrian Farley inc,"137,833",6
Apr 2017,142,Steve Swartz inc,"134,743",6
Apr 2017,142,Joe Stagg inc,"98,972",4
Apr 2017,142,James Beers inc,"78,740",3
Apr 2017,143,Scott Hepburn inc,"6,877,251",339
Apr 2017,143,Alan Eisenhower inc,"6,366,675",313
Apr 2017,143,Rose Garner inc,"5,084,694",255
Apr 2017,143,Rashida Hernandez inc,"4,240,745",203
Apr 2017,143,Christopher Parr inc,"2,992,931",147
Apr 2017,144,Kristofer Oquinn inc,"366,334",19
Apr 2017,144,Paula Moyer inc,"282,431",13
Apr 2017,144,Melvin Haro inc,"266,115",13
Apr 2017,144,Andres Knight inc,"238,881",12
Apr 2017,144,William Baca inc,"161,408",6
Apr 2017,145,Martin Long inc,"538,619",26
Apr 2017,145,Helen Brown 6 inc,"492,373",23
Apr 2017,145,Murray Perry inc,"348,311",13
Apr 2017,145,Sandra Ryan inc,"247,460",11
Apr 2017,145,Matt Harris inc,"199,081",10
Apr 2017,146,Mary Kirby 2 inc,"428,658",21
Apr 2017,146,Jeffery Lemon inc,"189,689",8
Apr 2017,146,Julie Davis 3 inc,"183,313",10
Apr 2017,146,Karen Bolger inc,"165,231",7
Apr 2017,146,Sandra Kalkman inc,"139,066",7
Apr 2017,147,Rachel Kennedy 2 inc,"1,003,117",46
Apr 2017,147,Patricia Dodson inc,"708,633",36
Apr 2017,147,Emma Laird inc,"651,176",31
Apr 2017,147,Trevor Dean inc,"448,454",21
Apr 2017,147,Thomas Chipps inc,"447,663",23
Apr 2017,148,Christopher Mcdonald inc,"600,054",29
Apr 2017,148,Tricia Dozier inc,"524,453",25
Apr 2017,148,Floyd Head inc,"386,440",19
Apr 2017,148,Mary Davis 30 inc,"194,561",10
Apr 2017,148,Cesar Crawford inc,"155,539",7
Apr 2017,149,Alexandria Sarmiento inc,"4,880,773",239
Apr 2017,149,Kenneth Larson inc,"3,774,255",187
Apr 2017,149,Jerold Caldwell inc,"2,442,298",123
Apr 2017,149,Kelly Perez 2 inc,"2,127,383",101
Apr 2017,149,George Asante inc,"2,091,548",97
Apr 2017,150,Effie Mayfield inc,"516,745",28
Apr 2017,150,William Trotter inc,"334,139",14
Apr 2017,150,Michael Coster inc,"279,411",12
Apr 2017,150,Joe Joiner 2 inc,"248,650",11
Apr 2017,150,Deborah Stewart 3 inc,"220,793",13
Apr 2017,151,Cleo Shapiro inc,"373,032",15
Apr 2017,151,Vicki Valenzuela inc,"142,026",7
Apr 2017,151,Jeanette Wilkinson inc,"108,712",5
Apr 2017,151,Shakita Jones inc,"104,800",4
Apr 2017,151,Ilene Park inc,"101,085",4
Apr 2017,153,John Cade 2 inc,"324,699",13
Apr 2017,153,Gary Neri inc,"312,080",16
Apr 2017,153,Jimmy Scully inc,"272,009",12
Apr 2017,153,Martha Goldstein inc,"158,343",7
Apr 2017,153,Joseph Davanzo inc,"122,504",7
Apr 2017,155,Tracie Pennington inc,"481,032",24
Apr 2017,155,Manuel Edwards inc,"434,461",23
Apr 2017,155,Donald Barros inc,"415,186",21
Apr 2017,155,Lena Napolitano inc,"344,157",19
Apr 2017,155,Chang Harvilla inc,"341,052",17
Apr 2017,156,Christopher Butts 2 inc,"692,567",37
Apr 2017,156,Pamela Griffin inc,"481,999",25
Apr 2017,156,Dorothy Miesch inc,"436,430",21
Apr 2017,156,Gary Finley inc,"312,495",15
Apr 2017,156,Bart Massey inc,"271,625",13
Apr 2017,157,Helen Burnsworth inc,"1,153,118",56
Apr 2017,157,Loree Hansen inc,"454,128",21
Apr 2017,157,Pearl Stone inc,"433,462",22
Apr 2017,157,Robert Jenkins 7 inc,"279,144",14
Apr 2017,157,Christopher Mcwilliams inc,"258,456",15
Apr 2017,158,Darryl Revak inc,"11,403,268",575
Apr 2017,158,Dee Gallager inc,"11,072,326",552
Apr 2017,158,Robert Cruz 2 inc,"6,798,467",331
Apr 2017,158,Michael Frieden inc,"6,548,570",324
Apr 2017,158,Domingo Harper inc,"5,516,245",270
Apr 2017,159,Roy Coats inc,"1,319,606",71
Apr 2017,159,Lorenzo Hawkins inc,"701,687",32
Apr 2017,159,Monique Armstrong inc,"631,351",35
Apr 2017,159,Mary Hudspeth inc,"590,752",26
Apr 2017,159,Sean Groover inc,"417,016",21
Apr 2017,160,Richard Mccabe inc,"8,069,828",402
Apr 2017,160,Eliz Prater inc,"4,552,608",229
Apr 2017,160,Patricia Sharp 2 inc,"2,860,718",141
Apr 2017,160,Donna Croshaw inc,"2,649,749",135
Apr 2017,160,Laurena Parks inc,"2,141,076",102
Apr 2017,161,Joyce Fletcher inc,"1,686,676",82
Apr 2017,161,Delbert Plater inc,"1,483,984",76
Apr 2017,161,Claire Mcclendon inc,"1,210,631",59
Apr 2017,161,William Boyle inc,"870,401",47
Apr 2017,161,Carol Hardy 2 inc,"814,146",43
Apr 2017,162,Maureen Werre inc,"472,488",21
Apr 2017,162,Christopher Servais inc,"405,430",20
Apr 2017,162,Sanford Myers inc,"390,539",19
Apr 2017,162,Jennifer Rudio inc,"381,367",21
Apr 2017,162,Allen Wiersma inc,"304,240",17
Apr 2017,163,Dale Lotzer inc,"564,906",30
Apr 2017,163,Sharon Jones 15 inc,"360,482",18
Apr 2017,163,Kathy Briggs inc,"289,297",14
Apr 2017,163,Gregg Plourde inc,"282,251",12
Apr 2017,163,Linda Rogers 6 inc,"265,321",16
Apr 2017,165,Michael Mabry inc,"232,347",13
Apr 2017,165,Pat Harper inc,"227,119",11
Apr 2017,165,David Blackwell inc,"215,521",10
Apr 2017,165,Tyrone Malone inc,"209,879",11
Apr 2017,165,Frank Vue inc,"161,510",9
Apr 2017,166,Opal Siegel inc,"319,843",13
Apr 2017,166,Michelle Marrero 2 inc,"259,426",12
Apr 2017,166,Linda Ready inc,"200,113",10
Apr 2017,166,Cheryl Boone inc,"191,262",7
Apr 2017,166,Rodney Hatton inc,"183,153",9
Apr 2017,167,Betty Brown 9 inc,"763,331",39
Apr 2017,167,Judith Korn inc,"256,214",12
Apr 2017,167,Marion Greer inc,"205,163",10
Apr 2017,167,Tim Mimms inc,"158,128",8
Apr 2017,167,Sadie Smith 3 inc,"141,247",6
Apr 2017,168,Mary Gallegos 2 inc,"930,695",45
Apr 2017,168,David Reyes 2 inc,"507,165",22
Apr 2017,168,Kim Hartly inc,"421,189",16
Apr 2017,168,Richard James 5 inc,"398,340",20
Apr 2017,168,Betty Allums inc,"330,757",17
Apr 2017,169,Louis Mccall inc,"1,146,480",54
Apr 2017,169,Helen Mckean inc,"1,146,470",62
Apr 2017,169,Barbara Enfinger inc,"1,113,884",56
Apr 2017,169,Son Abraham inc,"957,900",47
Apr 2017,169,Tom Judge inc,"912,817",44
Apr 2017,170,Mamie James inc,"571,867",27
Apr 2017,170,Thelma Metayer inc,"419,223",21
Apr 2017,170,Joey Barrett inc,"252,485",11
Apr 2017,170,Reyes Milford inc,"216,432",10
Apr 2017,170,Thomas Phillips 5 inc,"174,482",7
Apr 2017,171,Sandra Wells inc,"1,319,268",67
Apr 2017,171,David Holmes 4 inc,"894,325",50
Apr 2017,171,Bryan Harris 4 inc,"623,305",34
Apr 2017,171,Sabra Underdown inc,"430,685",22
Apr 2017,171,Leanora Marshall inc,"378,228",15
Apr 2017,172,Jennie Gibbs inc,"361,236",19
Apr 2017,172,Emily Hill 2 inc,"360,947",19
Apr 2017,172,Bobby Schaff inc,"340,495",17
Apr 2017,172,Michael Wilkowitz inc,"267,574",12
Apr 2017,172,Thomas Howard 3 inc,"250,162",12
Apr 2017,173,Robert Doyle 3 inc,"989,084",51
Apr 2017,173,Yolanda Panzarella inc,"809,534",44
Apr 2017,173,Raleigh Gracia inc,"510,139",27
Apr 2017,173,Betty Mcelvaine inc,"476,406",26
Apr 2017,173,Jorge Russell inc,"421,034",20
Apr 2017,174,Cody Leonard inc,"838,023",41
Apr 2017,174,Karen Coffman inc,"480,208",21
Apr 2017,174,Eddie Nobles inc,"384,100",19
Apr 2017,174,Nancy Mckeown inc,"374,144",20
Apr 2017,174,Debra Rose 2 inc,"350,452",19
Apr 2017,175,Judy Fujimoto inc,"411,143",23
Apr 2017,175,Karen Wallace 2 inc,"408,982",19
Apr 2017,175,Eugene Santelli inc,"307,510",14
Apr 2017,175,Pauline Burdette inc,"239,704",13
Apr 2017,175,Christy Ryan inc,"208,457",11
Apr 2017,178,Maria Allen 4 inc,"222,232",11
Apr 2017,178,Fred Guinn inc,"69,995",3
Apr 2017,178,Hillary Wells inc,"68,938",5
Apr 2017,178,Lamont Miyashiro inc,"64,343",3
Apr 2017,178,William Miller 18 inc,"56,775",2
Apr 2017,179,Michael Swirsky inc,"5,267,579",256
Apr 2017,179,Gladys Castillo inc,"1,313,692",66
Apr 2017,179,Judy Lutz inc,"1,160,946",59
Apr 2017,179,Alan Poe inc,"1,084,869",52
Apr 2017,179,Elizabeth Kenison inc,"983,019",47
Apr 2017,180,Anna Harrison inc,"656,246",37
Apr 2017,180,Denise Sievers inc,"306,859",14
Apr 2017,180,Alexandra Green inc,"227,793",12
Apr 2017,180,Rachel Biggs inc,"219,177",11
Apr 2017,180,Matthew Johnson 11 inc,"166,107",9
Apr 2017,181,Juan Walsh 2 inc,"1,312,285",70
Apr 2017,181,Gregg Verde inc,"475,071",22
Apr 2017,181,Edith Roll inc,"389,437",21
Apr 2017,181,Ella Harding inc,"354,061",16
Apr 2017,181,Grant Son inc,"328,228",13
Apr 2017,182,Julia Cope inc,"496,502",23
Apr 2017,182,Misty Slaugh inc,"457,756",28
Apr 2017,182,Betty Pew inc,"437,137",23
Apr 2017,182,Jason Lopez 2 inc,"319,340",13
Apr 2017,182,Harold Strand inc,"209,579",10
Apr 2017,183,Shanon Battle inc,"378,525",18
Apr 2017,183,Angela Jackson 5 inc,"249,575",13
Apr 2017,183,John Otoole inc,"204,642",12
Apr 2017,183,Justin Johnstone 2 inc,"169,302",9
Apr 2017,183,Francis Casey inc,"161,456",10
Apr 2017,184,Harold Ames inc,"621,948",30
Apr 2017,184,Tracy Webster inc,"347,566",16
Apr 2017,184,Cheryl Pike inc,"319,495",16
Apr 2017,184,Ralph Nava inc,"277,583",13
Apr 2017,184,Julie Hambrick inc,"209,246",14
Apr 2017,185,Sebastian Molino inc,"11,960",1
Apr 2017,186,Larry Reid inc,"457,309",23
Apr 2017,186,Brett Richardson inc,"368,977",17
Apr 2017,186,Christine Paulino inc,"264,173",12
Apr 2017,186,David Zapata inc,"258,536",10
Apr 2017,186,George Caruthers inc,"196,829",9
Apr 2017,187,Joseph Miles inc,"318,704",14
Apr 2017,187,Trudie Baker inc,"288,592",13
Apr 2017,187,Leonard Barredo inc,"177,938",9
Apr 2017,187,Richard Mello 2 inc,"175,289",7
Apr 2017,187,Terence Harstad inc,"174,094",7
Apr 2017,188,Anne Grantham inc,"657,847",32
Apr 2017,188,Joseph Jones 15 inc,"567,170",27
Apr 2017,188,Linda Alexander inc,"505,338",24
Apr 2017,188,James Pittsley inc,"504,339",26
Apr 2017,188,Ryan Widell inc,"469,039",21
Apr 2017,189,Andrew Eastman inc,"1,169,428",59
Apr 2017,189,Gertrude Espinosa inc,"727,745",31
Apr 2017,189,Diane Allen 2 inc,"658,788",34
Apr 2017,189,Christina Chamberlain inc,"634,432",33
Apr 2017,189,Jack Huffman inc,"467,415",22
Apr 2017,190,Jay Hokanson inc,"387,488",18
Apr 2017,190,Bernice Harris inc,"198,265",9
Apr 2017,190,Thomas Voyer inc,"193,339",10
Apr 2017,190,Mark Lewis 5 inc,"193,133",10
Apr 2017,190,Denise Marquez 2 inc,"180,584",9
Apr 2017,191,Frank Lundborg inc,"498,449",24
Apr 2017,191,Bruce Snyder inc,"420,303",17
Apr 2017,191,Patrick Heiden inc,"304,609",17
Apr 2017,191,Thomas Warner inc,"283,801",13
Apr 2017,191,Phillip Lewis 3 inc,"251,072",11
Apr 2017,193,Lisa Plummer inc,"367,117",17
Apr 2017,193,Dorothy Woods inc,"365,394",20
Apr 2017,193,Joseph Mcneal inc,"288,858",14
Apr 2017,193,Renate Snyder inc,"288,668",14
Apr 2017,193,Billy Neally inc,"184,725",10
Apr 2017,194,Alison Magallanes inc,"519,882",29
Apr 2017,194,Jack Doubet inc,"319,409",13
Apr 2017,194,Miranda Neri inc,"226,328",13
Apr 2017,194,Sandra Patterson 2 inc,"178,483",8
Apr 2017,194,Kimberly Peterson 2 inc,"153,226",7
Apr 2017,195,Klara Ibanez inc,"283,615",13
Apr 2017,195,Dion Cantu inc,"244,319",11
Apr 2017,195,John Wright 18 inc,"240,784",11
Apr 2017,195,Theresa Martin 3 inc,"206,300",11
Apr 2017,195,Matthew Aberle inc,"178,347",8
Apr 2017,197,Claudia Rodriguez inc,"498,421",28
Apr 2017,197,Randi Duke inc,"300,459",12
Apr 2017,197,Ella Rose 2 inc,"180,781",8
Apr 2017,197,Lori Mize inc,"180,337",10
Apr 2017,197,Lori Joseph inc,"158,789",7
Apr 2017,198,Charles Fritter inc,"426,120",17
Apr 2017,198,Nancy Foley inc,"394,309",19
Apr 2017,198,Jose Emerson inc,"227,172",9
Apr 2017,198,Mary Griffith inc,"222,308",10
Apr 2017,198,James Brown 40 inc,"195,295",8
Apr 2017,199,Crystal Dwyer inc,"1,399,264",69
Apr 2017,199,Elbert Six inc,"1,256,469",64
Apr 2017,199,Roger Serrano inc,"1,013,890",51
Apr 2017,199,Judy Evans 3 inc,"804,872",41
Apr 2017,199,Daryl Taylor inc,"416,068",23
Apr 2017,200,Sandra Davenport inc,"1,980,652",97
Apr 2017,200,Latanya Crofton inc,"1,247,467",62
Apr 2017,200,Teresa Ellis inc,"1,005,734",50
Apr 2017,200,Gregory Matthews 3 inc,"955,128",48
Apr 2017,200,Paul Cuchares inc,"860,590",41
Apr 2017,201,James Howell 7 inc,"688,218",36
Apr 2017,201,Dawn Jackson 4 inc,"289,649",15
Apr 2017,201,Concepcion Kyle inc,"201,624",12
Apr 2017,201,Patricia Cornish inc,"185,987",11
Apr 2017,201,Jose Butler inc,"179,511",8
Apr 2017,203,Albert Cadwell inc,"605,139",27
Apr 2017,203,Jeffrey Berryman inc,"141,442",6
Apr 2017,203,Rebecca Clift inc,"112,710",5
Apr 2017,203,Henry Nasers inc,"93,394",4
Apr 2017,203,Mark Cottrill inc,"86,937",5
Apr 2017,204,Ruth Newark inc,"243,111",12
Apr 2017,204,Hosea Ray inc,"165,406",6
Apr 2017,204,Josephina Taylor inc,"99,357",6
Apr 2017,204,Yvonne Mallory inc,"80,967",4
Apr 2017,204,Kenneth Yeager inc,"80,172",4
Apr 2017,205,Tyrone Dwaileebe inc,"171,277",7
Apr 2017,205,Ricky Salazar 2 inc,"106,230",5
Apr 2017,205,Todd Ogden inc,"90,212",4
Apr 2017,205,Roberto Szymanski inc,"77,060",4
Apr 2017,205,Mark Bejar inc,"68,922",5
Apr 2017,206,Ryan Gregg inc,"194,352",9
Apr 2017,206,Louise Owens inc,"190,415",10
Apr 2017,206,Treva Padilla inc,"186,452",8
Apr 2017,206,Jonathan Parish inc,"114,141",5
Apr 2017,206,Colleen Gerdes inc,"105,881",5
Apr 2017,207,Clarence Griffin inc,"193,801",10
Apr 2017,207,Cynthia Swamp inc,"117,332",6
Apr 2017,207,Glenn Marshall inc,"106,497",5
Apr 2017,207,Chelsie Hayes inc,"99,406",5
Apr 2017,207,Valerie Martin inc,"62,689",3
Apr 2017,208,Michael Abramson inc,"692,126",31
Apr 2017,208,Dale Skalicky inc,"216,255",11
Apr 2017,208,Jason Ho inc,"198,856",9
Apr 2017,208,Jacqueline Henry inc,"142,178",6
Apr 2017,208,Martha Simpson 2 inc,"137,586",6
Apr 2017,209,Ma Rowlands inc,"903,118",47
Apr 2017,209,Meaghan Saylor inc,"646,054",30
Apr 2017,209,Michael Mincey inc,"335,578",17
Apr 2017,209,Joe Stevens inc,"302,904",15
Apr 2017,209,Cathrine Guerrero inc,"301,145",13
Apr 2017,210,Timothy Godwin inc,"765,412",38
Apr 2017,210,Michael Mocher inc,"636,753",35
Apr 2017,210,John Bonello inc,"508,630",23
Apr 2017,210,Felipe Erickson inc,"504,104",26
Apr 2017,210,Gary Goff inc,"491,180",20
Apr 2017,211,William Darden inc,"413,341",22
Apr 2017,211,Ryan Charles inc,"290,435",14
Apr 2017,211,Mary Mccord inc,"255,828",13
Apr 2017,211,Karen Beltz inc,"238,777",14
Apr 2017,211,Cathryn Holsopple inc,"206,725",8
Apr 2017,212,Donald Pimental inc,"4,021,202",207
Apr 2017,212,Rebecca Johnson 9 inc,"2,346,113",127
Apr 2017,212,Bernice Pratt inc,"2,288,276",109
Apr 2017,212,Mary Velazquez inc,"2,030,416",92
Apr 2017,212,Lisa Jones 9 inc,"2,027,783",98
Apr 2017,213,Katherine Stickel inc,"2,050,064",101
Apr 2017,213,Ella Rose 2 inc,"1,396,120",66
Apr 2017,213,Elizabeth Thomas 10 inc,"1,378,812",70
Apr 2017,213,Chad Tobar inc,"1,269,558",65
Apr 2017,213,Lori Joseph inc,"1,052,283",52
Apr 2017,214,Daniel Steinbach inc,"348,676",18
Apr 2017,214,Evelyn Reynoso 2 inc,"203,509",12
Apr 2017,214,Rosendo Wallin inc,"186,288",10
Apr 2017,214,Thomas Gillespie 3 inc,"161,258",10
Apr 2017,214,Scott Debroux inc,"159,912",6
Apr 2017,215,Katherine Caldwell inc,"353,742",18
Apr 2017,215,Kirk Adams inc,"92,497",3
Apr 2017,215,Jane Totty inc,"84,651",3
Apr 2017,215,Edwin Taylor 3 inc,"62,937",2
Apr 2017,215,Leonard Tyner inc,"48,084",2
Apr 2017,216,Mary Donati inc,"406,789",20
Apr 2017,216,Helen Acosta inc,"344,426",14
Apr 2017,216,Emma Dutton inc,"244,034",11
Apr 2017,216,Roger Espinoza inc,"231,141",9
Apr 2017,216,Deanna Dudley inc,"229,012",10
Apr 2017,218,Julianne Mchugh inc,"585,588",27
Apr 2017,218,Ronald Abbott 2 inc,"450,976",24
Apr 2017,218,Nina Humphreys inc,"347,071",19
Apr 2017,218,Karisa Pope inc,"227,154",11
Apr 2017,218,Anna Nii inc,"221,491",9
Apr 2017,219,Christopher Marinaccio inc,"528,526",25
Apr 2017,219,Donald Smith 19 inc,"425,191",21
Apr 2017,219,Wendy Strong inc,"381,702",21
Apr 2017,219,Rodney Lichtenberg inc,"357,152",18
Apr 2017,219,Alfreda Mcnaughton inc,"352,707",17
Apr 2017,220,Rose Smith 7 inc,"524,369",26
Apr 2017,220,Megan Robinson 5 inc,"220,096",11
Apr 2017,220,Jaime Joyce inc,"202,501",9
Apr 2017,220,Grace Gorman inc,"194,380",10
Apr 2017,220,Marvin Rivera 2 inc,"182,655",8
Apr 2017,221,Rose Brewer 2 inc,"128,497",7
Apr 2017,221,Vanessa Yepsen inc,"113,878",6
Apr 2017,221,Woodrow James inc,"113,083",6
Apr 2017,221,Pedro Johnston inc,"85,164",4
Apr 2017,221,Samuel Hoover inc,"81,836",5
Apr 2017,222,Melvin Hurt inc,"505,510",21
Apr 2017,222,Jonathon Morrison inc,"288,850",14
Apr 2017,222,Joan Baggesen inc,"200,481",10
Apr 2017,222,Dennis Clancy inc,"114,950",5
Apr 2017,222,Jeffery Brennan inc,"105,875",5
Apr 2017,223,Judy Turner inc,"526,984",26
Apr 2017,223,Gracie Mcmorran inc,"424,795",19
Apr 2017,223,Connie Thompson inc,"272,165",15
Apr 2017,223,Jeffrey Sprankle inc,"233,072",9
Apr 2017,223,Rachel Allman inc,"200,908",11
Apr 2017,224,John Sutton 8 inc,"459,448",25
Apr 2017,224,Ronald Perkins 2 inc,"207,667",9
Apr 2017,224,Deborah Harris 5 inc,"178,757",9
Apr 2017,224,Guillermo Wasson inc,"147,152",7
Apr 2017,224,James Pane inc,"132,585",5
Apr 2017,226,John Rutherford 4 inc,"1,331,541",62
Apr 2017,226,Maggie Rosa inc,"761,220",35
Apr 2017,226,Jaime Marks inc,"610,836",31
Apr 2017,226,Princess White inc,"348,947",17
Apr 2017,226,Joseph Dempsey inc,"334,698",15
Apr 2017,227,Frank Mahler inc,"104,370",5
Apr 2017,227,Lucy Thompson 2 inc,"104,109",6
Apr 2017,227,Domingo Mcarthur inc,"70,352",3
Apr 2017,227,James Holbrook inc,"65,126",4
Apr 2017,227,Emanuel Weissman inc,"61,707",3
Apr 2017,228,Deborah Dampeer inc,"178,642",9
Apr 2017,228,Pablo Laboy inc,"145,903",9
Apr 2017,228,Charlotte Hayward inc,"121,905",5
Apr 2017,228,David Piles inc,"112,424",4
Apr 2017,228,Constance Hubbard inc,"101,019",3
Apr 2017,229,Christina Moralez inc,"452,138",22
Apr 2017,229,Martha Salyer inc,"238,981",12
Apr 2017,229,Anton Greene inc,"224,676",13
Apr 2017,229,Ryan Santos 2 inc,"214,914",9
Apr 2017,229,Muriel Alvarez inc,"205,298",7
Apr 2017,230,Mary Melendez 3 inc,"430,497",20
Apr 2017,230,Allison Burgess inc,"341,161",19
Apr 2017,230,Terry Morris inc,"327,061",15
Apr 2017,230,Rosie Champagne inc,"265,296",10
Apr 2017,230,Jerry Mandrell inc,"211,896",14
Apr 2017,231,Joshua Berryhill inc,"733,040",39
Apr 2017,231,Edward Hebert 3 inc,"672,084",33
Apr 2017,231,Louis Mason inc,"668,170",32
Apr 2017,231,Florence Mitchell 2 inc,"638,130",32
Apr 2017,231,Robert Barfield inc,"543,990",27
Apr 2017,232,Karen Griffin inc,"491,944",20
Apr 2017,232,Whitney Delgado inc,"490,679",23
Apr 2017,232,James Carpenter 7 inc,"479,256",23
Apr 2017,232,Alice Bullinger inc,"449,981",23
Apr 2017,232,Richard Telfer inc,"446,714",23
Apr 2017,233,Chad Tobar inc,"4,254,727",212
Apr 2017,233,Ella Rose 2 inc,"2,166,388",108
Apr 2017,233,John Mcneal 2 inc,"1,823,124",87
Apr 2017,233,Ruth Kohl inc,"1,762,244",85
Apr 2017,233,Lori Joseph inc,"1,609,476",77
Apr 2017,234,Anthony Tobey inc,"501,236",21
Apr 2017,234,Daniel Marshall 7 inc,"482,978",23
Apr 2017,234,Alice Dickerson inc,"402,779",18
Apr 2017,234,Roslyn Lamb inc,"323,348",14
Apr 2017,234,Eva Wise inc,"281,742",12
Apr 2017,235,Peter Adams 3 inc,"162,229",11
Apr 2017,235,Michael Brickner inc,"144,067",8
Apr 2017,235,Irene Frazier inc,"117,034",5
Apr 2017,235,David Morris 4 inc,"94,595",4
Apr 2017,235,Isaac Barnes inc,"88,295",4
Apr 2017,236,Nick Redenius inc,"193,975",11
Apr 2017,236,Chester Franzese inc,"150,339",7
Apr 2017,236,Alice Joyal inc,"120,583",7
Apr 2017,236,Paul Jaggers inc,"120,122",6
Apr 2017,236,Jeremy Adams 3 inc,"113,937",4
Apr 2017,237,Julie Hughes inc,"235,132",11
Apr 2017,237,Bernice Batz inc,"174,198",8
Apr 2017,237,Janet Platner inc,"106,737",4
Apr 2017,237,Craig Osborne inc,"86,685",5
Apr 2017,237,Elizabeth Thompson 5 inc,"69,915",4
Apr 2017,238,Kenneth Kimbler inc,"850,023",48
Apr 2017,238,Robin Forbes inc,"520,200",25
Apr 2017,238,Clyde Scott 2 inc,"404,797",20
Apr 2017,238,Greg Myers inc,"398,644",21
Apr 2017,238,Christopher Smith 19 inc,"341,540",16
Apr 2017,239,Jackson Tallant inc,"314,506",15
Apr 2017,239,Ivelisse Cipriani inc,"305,611",13
Apr 2017,239,Bonnie Gresham inc,"269,653",14
Apr 2017,239,Ulysses Nordman inc,"256,043",11
Apr 2017,239,Dean Arteaga inc,"253,588",12
Apr 2017,240,Gloria Applin inc,"209,248",9
Apr 2017,240,Jessica Baxter inc,"200,552",10
Apr 2017,240,Erick Porter inc,"167,452",8
Apr 2017,240,Victoria Brown 3 inc,"144,564",6
Apr 2017,240,Carol Galbraith inc,"123,876",5
Apr 2017,242,Ada Cough inc,"1,127,929",51
Apr 2017,242,Mae Davis 3 inc,"1,017,893",53
Apr 2017,242,Estella Vidal inc,"636,830",32
Apr 2017,242,John Bordner inc,"507,735",31
Apr 2017,242,John Turner 8 inc,"341,276",15
Apr 2017,244,Vivian Cawthorne inc,"1,787,583",88
Apr 2017,244,Diane Robbins inc,"1,458,450",74
Apr 2017,244,Donald Bacon 2 inc,"1,153,266",52
Apr 2017,244,James Funk 2 inc,"880,328",40
Apr 2017,244,Daniel Wells 2 inc,"663,272",37
Apr 2017,245,Brenda Green 4 inc,"747,481",39
Apr 2017,245,Lindsey Abernethy inc,"461,403",22
Apr 2017,245,Thomas Cassidy inc,"433,492",22
Apr 2017,245,Bobby Bryce inc,"410,524",19
Apr 2017,245,Debra Moncrief inc,"365,405",19
Apr 2017,246,Clarice Potts inc,"2,842,499",133
Apr 2017,246,James Holliday inc,"1,369,025",68
Apr 2017,246,Marc Juckett inc,"1,105,245",54
Apr 2017,246,Brian Larose inc,"1,039,580",52
Apr 2017,246,Gabriel Allen inc,"990,074",45
Apr 2017,247,Alex Couzens inc,"992,268",51
Apr 2017,247,Frederick Uson inc,"649,914",31
Apr 2017,247,Charles Doyle inc,"634,262",29
Apr 2017,247,Mary Schultheis inc,"597,351",29
Apr 2017,247,Jennifer Cunningham 2 inc,"383,244",20
Apr 2017,248,Nicholas Mixer inc,"937,583",44
Apr 2017,248,Tara Hollis inc,"811,310",39
Apr 2017,248,Marie Vaughn inc,"772,843",39
Apr 2017,248,George Wheeler 2 inc,"680,362",33
Apr 2017,248,Katherine Gonce inc,"679,141",34
Apr 2017,250,Edward Campbell 2 inc,"475,335",22
Apr 2017,250,Angela Mcnabb inc,"323,945",19
Apr 2017,250,Patricia Hoang inc,"311,266",14
Apr 2017,250,David Meler inc,"264,599",13
Apr 2017,250,Mary Ruddy inc,"254,940",14
Apr 2017,251,Lola Cramer inc,"1,091,181",54
Apr 2017,251,Rose Mincey inc,"1,021,541",49
Apr 2017,251,Charles Bendel inc,"726,286",36
Apr 2017,251,Ryan Harris 2 inc,"694,459",31
Apr 2017,251,Antonio Joyce inc,"506,617",23
Apr 2017,252,Dale Freyermuth inc,"190,643",7
Apr 2017,252,Ilene Young inc,"162,902",6
Apr 2017,252,Jimmy Kelly inc,"135,372",6
Apr 2017,252,Bonnie Merry inc,"119,996",6
Apr 2017,252,Fredrick Colburn inc,"111,807",5
Apr 2017,253,Karen Fiene inc,"550,610",30
Apr 2017,253,Kathleen Pittman inc,"517,674",25
Apr 2017,253,Dillon Renshaw inc,"374,920",19
Apr 2017,253,Jesse Valazquez inc,"302,651",15
Apr 2017,253,Patricia Ross 3 inc,"226,331",12
Apr 2017,254,Michael Newsom inc,"117,749",7
Apr 2017,254,Paul Hazelton inc,"87,303",4
Apr 2017,254,James Price 6 inc,"81,190",3
Apr 2017,254,Nannette Wermers inc,"80,120",3
Apr 2017,254,John Pinto 2 inc,"78,883",5
Apr 2017,255,Harmony Mathis inc,"578,020",29
Apr 2017,255,Sheryl Wilson inc,"281,084",17
Apr 2017,255,Jeffrey Cawley inc,"271,027",13
Apr 2017,255,Barry Lyons 2 inc,"231,547",9
Apr 2017,255,John Cruz 7 inc,"216,521",10
Apr 2017,256,Leigh Carr inc,"1,247,213",60
Apr 2017,256,Juan Kong inc,"399,201",18
Apr 2017,256,Beatrice Graham inc,"269,474",16
Apr 2017,256,Ralph Palmer inc,"222,495",10
Apr 2017,256,Charles Goede inc,"214,736",11
Apr 2017,258,Chantel Goodermote inc,"198,024",9
Apr 2017,258,Steven Johnson 10 inc,"153,527",9
Apr 2017,258,Michelle Jones 13 inc,"118,633",6
Apr 2017,258,Lina Kelsey inc,"100,027",4
Apr 2017,258,Stacie Lucas inc,"94,680",4
Apr 2017,259,Gerald Mccullough inc,"650,880",34
Apr 2017,259,Allen Jackson 2 inc,"589,851",27
Apr 2017,259,Stephanie Reeves inc,"467,123",24
Apr 2017,259,Anthony Wheeler 2 inc,"456,716",26
Apr 2017,259,Adrienne Hill inc,"388,373",17
Apr 2017,260,Ronald Betcher inc,"461,832",23
Apr 2017,260,William Young 10 inc,"341,743",15
Apr 2017,260,Eloise Paoli inc,"291,968",15
Apr 2017,260,Juanita Gilliam inc,"218,443",11
Apr 2017,260,Jordan Johnson inc,"216,772",11
Apr 2017,261,Samuel Powell inc,"333,434",16
Apr 2017,261,Phillip Justice 2 inc,"292,475",14
Apr 2017,261,Maria Brown 13 inc,"259,785",13
Apr 2017,261,Renaldo Allen inc,"236,951",14
Apr 2017,261,Scott Spiegel inc,"212,581",10
Apr 2017,262,Lora Harrell inc,"338,820",13
Apr 2017,262,Raymond Sylvester inc,"292,000",14
Apr 2017,262,Joshua Finchum inc,"229,111",12
Apr 2017,262,Rosaria Nuzback inc,"212,161",8
Apr 2017,262,Maryann Carson inc,"151,877",7
Apr 2017,263,Donnell Cotto inc,"245,222",12
Apr 2017,263,Joan Miller 2 inc,"147,308",9
Apr 2017,263,David Millay 2 inc,"95,363",4
Apr 2017,263,Nicholas Pearsall inc,"76,379",4
Apr 2017,263,Mary Stroup inc,"74,713",3
Apr 2017,264,Steven Patterson 3 inc,"239,042",12
Apr 2017,264,Erika Legrand inc,"130,290",9
Apr 2017,264,Michael Golden inc,"126,473",6
Apr 2017,264,Judith Roth inc,"118,252",5
Apr 2017,264,Gregory Witt inc,"86,825",4
Apr 2017,265,Michelle Dougherty inc,"372,281",19
Apr 2017,265,Matthew Jackson 3 inc,"299,677",14
Apr 2017,265,Aron Chase inc,"276,246",13
Apr 2017,265,Michael Feinberg inc,"262,706",11
Apr 2017,265,John Mai inc,"227,393",11
Apr 2017,266,Jerry Anderson 2 inc,"206,414",11
Apr 2017,266,Maritza Palumbo inc,"203,469",10
Apr 2017,266,Mae Meyer inc,"164,746",5
Apr 2017,266,Darryl Servin inc,"120,284",5
Apr 2017,266,Jeff Darou inc,"112,388",4
Apr 2017,267,Genesis Barcia inc,"212,730",9
Apr 2017,267,Rebecca Pollard inc,"179,785",8
Apr 2017,267,Maurice Ehret inc,"133,285",10
Apr 2017,267,Patricia Jackson 6 inc,"118,939",5
Apr 2017,267,Julie Young inc,"100,886",5
Apr 2017,268,Sabine King inc,"582,174",29
Apr 2017,268,Carmen Lewis inc,"468,823",23
Apr 2017,268,Ernest Garner inc,"435,372",23
Apr 2017,268,Roy Mccoy inc,"384,317",22
Apr 2017,268,Trudy Harris inc,"373,747",21
Apr 2017,269,Josephine Garrity inc,"262,814",14
Apr 2017,269,Heather Hopkins inc,"146,976",7
Apr 2017,269,Paul Guarnieri inc,"132,367",5
Apr 2017,269,Charles Young 5 inc,"123,377",5
Apr 2017,269,John Ridenhour inc,"90,324",4
Apr 2017,270,Patricia Smith 25 inc,"248,856",14
Apr 2017,270,Christine Montoro inc,"239,697",12
Apr 2017,270,David Park inc,"219,752",9
Apr 2017,270,Frances Beasley inc,"175,243",9
Apr 2017,270,Myrna Hadley inc,"162,596",7
Apr 2017,271,Sharon Mcdaniel inc,"749,052",36
Apr 2017,271,Jame Perez inc,"529,548",23
Apr 2017,271,Jimmy Garcia 2 inc,"506,794",23
Apr 2017,271,Mark Adams 5 inc,"494,408",23
Apr 2017,271,Ann Morrell inc,"491,227",24
Apr 2017,272,David Fitzpatrick inc,"657,842",35
Apr 2017,272,Eloise Davis inc,"399,769",22
Apr 2017,272,Joseph Olson 3 inc,"299,307",14
Apr 2017,272,Francis Sanford 2 inc,"285,121",14
Apr 2017,272,Barbara Tvedt inc,"267,717",11
Apr 2017,273,Antoine Alexander inc,"36,413",2
Apr 2017,273,Wilfred Conboy inc,"26,558",1
Apr 2017,273,Brittany Burnette inc,"23,620",1
Apr 2017,273,Michelle Perez 2 inc,"18,569",1
Apr 2017,273,Ryan Stephens 2 inc,"15,270",1
Apr 2017,274,Doris Babcock inc,"2,522,435",124
Apr 2017,274,Sylvester Wetzel inc,"934,153",44
Apr 2017,274,William Hummel 2 inc,"721,911",34
Apr 2017,274,Austin Edmunds inc,"707,869",37
Apr 2017,274,Jerry Lucy inc,"669,591",28
Apr 2017,275,Frederick Mccammon inc,"274,548",13
Apr 2017,275,Orville Caporiccio inc,"171,638",10
Apr 2017,275,James Mcmilliam inc,"152,658",10
Apr 2017,275,Wade Seider inc,"151,596",5
Apr 2017,275,Brittany Cohn inc,"140,528",6
Apr 2017,276,Odis Hampton inc,"589,512",29
Apr 2017,276,Steven Porter 2 inc,"571,333",28
Apr 2017,276,Ladonna Seelbach inc,"457,209",18
Apr 2017,276,Terri Morse inc,"446,131",22
Apr 2017,276,Joey Johnson inc,"436,380",20
Apr 2017,277,Jonathan Rollins inc,"2,840,785",148
Apr 2017,277,Daniel Phipps 2 inc,"2,245,335",108
Apr 2017,277,Tracie Dempsey inc,"2,137,602",107
Apr 2017,277,Michelle Briscoe inc,"1,420,226",73
Apr 2017,277,James Mastin inc,"1,270,455",63
Apr 2017,278,Sylvia Holler inc,"1,078,307",50
Apr 2017,278,David Fontaine inc,"1,008,424",44
Apr 2017,278,Calvin Severy inc,"583,415",27
Apr 2017,278,Maria Davis 10 inc,"547,443",27
Apr 2017,278,David Smith 45 inc,"312,323",16
Apr 2017,279,Debra Williams 7 inc,"1,225,041",61
Apr 2017,279,Jocelyn Dixon inc,"804,787",37
Apr 2017,279,George Williams 20 inc,"779,957",40
Apr 2017,279,Denise Williams 5 inc,"690,579",34
Apr 2017,279,Beverly Lombard inc,"634,240",30
Apr 2017,280,Clyde Garland inc,"2,032,883",102
Apr 2017,280,John Harris 25 inc,"660,785",35
Apr 2017,280,Vivian Howard inc,"569,340",25
Apr 2017,280,Roy Reyes inc,"338,754",16
Apr 2017,280,Maria Woods inc,"313,428",17
Apr 2017,281,Charles Everett inc,"382,297",20
Apr 2017,281,Pierre Weiner inc,"366,077",18
Apr 2017,281,Sandra Staples inc,"305,662",14
Apr 2017,281,Joy Flaherty inc,"235,719",12
Apr 2017,281,Ceola Morris inc,"235,033",9
Apr 2017,282,Jonathan Crumble inc,"1,213,310",60
Apr 2017,282,Devon Sanders inc,"746,497",35
Apr 2017,282,Fernando Williams inc,"473,884",22
Apr 2017,282,Katherine Cotter inc,"454,582",22
Apr 2017,282,Daron Corley inc,"351,148",18
Apr 2017,283,Christopher Carter 3 inc,"1,555,068",80
Apr 2017,283,Marlin Stroud inc,"1,271,568",62
Apr 2017,283,Jennifer Moody inc,"991,382",49
Apr 2017,283,Sean Rohman inc,"749,687",34
Apr 2017,283,Chad Tobar inc,"674,853",32
Apr 2017,285,Jefferey Smith inc,"292,270",15
Apr 2017,285,Juanita Moss inc,"263,447",12
Apr 2017,285,William Cade inc,"174,175",9
Apr 2017,285,Carolyn Hardy inc,"166,457",9
Apr 2017,285,Gail Dailey inc,"118,527",4
Apr 2017,286,Chris Heath inc,"3,225,783",157
Apr 2017,286,Kevin Hellman inc,"2,012,888",95
Apr 2017,286,Rita Elias inc,"1,702,091",80
Apr 2017,286,Jasmin Morataya inc,"1,343,989",68
Apr 2017,286,Lisa Castillo 2 inc,"1,076,063",54
Apr 2017,287,Sherri Garrison inc,"576,560",28
Apr 2017,287,George Peebles inc,"288,703",12
Apr 2017,287,John Arlington inc,"242,002",12
Apr 2017,287,Wm Evans inc,"231,169",13
Apr 2017,287,Kenneth Washington inc,"152,619",6
Apr 2017,288,Michael Morgan 3 inc,"683,094",36
Apr 2017,288,Wallace Bennett inc,"491,068",27
Apr 2017,288,Steve Crofton inc,"426,211",22
Apr 2017,288,Isidro Pikes inc,"358,871",18
Apr 2017,288,Emily Batton inc,"349,787",16
Apr 2017,289,Sherri Garrison inc,"1,728,786",84
Apr 2017,289,Karla Reyna inc,"1,695,334",95
Apr 2017,289,George Centeno inc,"864,102",45
Apr 2017,289,Willard Conditt inc,"737,675",34
Apr 2017,289,Elnora Cook inc,"635,768",31
Apr 2017,290,Timothy Oneill inc,"255,813",10
Apr 2017,290,Daniel Jones 11 inc,"230,714",11
Apr 2017,290,Guadalupe Schoenfeld inc,"194,589",10
Apr 2017,290,Charles Harris 11 inc,"177,391",8
Apr 2017,290,Lynn Napier 2 inc,"132,374",6
Apr 2017,291,Mary Castillo 2 inc,"1,367,625",63
Apr 2017,291,Efrain Webb inc,"1,135,622",61
Apr 2017,291,Chad Tobar inc,"764,600",36
Apr 2017,291,Elizabeth Gibbs inc,"755,025",36
Apr 2017,291,James Cronin 2 inc,"708,753",35
Apr 2017,292,Rebecca Kim 2 inc,"703,374",36
Apr 2017,292,Gilbert Lowell inc,"535,919",28
Apr 2017,292,Brandon Manns inc,"527,354",22
Apr 2017,292,Scott Uson inc,"337,698",17
Apr 2017,292,Gabriela Cipkowski inc,"311,159",13
Apr 2017,293,Jessica Blackwood inc,"163,333",8
Apr 2017,293,Daniel Johnston 2 inc,"117,457",7
Apr 2017,293,Aileen Coons inc,"74,569",4
Apr 2017,293,Ludie Comerford inc,"68,983",4
Apr 2017,293,Donna Brown 7 inc,"68,568",3
Apr 2017,294,Keith Thomas 2 inc,"362,523",16
Apr 2017,294,Stephanie Cheatham inc,"264,751",14
Apr 2017,294,Ebonie Rodriguez inc,"256,288",14
Apr 2017,294,Phyllis Matthews inc,"186,964",9
Apr 2017,294,Mathew Vogus inc,"170,641",8
Apr 2017,295,Darren Brewer inc,"415,361",21
Apr 2017,295,Jody Minor inc,"309,992",16
Apr 2017,295,William Harrington 3 inc,"269,649",14
Apr 2017,295,Rodney Corp inc,"253,516",12
Apr 2017,295,Annie Camacho inc,"215,417",11
Apr 2017,296,Laura Carter inc,"583,897",33
Apr 2017,296,Larry Mcmanus inc,"504,207",25
Apr 2017,296,Randall Howard inc,"497,176",22
Apr 2017,296,Terry Guillory inc,"412,560",20
Apr 2017,296,Harold Knopp inc,"374,436",21
Apr 2017,297,David Parsons 3 inc,"491,962",24
Apr 2017,297,Nicole Borrero inc,"435,521",20
Apr 2017,297,John Gay 5 inc,"364,190",21
Apr 2017,297,Reginald Rome inc,"346,201",17
Apr 2017,297,Daisy Hunt inc,"335,456",16
Apr 2017,298,Marisa Corbin inc,"202,238",10
Apr 2017,298,Guadalupe Blank inc,"182,631",8
Apr 2017,298,Donna Canfield inc,"134,822",7
Apr 2017,298,Ella Rose 2 inc,"134,431",6
Apr 2017,298,Zachary Mayle inc,"120,107",5
Apr 2017,299,Mildred Tilman inc,"264,957",14
Apr 2017,299,Eric Autrey inc,"262,234",13
Apr 2017,299,Gary Hayes inc,"261,099",14
Apr 2017,299,Kim Sutton inc,"255,205",10
Apr 2017,299,Nathan Sandquist inc,"249,390",14
Apr 2017,300,Rene Roberts 2 inc,"600,907",30
Apr 2017,300,Ruben Frantz inc,"556,694",31
Apr 2017,300,Lorene Johnson 3 inc,"470,381",22
Apr 2017,300,Louise Cheever inc,"420,719",21
Apr 2017,300,Eddie Coyle 2 inc,"386,030",18
Apr 2017,301,Gabrielle Caudel inc,"328,330",14
Apr 2017,301,John Hammond 2 inc,"293,615",12
Apr 2017,301,Juan Jennrich inc,"257,165",13
Apr 2017,301,Joyce Perry inc,"210,906",11
Apr 2017,301,Jennifer Adams 3 inc,"126,551",5
Apr 2017,302,Colin Canelo inc,"1,070,671",54
Apr 2017,302,Albert Smith 10 inc,"856,960",43
Apr 2017,302,Thomas Crouchet inc,"445,336",22
Apr 2017,302,Kevin Starks inc,"440,858",21
Apr 2017,302,Mary Wells 6 inc,"421,002",17
Apr 2017,303,Christine Hill 3 inc,"518,279",24
Apr 2017,303,Marvin Peterman inc,"358,178",17
Apr 2017,303,Joanne Baran inc,"333,607",12
Apr 2017,303,Peter Nelson 4 inc,"246,862",11
Apr 2017,303,Bessie Fulmer inc,"202,480",12
Apr 2017,304,Jill Costa inc,"514,935",24
Apr 2017,304,Heather Brackett inc,"481,707",24
Apr 2017,304,Cordelia Rice inc,"467,361",24
Apr 2017,304,Douglas Mackin inc,"338,093",16
Apr 2017,304,Paul Clemmer inc,"289,504",14
Apr 2017,306,Brenda Bacher inc,"212,305",10
Apr 2017,306,Timothy Sepulveda inc,"185,402",12
Apr 2017,306,Maurice Robertson inc,"170,808",8
Apr 2017,306,Shannon Depuy inc,"122,946",5
Apr 2017,306,Ruby Armstead inc,"110,664",6
Apr 2017,307,John Kluender inc,"555,242",28
Apr 2017,307,Allie Lynch inc,"236,719",11
Apr 2017,307,Gary Garcia 5 inc,"149,480",8
Apr 2017,307,Theresa Lamb inc,"133,017",6
Apr 2017,307,Floyd Lemay inc,"132,617",8
Apr 2017,308,Roy Lavine inc,"646,124",31
Apr 2017,308,Fannie Baltimore inc,"604,287",30
Apr 2017,308,Reed Williams inc,"565,621",24
Apr 2017,308,Frances Fritz inc,"465,873",19
Apr 2017,308,Anthony Lewis 5 inc,"399,465",20
Apr 2017,309,Joel Seger inc,"317,368",16
Apr 2017,309,Christopher Frazier 2 inc,"204,775",9
Apr 2017,309,David Aucoin inc,"166,687",9
Apr 2017,309,John Reeves 4 inc,"117,109",5
Apr 2017,309,Vernon Zeigler inc,"109,794",5
Apr 2017,310,Barbara Thomas 9 inc,"357,335",16
Apr 2017,310,Briana Powell inc,"278,443",14
Apr 2017,310,Alvin Moodie inc,"239,976",11
Apr 2017,310,Michael Hammond inc,"203,051",8
Apr 2017,310,Patricia Smith 24 inc,"201,226",9
Apr 2017,311,Janet Baker 2 inc,"433,883",21
Apr 2017,311,Walter May inc,"358,069",17
Apr 2017,311,Michael Dunlop inc,"263,513",14
Apr 2017,311,Carole West inc,"255,226",12
Apr 2017,311,Joseph Wade 2 inc,"220,483",10
Apr 2017,312,Oscar Carter inc,"288,875",14
Apr 2017,312,Tony Butler inc,"278,647",12
Apr 2017,312,David Taylor 12 inc,"196,892",11
Apr 2017,312,Jeremy Boston inc,"194,916",8
Apr 2017,312,Thomas Diaz 2 inc,"190,101",8
Apr 2017,313,Danny Lupien inc,"425,118",24
Apr 2017,313,Catherine Hogan inc,"274,891",12
Apr 2017,313,Oscar Barlow inc,"236,674",9
Apr 2017,313,Linda Armendarez inc,"214,127",8
Apr 2017,313,Josephine Hartnett inc,"171,596",6
Apr 2017,314,Erna Dahlgren inc,"883,459",37
Apr 2017,314,Jeffery Aguilar 2 inc,"863,426",49
Apr 2017,314,Charles Dallas inc,"741,749",45
Apr 2017,314,Lloyd Brink inc,"715,098",34
Apr 2017,314,Florence Shaver inc,"691,038",32
Apr 2017,315,Lester Marcum inc,"169,902",8
Apr 2017,315,William Howlin inc,"112,569",4
Apr 2017,315,Henry Wilke inc,"76,618",3
Apr 2017,315,Brenda Myers inc,"73,081",3
Apr 2017,315,Susanne Murray inc,"62,723",2
Apr 2017,318,Jose Penn inc,"383,699",18
Apr 2017,318,Valerie Hutchinson inc,"326,847",16
Apr 2017,318,Jean Vandusen inc,"285,470",12
Apr 2017,318,Ramona Clark inc,"257,329",12
Apr 2017,318,Ryan Malina inc,"248,362",11
Apr 2017,319,Patricia Jackson 4 inc,"76,966",3
Apr 2017,319,Garry Raines inc,"59,111",3
Apr 2017,319,Janet London inc,"45,517",2
Apr 2017,319,Donna Monica inc,"42,415",2
Apr 2017,319,Carol Martin 4 inc,"40,311",3
Apr 2017,320,Tom Benavidez inc,"2,604,192",122
Apr 2017,320,Edwin Riley inc,"837,605",38
Apr 2017,320,Janice Whiteman inc,"668,526",28
Apr 2017,320,Derek Loftis inc,"631,897",29
Apr 2017,320,Arthur Dove inc,"516,666",26
Apr 2017,321,Steven Hisey inc,"225,794",10
Apr 2017,321,Joseph Funk inc,"184,250",8
Apr 2017,321,Janice Wessel inc,"114,911",5
Apr 2017,321,Lara Pettit inc,"95,938",4
Apr 2017,321,John Longoria inc,"92,082",4
Apr 2017,322,Quinton Elizarraras inc,"1,706,875",79
Apr 2017,322,Andrea Hartman inc,"1,313,714",68
Apr 2017,322,Allen Poulton inc,"879,426",48
Apr 2017,322,Kristin Garrett inc,"759,923",35
Apr 2017,322,Christopher Chinzi inc,"661,630",33
Apr 2017,323,Ruben Lopez inc,"933,286",45
Apr 2017,323,Michael Wheeler 8 inc,"586,778",30
Apr 2017,323,Daniel Gifford inc,"239,204",11
Apr 2017,323,Michael Sosa inc,"202,692",10
Apr 2017,323,Willie Hudson inc,"193,671",8
Apr 2017,325,Dennis Terrance inc,"771,748",37
Apr 2017,325,Christopher Pinneo inc,"591,022",29
Apr 2017,325,Craig Rehm inc,"412,182",20
Apr 2017,325,Catherine Davis 5 inc,"248,852",13
Apr 2017,325,Francine Legions inc,"238,682",12
Apr 2017,326,Robert Keith 3 inc,"254,503",10
Apr 2017,326,Claris Kellem inc,"200,734",9
Apr 2017,326,Nancy Hill 5 inc,"157,493",11
Apr 2017,326,Richard Markle inc,"150,208",7
Apr 2017,326,Elizabeth Crist inc,"109,408",5
Apr 2017,327,Arthur Cobb 3 inc,"175,092",7
Apr 2017,327,Marla Hadfield inc,"173,839",8
Apr 2017,327,Karen Briggs inc,"90,578",6
Apr 2017,327,Christina Baylon inc,"85,347",5
Apr 2017,327,James Ellsworth inc,"68,512",3
Apr 2017,328,William Darling inc,"612,822",28
Apr 2017,328,Jo Davis inc,"262,427",12
Apr 2017,328,Samira Cervantes inc,"210,597",9
Apr 2017,328,Bernadette Padron inc,"197,307",10
Apr 2017,328,Matthew Seldon inc,"181,317",9
Apr 2017,329,Kristen Woods inc,"646,103",32
Apr 2017,329,Stephanie Bagaoisan inc,"511,633",27
Apr 2017,329,Elmer Meek inc,"355,487",16
Apr 2017,329,Victor Davenport 2 inc,"309,280",14
Apr 2017,329,Robert Olson 4 inc,"301,800",15
Apr 2017,330,Karen Pate inc,"353,002",18
Apr 2017,330,Carla Rathburn inc,"309,885",17
Apr 2017,330,Nathaniel Hightower inc,"227,255",11
Apr 2017,330,Sandra Buckner inc,"204,870",11
Apr 2017,330,Hugh Gale inc,"195,144",8
Apr 2017,331,Valerie Martin 2 inc,"7,850,574",377
Apr 2017,331,Antoine Alexander inc,"7,383,043",365
Apr 2017,331,Jean Jolley inc,"5,381,452",267
Apr 2017,331,Ryan Stephens 2 inc,"4,096,985",205
Apr 2017,331,Georgine Heard inc,"3,290,907",165
Apr 2017,333,Joseph Proctor inc,"4,386,394",217
Apr 2017,333,Teresa Begley inc,"3,074,609",166
Apr 2017,333,Vincent Peterson 2 inc,"2,129,198",99
Apr 2017,333,Clarence Griffin inc,"1,777,376",88
Apr 2017,333,Naomi Day inc,"1,541,583",73
Apr 2017,334,Brianna Derrick inc,"907,057",45
Apr 2017,334,Mary Siegel inc,"748,392",39
Apr 2017,334,Jeffrey Bock inc,"681,231",32
Apr 2017,334,Megan Brackeen inc,"604,287",30
Apr 2017,334,Noella Vansickle inc,"492,125",23
Apr 2017,335,Catherine Tanner inc,"360,953",17
Apr 2017,335,Yolanda Jones 3 inc,"274,369",12
Apr 2017,335,Sandra Belvins inc,"244,011",13
Apr 2017,335,Jeffrey Bird inc,"147,041",8
Apr 2017,335,Dion Cantu inc,"137,873",7
Apr 2017,336,Frank Mcneil inc,"281,590",15
Apr 2017,336,Jack Turner inc,"147,004",7
Apr 2017,336,Katherine Kirschner inc,"138,158",7
Apr 2017,336,Ronald Lopez 4 inc,"118,628",5
Apr 2017,336,Larry Mowery inc,"109,201",5
Apr 2017,337,Karen Lee 2 inc,"417,515",20
Apr 2017,337,Mary Ruggiero inc,"226,127",10
Apr 2017,337,Anna Baker 2 inc,"200,164",11
Apr 2017,337,Timothy Robins inc,"195,212",8
Apr 2017,337,Marjorie Walker 2 inc,"152,093",8
Apr 2017,338,James Morin inc,"202,310",10
Apr 2017,338,Lucas Carmona inc,"195,499",10
Apr 2017,338,Lon Larson inc,"190,716",11
Apr 2017,338,Andrew Caponigro inc,"182,222",8
Apr 2017,338,Brian Williams 8 inc,"138,407",9
Apr 2017,339,Christopher Greer inc,"765,936",36
Apr 2017,339,Marie Reynolds 4 inc,"660,493",30
Apr 2017,339,Gertrudis Stamps inc,"609,936",30
Apr 2017,339,Mireya Smith inc,"472,992",23
Apr 2017,339,Robert Caruso inc,"456,837",23
Apr 2017,340,Terry Turpin 2 inc,"1,882,469",98
Apr 2017,340,Thelma Williams 3 inc,"1,114,421",52
Apr 2017,340,Janet Johnson 3 inc,"1,050,242",50
Apr 2017,340,Nancy Jamison 2 inc,"958,612",48
Apr 2017,340,Katherine Rovero inc,"889,753",46
Apr 2017,341,Monica Garcia 3 inc,"330,669",16
Apr 2017,341,Joan Cuevas inc,"292,210",14
Apr 2017,341,James Calendine inc,"205,206",10
Apr 2017,341,Ruby Turso inc,"201,605",9
Apr 2017,341,Herman Guyton inc,"188,246",9
Apr 2017,342,William Roney inc,"519,519",25
Apr 2017,342,Vida Smith inc,"145,920",8
Apr 2017,342,Gordon Burdock inc,"140,125",7
Apr 2017,342,Mandie Presha inc,"126,650",6
Apr 2017,342,Eric Elrod inc,"119,746",6
Apr 2017,343,Joshua Reyna inc,"236,457",12
Apr 2017,343,Hazel Lesperance inc,"154,260",7
Apr 2017,343,Christopher Kroll inc,"142,733",6
Apr 2017,343,Daphne Bickley inc,"127,454",6
Apr 2017,343,James Kinkelaar inc,"121,697",5
Apr 2017,344,Morris Grooms inc,"1,147,484",58
Apr 2017,344,Jerry Facer inc,"594,062",30
Apr 2017,344,Lawrence Young 4 inc,"549,463",23
Apr 2017,344,Antoine Alexander inc,"490,090",22
Apr 2017,344,David Vives inc,"481,323",23
Apr 2017,345,Julius Garrett inc,"170,304",6
Apr 2017,345,John Hyett inc,"154,106",6
Apr 2017,345,Frances Torres inc,"143,915",6
Apr 2017,345,Susan Campbell inc,"130,561",7
Apr 2017,345,Thomas Waszkiewicz inc,"118,037",6
Apr 2017,347,Edna Ledesma inc,"896,320",45
Apr 2017,347,Carolyn Hardin inc,"640,561",28
Apr 2017,347,Shirley Lawrence 2 inc,"609,806",32
Apr 2017,347,Christopher Jackson 5 inc,"602,626",28
Apr 2017,347,Erma Milligan inc,"587,037",29
Aug 2017,1,Kathie Sughrue inc,"179,817,999","8,916"
Aug 2017,1,Cesar Hall inc,"126,933,767","6,329"
Aug 2017,1,Mary Gray 7 inc,"68,097,014","3,386"
Aug 2017,1,Steven Russell inc,"36,669,258","1,806"
Aug 2017,1,Betty Belden inc,"28,942,379","1,447"
Aug 2017,2,William Urena inc,"322,226",13
Aug 2017,2,Mark Cipolla inc,"321,325",15
Aug 2017,2,James Luhman inc,"275,962",14
Aug 2017,2,Robert Mcguffin inc,"271,782",12
Aug 2017,2,Cristal Forney inc,"268,406",12
Aug 2017,3,Rhonda Cunningham inc,"1,215,705",54
Aug 2017,3,Dennis Mcmillan inc,"670,348",39
Aug 2017,3,Donnie Sefcovic inc,"577,715",29
Aug 2017,3,Karen Roane inc,"488,279",26
Aug 2017,3,Solomon Deshayes inc,"414,501",20
Aug 2017,4,Louise Cole 2 inc,"2,919,179",150
Aug 2017,4,Nathaniel Stewart inc,"2,230,741",108
Aug 2017,4,Juan Niemi inc,"2,186,900",111
Aug 2017,4,Carolyn Smith 8 inc,"1,906,429",98
Aug 2017,4,Enriqueta Barbour inc,"1,719,936",90
Aug 2017,6,Terrell Dueno inc,"645,116",32
Aug 2017,6,Elizabeth Mueller inc,"458,110",23
Aug 2017,6,Santos Brown inc,"395,430",18
Aug 2017,6,Andrea Cash inc,"377,664",17
Aug 2017,6,Jack Mcsweeney inc,"321,739",15
Aug 2017,7,Joe Powell inc,"628,479",27
Aug 2017,7,Sheila Bissonnette inc,"488,425",29
Aug 2017,7,Don Lenz inc,"369,195",16
Aug 2017,7,Armand Humphrey inc,"323,014",15
Aug 2017,7,Elizabeth Miller 10 inc,"279,480",13
Aug 2017,8,Mike Sparks inc,"1,297,941",61
Aug 2017,8,Carlotta Schell inc,"1,213,918",61
Aug 2017,8,Charlene Richter inc,"1,055,511",56
Aug 2017,8,Sandra Crocker inc,"891,988",45
Aug 2017,8,Larry Stegall 2 inc,"861,587",42
Aug 2017,9,Rachael Oehler inc,"704,410",33
Aug 2017,9,Barbara Bishop inc,"554,163",25
Aug 2017,9,Deborah Mendoza 2 inc,"459,022",20
Aug 2017,9,Scott Brown 6 inc,"442,118",23
Aug 2017,9,Christopher Gerstner inc,"389,655",18
Aug 2017,10,Maribel Prince inc,"608,829",27
Aug 2017,10,Alexandra Easton inc,"576,256",29
Aug 2017,10,Roger Murach inc,"530,266",26
Aug 2017,10,Kristin Victoria inc,"510,788",26
Aug 2017,10,Daisy Brown 3 inc,"405,142",18
Aug 2017,11,Paula Crumb inc,"1,911,325",102
Aug 2017,11,Linda Hogan 2 inc,"1,315,405",65
Aug 2017,11,Matthew Verhoeven inc,"1,276,176",67
Aug 2017,11,Kenneth Ramos inc,"1,117,939",54
Aug 2017,11,Grant Mayers inc,"761,548",37
Aug 2017,12,Joe Cleghorn inc,"1,829,155",85
Aug 2017,12,Delbert Sherlock inc,"1,656,485",80
Aug 2017,12,Emily Jiggetts inc,"1,162,831",54
Aug 2017,12,Priscilla Contreras 2 inc,"1,025,437",51
Aug 2017,12,Catherine Martin 7 inc,"996,126",55
Aug 2017,13,Carol Green inc,"829,570",47
Aug 2017,13,Gary Koehler inc,"536,759",24
Aug 2017,13,Mark Bunn inc,"454,366",22
Aug 2017,13,Ida Cox 2 inc,"437,125",22
Aug 2017,13,Robert Brown 41 inc,"380,629",19
Aug 2017,14,Cynthia Wood 2 inc,"1,243,468",60
Aug 2017,14,John Bielinski inc,"1,089,832",55
Aug 2017,14,James Mayoka inc,"962,512",48
Aug 2017,14,Alex Richardson inc,"912,217",41
Aug 2017,14,Norma Rayfield inc,"830,986",41
Aug 2017,16,Cheryl Croom inc,"258,196",13
Aug 2017,16,Veronica Wroblewski inc,"204,248",13
Aug 2017,16,Ramon Morris inc,"199,212",10
Aug 2017,16,Lewis Benn inc,"178,322",10
Aug 2017,16,Timothy Staats inc,"170,816",8
Aug 2017,17,Sharonda Jordan inc,"17,502,169",862
Aug 2017,17,Beatrice Pears inc,"14,447,879",718
Aug 2017,17,Nick Curtis inc,"11,529,731",582
Aug 2017,17,Samuel Scott 3 inc,"6,789,048",332
Aug 2017,17,Virgil Lemon inc,"6,584,618",339
Aug 2017,18,Ruth Fuentes inc,"1,296,747",60
Aug 2017,18,Kirk Barton inc,"290,650",13
Aug 2017,18,Aisha Hein inc,"289,760",13
Aug 2017,18,Fred Sentell inc,"283,835",13
Aug 2017,18,Winnie Currie inc,"267,979",13
Aug 2017,19,Ella Rose 2 inc,"17,264,729",834
Aug 2017,19,Lori Joseph inc,"15,965,062",791
Aug 2017,19,Chad Tobar inc,"14,650,996",723
Aug 2017,19,Zachary Mayle inc,"9,592,726",461
Aug 2017,19,Tony Moore 3 inc,"8,899,093",434
Aug 2017,20,Justin Ganser inc,"4,123,634",207
Aug 2017,20,Natasha Bucher inc,"2,911,295",146
Aug 2017,20,Sarah Harris 5 inc,"1,835,045",87
Aug 2017,20,Richard West 5 inc,"1,257,557",59
Aug 2017,20,Bernadette Faughnan inc,"986,881",51
Aug 2017,21,Thelma Cashen inc,"1,567,048",77
Aug 2017,21,Eldridge Williams 2 inc,"1,381,603",73
Aug 2017,21,Katherine Brown 4 inc,"1,177,023",58
Aug 2017,21,Jeffrey Starr inc,"1,027,424",55
Aug 2017,21,John Boschert inc,"1,019,982",51
Aug 2017,22,Allen Patrick inc,"398,959",17
Aug 2017,22,Fred Trent inc,"385,939",17
Aug 2017,22,Shirley Tucker 2 inc,"379,880",19
Aug 2017,22,Daniel Browning inc,"369,907",22
Aug 2017,22,Ronald Kloepper inc,"336,204",15
Aug 2017,23,Bruce Smith 7 inc,"407,975",19
Aug 2017,23,Ellen Tait inc,"407,335",21
Aug 2017,23,Joseph Bailey 2 inc,"350,633",18
Aug 2017,23,Gary Kalberer inc,"321,160",15
Aug 2017,23,George Graham 3 inc,"293,870",15
Aug 2017,24,Donald Sullivan 5 inc,"1,176,857",60
Aug 2017,24,Mariah Pugh inc,"1,169,061",61
Aug 2017,24,Cynthia Vargas 2 inc,"947,063",45
Aug 2017,24,Dorthea Brewington inc,"862,584",41
Aug 2017,24,Roger Lavalley inc,"764,211",37
Aug 2017,25,Kathryn Carson inc,"5,392,102",282
Aug 2017,25,Kay Connolly inc,"4,330,709",217
Aug 2017,25,Rebecca Sales inc,"4,103,067",198
Aug 2017,25,Jeffrey Belcher 2 inc,"3,008,479",142
Aug 2017,25,John Taggart inc,"2,218,759",107
Aug 2017,26,Kristy Fonseca inc,"618,212",29
Aug 2017,26,Cesar Ross inc,"207,718",11
Aug 2017,26,Ronald Bermeo inc,"164,179",9
Aug 2017,26,Daniel Liefer inc,"149,751",6
Aug 2017,26,Michael Hamilton inc,"144,190",7
Aug 2017,28,Lee Hodgkiss inc,"562,741",24
Aug 2017,28,Jennifer Chadwell inc,"467,220",21
Aug 2017,28,Jo Miland inc,"453,922",21
Aug 2017,28,Charles Simonson inc,"407,199",18
Aug 2017,28,Henry Anderson 4 inc,"393,570",20
Aug 2017,29,Kirsten Huse inc,"1,412,524",73
Aug 2017,29,Tarsha Chance inc,"559,696",31
Aug 2017,29,Paul Gaska inc,"330,475",19
Aug 2017,29,Raymond Plaza inc,"315,621",15
Aug 2017,29,Eric Nettles inc,"295,480",14
Aug 2017,30,Doris King 3 inc,"1,645,504",78
Aug 2017,30,Dennis Johnson 6 inc,"1,329,067",66
Aug 2017,30,Donald Ireland inc,"1,280,813",63
Aug 2017,30,Clarence Streater inc,"1,145,201",57
Aug 2017,30,Robin Armstrong inc,"870,389",42
Aug 2017,32,Thomas Stone 2 inc,"390,075",18
Aug 2017,32,Harriet Reeder inc,"361,020",17
Aug 2017,32,Shanna Rice inc,"218,787",12
Aug 2017,32,Karen Smith 17 inc,"204,286",9
Aug 2017,32,Adrian Rollin inc,"148,221",7
Aug 2017,33,Douglas Magic inc,"703,856",35
Aug 2017,33,Nicole Crowder inc,"671,120",33
Aug 2017,33,Ronald Johnson 17 inc,"647,982",40
Aug 2017,33,Pearl Newport inc,"588,112",27
Aug 2017,33,Christina Stanton inc,"578,413",26
Aug 2017,34,Mitchell Kalhorn inc,"1,065,567",53
Aug 2017,34,Alysia Ceovantes inc,"962,704",46
Aug 2017,34,Kris Endicott inc,"916,163",47
Aug 2017,34,Nina Conn inc,"543,266",28
Aug 2017,34,Danny Martinez inc,"515,684",25
Aug 2017,35,Mark Scheer 2 inc,"161,526",6
Aug 2017,35,Bobby Ames inc,"159,603",8
Aug 2017,35,Lewis Wiley inc,"149,882",7
Aug 2017,35,Pamela Spiro inc,"137,972",6
Aug 2017,35,Mary Cottingham inc,"135,063",8
Aug 2017,36,Henrietta Cook inc,"958,108",48
Aug 2017,36,Esther Diaz inc,"714,547",39
Aug 2017,36,Ronald Jones 10 inc,"651,770",33
Aug 2017,36,Ralph Cowdery inc,"458,068",20
Aug 2017,36,Jennifer Thornbury 2 inc,"275,246",12
Aug 2017,38,Douglas Mccullen inc,"393,918",20
Aug 2017,38,Patricia Odonnell inc,"381,825",17
Aug 2017,38,Kris Phelps inc,"215,891",12
Aug 2017,38,Alison Lewis 2 inc,"203,972",12
Aug 2017,38,Miranda Tiller inc,"202,044",11
Aug 2017,39,John Wolfram inc,"467,213",23
Aug 2017,39,Patricia Marble inc,"313,742",18
Aug 2017,39,Marie Stewart 3 inc,"220,442",10
Aug 2017,39,James Angles inc,"220,407",10
Aug 2017,39,Kimberly Welchel inc,"180,025",9
Aug 2017,40,Kay Tito inc,"428,057",20
Aug 2017,40,Karla Fernandez inc,"333,865",19
Aug 2017,40,Michael Rivas inc,"217,543",13
Aug 2017,40,Matthew Anderson 3 inc,"185,488",8
Aug 2017,40,Joanne Manning inc,"150,765",7
Aug 2017,41,Joyce Mendez inc,"1,026,377",49
Aug 2017,41,Annie Brownell inc,"719,565",33
Aug 2017,41,Andrew White 5 inc,"394,172",18
Aug 2017,41,Stella Walker inc,"387,133",19
Aug 2017,41,Angela Peterson 3 inc,"373,560",16
Aug 2017,42,Louis Kahn inc,"949,602",44
Aug 2017,42,Carlene Phelps inc,"724,967",36
Aug 2017,42,Cynthia Northover inc,"665,558",33
Aug 2017,42,Glenn Richmond inc,"589,352",33
Aug 2017,42,Kathleen Stone 4 inc,"532,234",28
Aug 2017,44,Bart Carney inc,"566,397",24
Aug 2017,44,Spencer Greenstreet inc,"238,698",11
Aug 2017,44,Jasmine Perez inc,"229,547",12
Aug 2017,44,Margaret Robinson 7 inc,"215,321",11
Aug 2017,44,Blaine Pride inc,"190,038",9
Aug 2017,46,Asuncion Sandmeier inc,"721,165",37
Aug 2017,46,Josie Parrish inc,"347,278",16
Aug 2017,46,Suzanne Greene inc,"242,852",11
Aug 2017,46,Mariano Krenz inc,"241,901",14
Aug 2017,46,Rachel Carter 2 inc,"232,364",12
Aug 2017,47,Carlos Cook inc,"375,987",20
Aug 2017,47,Kevin Taylor 5 inc,"252,372",13
Aug 2017,47,Marion Whitaker inc,"242,987",12
Aug 2017,47,Jeff Carr 2 inc,"156,252",8
Aug 2017,47,Jessica Munoz 2 inc,"155,781",7
Aug 2017,48,Stanley Cuevas inc,"896,731",42
Aug 2017,48,Zelda Bozell inc,"832,344",44
Aug 2017,48,Angelina Hartz inc,"628,979",31
Aug 2017,48,George Brown 11 inc,"621,718",32
Aug 2017,48,Maria Bugg inc,"590,014",28
Aug 2017,49,Bernice Battles inc,"508,771",28
Aug 2017,49,Carole Lotton inc,"285,590",17
Aug 2017,49,April Johnson 3 inc,"264,598",12
Aug 2017,49,Kimberly Singleton inc,"208,580",11
Aug 2017,49,Dale Nielsen inc,"184,444",10
Aug 2017,51,Mary Mraz inc,"2,043,390",102
Aug 2017,51,Micheal Styles inc,"1,712,068",82
Aug 2017,51,Joanne Yannone inc,"1,351,833",64
Aug 2017,51,Cassandra Scarbrough inc,"1,290,701",64
Aug 2017,51,Raul Gribble inc,"1,190,927",57
Aug 2017,52,Kurt Sapp inc,"743,862",36
Aug 2017,52,Jean Biser inc,"668,745",31
Aug 2017,52,Richard Bell 6 inc,"587,536",32
Aug 2017,52,Arthur Noel inc,"498,179",28
Aug 2017,52,Keisha Hershberger inc,"416,941",19
Aug 2017,53,Cornelius Mattson inc,"5,043,291",248
Aug 2017,53,Keith Conley 3 inc,"4,498,933",230
Aug 2017,53,Cynthia Phelps inc,"2,875,860",151
Aug 2017,53,Debra Wilczynski inc,"2,217,957",114
Aug 2017,53,Robert Murdock inc,"2,141,899",98
Aug 2017,54,Eloise Sorbo inc,"551,270",28
Aug 2017,54,Jessica Wilson inc,"189,449",9
Aug 2017,54,Barbara Brantly inc,"168,777",10
Aug 2017,54,Carol Martin 4 inc,"144,027",7
Aug 2017,54,Donald Hart inc,"143,852",7
Aug 2017,56,Gerald Miller 3 inc,"1,188,810",54
Aug 2017,56,Mary Varos inc,"1,001,035",49
Aug 2017,56,Courtney Mansfield inc,"581,134",32
Aug 2017,56,Scott Cornelius inc,"492,386",20
Aug 2017,56,Christopher Jackson 5 inc,"453,160",22
Aug 2017,57,Jennifer Furr inc,"6,196,889",306
Aug 2017,57,Eddie Plunkett inc,"5,533,019",275
Aug 2017,57,Kenneth Huson inc,"4,411,427",215
Aug 2017,57,Rhonda Wheeler inc,"2,901,172",149
Aug 2017,57,Eloise Montgomery inc,"2,018,306",99
Aug 2017,58,Trevor Najera inc,"712,950",35
Aug 2017,58,Karen Brendal inc,"414,149",21
Aug 2017,58,Michael Devito inc,"365,934",18
Aug 2017,58,Danelle Eichberger inc,"327,486",15
Aug 2017,58,Anthony Rosenau inc,"176,412",8
Aug 2017,60,Lucas Ohara inc,"2,738,270",147
Aug 2017,60,Diane Perez 2 inc,"1,635,649",76
Aug 2017,60,Catherine Hurley inc,"1,128,154",57
Aug 2017,60,Rafael Goss inc,"1,062,309",52
Aug 2017,60,Virginia Correy inc,"865,444",39
Aug 2017,61,Benjamin Elliott 3 inc,"490,477",22
Aug 2017,61,Alvin Garrison inc,"256,275",10
Aug 2017,61,Audrey Thrash inc,"210,502",9
Aug 2017,61,Terry Mullins inc,"169,099",8
Aug 2017,61,Carol Ritter 2 inc,"109,172",5
Aug 2017,62,Rita Mcreynolds inc,"377,064",21
Aug 2017,62,Richard Jones 18 inc,"348,135",17
Aug 2017,62,Juan Brashear inc,"315,970",16
Aug 2017,62,John Banks 5 inc,"281,617",16
Aug 2017,62,Amy Locke inc,"259,648",12
Aug 2017,63,Nestor Wright inc,"762,237",40
Aug 2017,63,Johnathan Oldham inc,"575,430",26
Aug 2017,63,Martha Glass inc,"399,984",19
Aug 2017,63,Jon Creasey inc,"381,660",16
Aug 2017,63,Rose Murray 2 inc,"284,994",15
Aug 2017,64,Tiffani Creekmore inc,"620,006",27
Aug 2017,64,Matthew Cassem inc,"535,104",27
Aug 2017,64,Edgar Johnson 3 inc,"496,022",25
Aug 2017,64,Raymond Wahlberg inc,"487,066",23
Aug 2017,64,Terri Gamez inc,"450,910",24
Aug 2017,65,Richard Boehm inc,"364,622",17
Aug 2017,65,Jennifer Boyes inc,"186,975",9
Aug 2017,65,Janice Meriwether inc,"158,818",8
Aug 2017,65,Samuel Beck inc,"147,645",7
Aug 2017,65,Emma Aikens inc,"120,042",6
Aug 2017,66,Manuel Furlong inc,"922,440",46
Aug 2017,66,Derrick Phillips 2 inc,"377,791",20
Aug 2017,66,Dora Tuck inc,"314,866",18
Aug 2017,66,Joel Vermeesch inc,"310,207",13
Aug 2017,66,Alfred Taylor inc,"304,443",19
Aug 2017,68,Nola Bulow inc,"972,825",48
Aug 2017,68,Tammy Brown 5 inc,"382,836",15
Aug 2017,68,Clair Ziech inc,"276,256",12
Aug 2017,68,Mary Franklin 4 inc,"252,581",15
Aug 2017,68,Michael Bracamonte inc,"243,777",10
Aug 2017,69,John Miller 7 inc,"395,039,118","19,766"
Aug 2017,69,Henry Barnhill inc,"70,243,717","3,499"
Aug 2017,69,June Gray inc,"47,114,672","2,354"
Aug 2017,69,Weston Hendon inc,"41,077,734","2,038"
Aug 2017,69,Pamela Glass 2 inc,"27,617,134","1,369"
Aug 2017,70,Ileen Niss inc,"966,169",47
Aug 2017,70,Stephen Wilburn inc,"339,735",20
Aug 2017,70,Margie Dillard inc,"287,738",15
Aug 2017,70,Suk Appling inc,"184,348",9
Aug 2017,70,Lisa Gillen inc,"182,844",8
Aug 2017,71,Edward Neider inc,"153,779",7
Aug 2017,71,Anna Blumberg inc,"150,969",9
Aug 2017,71,John Marshall 5 inc,"146,295",6
Aug 2017,71,Cindy Perry 2 inc,"113,464",6
Aug 2017,71,Allen Bennett inc,"113,023",5
Aug 2017,73,Kathleen Lavole inc,"632,928",33
Aug 2017,73,Sylvia Carter inc,"371,871",17
Aug 2017,73,Richard Miller 10 inc,"258,325",13
Aug 2017,73,Cynthia Burks inc,"238,656",10
Aug 2017,73,Michael Wiand inc,"177,410",7
Aug 2017,74,Donald Perry 4 inc,"243,607",11
Aug 2017,74,Barbara Forney inc,"243,583",14
Aug 2017,74,Alan Prechtl inc,"239,269",10
Aug 2017,74,Morris Bennett inc,"170,716",8
Aug 2017,74,Andrea Cioffi inc,"169,143",10
Aug 2017,75,William Gomez 5 inc,"581,332",26
Aug 2017,75,Fernando Hart inc,"367,356",16
Aug 2017,75,Everett Hertzler inc,"353,528",17
Aug 2017,75,Angel Raper inc,"321,310",21
Aug 2017,75,Robert Flannigan 2 inc,"211,493",9
Aug 2017,76,Bridget Kisner inc,"8,454,812",414
Aug 2017,76,Karen Ohare inc,"3,052,508",149
Aug 2017,76,Valerie Fitch inc,"2,606,151",130
Aug 2017,76,Carolyn Reeves 2 inc,"2,180,908",115
Aug 2017,76,Robert Capo inc,"2,167,034",102
Aug 2017,77,David Alto inc,"420,178",19
Aug 2017,77,Lewis Abram inc,"325,100",17
Aug 2017,77,Jorge Taber inc,"220,012",11
Aug 2017,77,Ursula Martinez inc,"190,138",9
Aug 2017,77,Luis Rembert inc,"186,002",9
Aug 2017,78,Kenneth Mullen inc,"1,243,884",64
Aug 2017,78,Humberto Ruiz inc,"676,589",36
Aug 2017,78,Walter Vanderpool inc,"673,479",34
Aug 2017,78,John Offerdahl inc,"654,761",33
Aug 2017,78,James Nesbit 2 inc,"506,697",27
Aug 2017,79,Ronald Miller 5 inc,"775,145",41
Aug 2017,79,Sabrina Arnold 2 inc,"739,696",34
Aug 2017,79,Richard Berry 2 inc,"691,398",32
Aug 2017,79,Stephen Krummel inc,"636,946",35
Aug 2017,79,Martin Adkins inc,"526,576",27
Aug 2017,80,Eugene Pell inc,"350,442",21
Aug 2017,80,Bettye Olsen inc,"216,812",10
Aug 2017,80,Clara Leung 2 inc,"184,214",8
Aug 2017,80,Robert Arteaga 2 inc,"173,760",8
Aug 2017,80,Donald Joyce inc,"146,521",6
Aug 2017,81,Maria Heller inc,"404,695",19
Aug 2017,81,Jean Fisherman inc,"152,682",7
Aug 2017,81,Anna Perez 2 inc,"148,978",5
Aug 2017,81,Debbie Wilkerson inc,"91,641",4
Aug 2017,81,Daniel Case inc,"91,203",4
Aug 2017,82,Marie Husband inc,"656,700",33
Aug 2017,82,Thomas Regan inc,"295,212",14
Aug 2017,82,Allen Emmons inc,"285,514",16
Aug 2017,82,Juan Hopkins inc,"241,888",14
Aug 2017,82,Jacklyn Collins inc,"222,925",11
Aug 2017,83,John Mendoza 5 inc,"458,979",23
Aug 2017,83,Barry Schuh inc,"391,070",18
Aug 2017,83,Joyce Whitehead inc,"352,039",16
Aug 2017,83,Tyrone Thompson 2 inc,"335,785",16
Aug 2017,83,Chad Robinson 4 inc,"316,255",16
Aug 2017,84,Jeff Wyman inc,"227,816",11
Aug 2017,84,Daniel Helmick inc,"178,972",8
Aug 2017,84,Michael Wingham inc,"166,240",7
Aug 2017,84,Nichole Wilson inc,"157,093",8
Aug 2017,84,Albert Reed inc,"140,562",6
Aug 2017,85,Bernard Nisbett inc,"338,298",16
Aug 2017,85,Michael Smithson inc,"228,827",9
Aug 2017,85,Kathleen Hodgson inc,"217,096",10
Aug 2017,85,Antonio Mcneill inc,"213,554",11
Aug 2017,85,Matthew Fain inc,"194,789",8
Aug 2017,86,Jared Kirk inc,"235,568",11
Aug 2017,86,David Butler 4 inc,"164,515",7
Aug 2017,86,Diana Seide inc,"132,083",7
Aug 2017,86,Carol Thomas 2 inc,"128,144",5
Aug 2017,86,Douglas Word inc,"122,875",6
Aug 2017,87,Joe Montgomery inc,"6,576,183",324
Aug 2017,87,Doug Moran inc,"6,505,793",319
Aug 2017,87,Frank Garcia 2 inc,"6,232,717",309
Aug 2017,87,Tessie Jaramillo inc,"5,770,880",280
Aug 2017,87,Betty Hunter 2 inc,"4,850,046",231
Aug 2017,88,Heather Ramberg inc,"12,340,163",621
Aug 2017,88,Deidre Bright inc,"10,650,542",506
Aug 2017,88,Ronald Hussein inc,"9,596,241",464
Aug 2017,88,Samantha Jackson inc,"7,802,012",382
Aug 2017,88,Kristen Hurtado inc,"7,534,710",385
Aug 2017,89,Carl Fonseca inc,"329,728",14
Aug 2017,89,George Hicks 2 inc,"187,413",11
Aug 2017,89,Sheila Clayton inc,"144,636",7
Aug 2017,89,Andrew Zuidema inc,"139,430",6
Aug 2017,89,James Roderick inc,"97,146",6
Aug 2017,90,Brian Moffatt inc,"839,998",36
Aug 2017,90,Jeffrey Wilson inc,"715,956",36
Aug 2017,90,Brett Dejohn inc,"667,657",34
Aug 2017,90,Kevin Watkins 2 inc,"551,013",25
Aug 2017,90,Araceli Crotts inc,"511,659",26
Aug 2017,91,Robert Rainville inc,"852,668",43
Aug 2017,91,Christine Devine inc,"418,360",20
Aug 2017,91,Hyman Sison inc,"221,750",12
Aug 2017,91,Vicente Landeros inc,"217,472",12
Aug 2017,91,Juana Bouchard inc,"153,791",8
Aug 2017,92,Gail Smith 3 inc,"96,124",5
Aug 2017,92,Jennifer Pancoast inc,"77,337",4
Aug 2017,92,Edwin Credit inc,"49,833",2
Aug 2017,92,Alex Baker 2 inc,"39,166",2
Aug 2017,92,Laura Coleman inc,"22,597",1
Aug 2017,94,Dora Dermody inc,"822,902",38
Aug 2017,94,Zachary Solis inc,"397,583",22
Aug 2017,94,Cassie Franklin inc,"358,315",17
Aug 2017,94,Brian Jones 8 inc,"308,150",15
Aug 2017,94,Roger Mobley inc,"305,477",12
Aug 2017,96,Karen Holsten inc,"1,187,670",59
Aug 2017,96,Wendy Meyer inc,"1,118,987",55
Aug 2017,96,Lane Cross inc,"1,055,222",52
Aug 2017,96,Quinton Nelson inc,"831,443",40
Aug 2017,96,James Walker 16 inc,"786,315",40
Aug 2017,97,Richard Caskey inc,"1,812,199",87
Aug 2017,97,Beverly Lee inc,"1,046,378",51
Aug 2017,97,Matthew Robles inc,"464,554",22
Aug 2017,97,David Lightfoot 2 inc,"442,741",23
Aug 2017,97,Armando Duke inc,"339,470",18
Aug 2017,98,Dwight Alexander inc,"595,772",32
Aug 2017,98,Marc Standard inc,"546,556",25
Aug 2017,98,Bobby Rogers inc,"457,065",19
Aug 2017,98,Tara Miller inc,"322,342",16
Aug 2017,98,Mavis Willis inc,"310,195",16
Aug 2017,100,Candace Morton inc,"578,646",32
Aug 2017,100,Steven Epps inc,"576,902",28
Aug 2017,100,Leon Newell inc,"409,532",21
Aug 2017,100,Heather Travis inc,"331,147",17
Aug 2017,100,Earl Brown 2 inc,"315,315",17
Aug 2017,101,Derek Davis 2 inc,"688,630",33
Aug 2017,101,Carol Tate inc,"574,501",28
Aug 2017,101,Scott Delarosa inc,"497,090",26
Aug 2017,101,Daniel Robinson 5 inc,"306,580",14
Aug 2017,101,Terry Pool inc,"301,205",15
Aug 2017,102,Barry Hart inc,"1,469,323",71
Aug 2017,102,Cleta Ro inc,"751,326",37
Aug 2017,102,Kimberly Luna inc,"683,247",35
Aug 2017,102,Troy Centeno inc,"665,163",35
Aug 2017,102,Mary Derby inc,"618,710",27
Aug 2017,103,Austin Talty inc,"232,147",13
Aug 2017,103,Jason Pescatore inc,"196,198",9
Aug 2017,103,Michael Martin 11 inc,"185,894",9
Aug 2017,103,Steven Flores 3 inc,"153,492",6
Aug 2017,103,Verna Hammer inc,"143,888",7
Aug 2017,104,Joseph Jacobs inc,"643,707",28
Aug 2017,104,Lillian Riffel inc,"510,540",26
Aug 2017,104,Jeffery Wills inc,"262,685",14
Aug 2017,104,Laura Johnson 8 inc,"241,111",14
Aug 2017,104,Donald Rhode inc,"157,639",6
Aug 2017,105,Eusebio Steese inc,"763,473",40
Aug 2017,105,Shawna Ward inc,"427,176",21
Aug 2017,105,David Cruz 6 inc,"343,781",16
Aug 2017,105,Corinne Labeau inc,"307,984",14
Aug 2017,105,Jerome Schultz inc,"261,230",11
Aug 2017,106,Bryan Porterfield inc,"354,472",16
Aug 2017,106,Tamara Vasquez inc,"328,517",17
Aug 2017,106,Robert Lopez 18 inc,"312,386",15
Aug 2017,106,Debbie Mitchell inc,"297,446",15
Aug 2017,106,Antonia Greenberg inc,"254,409",14
Aug 2017,107,Julius Kutz inc,"4,378,763",211
Aug 2017,107,Tim Crosby inc,"3,163,360",154
Aug 2017,107,Michael Truelove inc,"1,890,828",89
Aug 2017,107,Mary Duke 3 inc,"1,410,026",76
Aug 2017,107,Kimberly Subido inc,"928,282",47
Aug 2017,108,Suzanne Hammond inc,"385,608",19
Aug 2017,108,Virginia Weymouth inc,"243,332",13
Aug 2017,108,Opal Love inc,"197,289",9
Aug 2017,108,Geneva White inc,"191,049",10
Aug 2017,108,John Hanna inc,"190,223",10
Aug 2017,109,Lucille Knights inc,"717,292",36
Aug 2017,109,Jose Ortega inc,"623,316",30
Aug 2017,109,Maria Jobson inc,"508,824",27
Aug 2017,109,Willa Mccormick inc,"336,145",16
Aug 2017,109,Christopher Cornelius inc,"306,245",12
Aug 2017,110,Donna Gonzalez 4 inc,"4,398,520",212
Aug 2017,110,Mae Brown inc,"1,455,982",72
Aug 2017,110,Marvin Miller 2 inc,"1,377,428",77
Aug 2017,110,Connie Thompson 2 inc,"1,140,875",52
Aug 2017,110,Wanda Hill inc,"932,538",45
Aug 2017,111,John Poremski inc,"580,477",27
Aug 2017,111,David Kilpatrick inc,"473,970",23
Aug 2017,111,Robert Baker 9 inc,"315,359",15
Aug 2017,111,Patricia Dover inc,"235,726",11
Aug 2017,111,Bertha Walton inc,"229,437",12
Aug 2017,112,Douglas Richner inc,"283,064",14
Aug 2017,112,Linda Black inc,"234,528",9
Aug 2017,112,Elizabeth Butler 3 inc,"184,359",10
Aug 2017,112,Michael Brotherton inc,"143,703",7
Aug 2017,112,Tracy Mathews inc,"143,241",7
Aug 2017,113,Roger Jones 5 inc,"330,001",15
Aug 2017,113,Mary Montgomery 4 inc,"282,060",13
Aug 2017,113,Arlene Lehmberg inc,"213,264",12
Aug 2017,113,Marlin Johnson inc,"174,946",8
Aug 2017,113,Ellen Foersterling inc,"163,138",9
Aug 2017,114,Kellie Aguilar inc,"458,418",23
Aug 2017,114,Estella Bewick inc,"274,244",13
Aug 2017,114,Leonard Crawford inc,"248,131",14
Aug 2017,114,Joann Vidinha inc,"247,362",14
Aug 2017,114,Micheal Adkins inc,"206,642",9
Aug 2017,115,John Campbell 11 inc,"356,435",20
Aug 2017,115,Virginia Grissom inc,"311,255",15
Aug 2017,115,Gus Augustine inc,"289,374",14
Aug 2017,115,Holly Roper inc,"221,815",12
Aug 2017,115,Alicia King 2 inc,"213,219",10
Aug 2017,116,Mildred Leitheiser inc,"1,700,252",81
Aug 2017,116,Shannon Puckett inc,"1,684,755",80
Aug 2017,116,Matthew Barnett 3 inc,"1,666,210",79
Aug 2017,116,Anthony Wangler inc,"1,491,816",77
Aug 2017,116,Novella Yates inc,"1,284,852",63
Aug 2017,117,Michael Farruggio inc,"2,981,828",153
Aug 2017,117,Dion Cantu inc,"2,520,532",125
Aug 2017,117,Theresa Martin 3 inc,"2,243,947",113
Aug 2017,117,Debra Alexander 2 inc,"1,912,947",94
Aug 2017,117,Catherine Tanner inc,"1,662,413",81
Aug 2017,118,Werner Shepherd inc,"277,066",12
Aug 2017,118,Malinda Dierking inc,"210,718",10
Aug 2017,118,Ashley Keith inc,"191,466",9
Aug 2017,118,Charles Mercer inc,"177,877",6
Aug 2017,118,Cristy Key inc,"146,360",6
Aug 2017,119,Betty Sanford inc,"517,160",25
Aug 2017,119,Ken Swanson inc,"474,542",22
Aug 2017,119,Jason Pappas inc,"377,882",17
Aug 2017,119,James David 2 inc,"376,730",17
Aug 2017,119,Michael Shade 2 inc,"279,739",16
Aug 2017,120,Sandra Summers inc,"702,346",40
Aug 2017,120,Timothy Blackman inc,"331,006",17
Aug 2017,120,Denise Fowler 2 inc,"309,955",15
Aug 2017,120,Patricia Nebergall inc,"293,377",16
Aug 2017,120,Mark Hines inc,"273,751",14
Aug 2017,122,Derek Zimmerman inc,"152,843",7
Aug 2017,122,Elaine Ternullo inc,"131,204",5
Aug 2017,122,Karen Holsten inc,"124,686",6
Aug 2017,122,Summer Parker inc,"111,619",6
Aug 2017,122,Roberta Malcolm inc,"109,423",5
Aug 2017,123,Alan Shannon inc,"638,614",34
Aug 2017,123,Rita Barber inc,"536,375",25
Aug 2017,123,Kurt Garcia inc,"431,866",19
Aug 2017,123,Sheila Dankert inc,"343,314",16
Aug 2017,123,Cecila Ragusa inc,"303,396",16
Aug 2017,124,Betty Mcdonald 2 inc,"492,200",26
Aug 2017,124,Weston Cyree inc,"384,422",19
Aug 2017,124,Queen Sawyer inc,"381,375",21
Aug 2017,124,Micheal Thompson inc,"379,285",18
Aug 2017,124,Javier Smith 2 inc,"300,777",14
Aug 2017,125,Brent Higgins inc,"750,514",35
Aug 2017,125,Alex Purtell inc,"653,096",32
Aug 2017,125,Bobbi Sartain inc,"490,187",25
Aug 2017,125,Caroline Mccann inc,"469,266",23
Aug 2017,125,Tom Juarez inc,"378,385",18
Aug 2017,126,Kristi Radford inc,"704,034",32
Aug 2017,126,Raymond Lansdell inc,"542,973",31
Aug 2017,126,Dorothy Tolman inc,"480,670",25
Aug 2017,126,Oscar Nelson 2 inc,"464,582",23
Aug 2017,126,Marie Kabrick inc,"446,154",20
Aug 2017,128,William Benningfield inc,"928,712",46
Aug 2017,128,Eva Moffat inc,"652,421",30
Aug 2017,128,Pamela Pickett inc,"504,752",23
Aug 2017,128,Rebecca Parker 2 inc,"269,826",13
Aug 2017,128,Ruby Becknell inc,"264,018",14
Aug 2017,129,Sabrina Holley inc,"605,600",30
Aug 2017,129,Robert Dockery inc,"535,812",26
Aug 2017,129,Barbara Sasaki inc,"490,283",27
Aug 2017,129,Jackson Tweedy inc,"426,837",21
Aug 2017,129,Donald Scuderi inc,"422,604",20
Aug 2017,130,Nathan Botner inc,"113,121",6
Aug 2017,130,Laura Salazar 2 inc,"94,192",4
Aug 2017,130,Stephen Blanchard 2 inc,"82,844",3
Aug 2017,130,Lorrie Sturges inc,"80,942",3
Aug 2017,130,Virginia Mustafa inc,"74,537",4
Aug 2017,131,Christian Penn inc,"869,768",46
Aug 2017,131,Bill Brainard inc,"739,635",39
Aug 2017,131,Barry Sutherland inc,"673,491",35
Aug 2017,131,James Orrick inc,"587,471",27
Aug 2017,131,Micheal Moyer inc,"494,063",21
Aug 2017,133,Tyler Sharpe inc,"412,172",24
Aug 2017,133,Dorothy Eder inc,"183,981",10
Aug 2017,133,Dean Noggle inc,"182,963",11
Aug 2017,133,George Cecchini inc,"166,462",10
Aug 2017,133,Walter Mccoy inc,"144,961",8
Aug 2017,135,Erik Tovar inc,"856,488",41
Aug 2017,135,Phillip Carlson inc,"575,784",29
Aug 2017,135,Michael King 9 inc,"567,681",30
Aug 2017,135,Tracey Mcbride inc,"390,265",18
Aug 2017,135,Hugh Ford inc,"386,429",18
Aug 2017,136,Justin Pellicone inc,"787,766",38
Aug 2017,136,Boyd Delosh inc,"706,947",37
Aug 2017,136,Michelle Delrio inc,"491,687",25
Aug 2017,136,John Marsaw inc,"480,367",22
Aug 2017,136,Don Kuboushek inc,"363,168",16
Aug 2017,137,George Caporiccio inc,"9,361,911",472
Aug 2017,137,Charles Cota inc,"9,076,096",472
Aug 2017,137,Liana Ramos inc,"8,399,249",426
Aug 2017,137,Rebecca Ross inc,"6,155,414",311
Aug 2017,137,Charlie Harwood inc,"4,392,345",219
Aug 2017,138,Barbara Brantly inc,"2,013,195",101
Aug 2017,138,Jessica Wilson inc,"1,660,006",86
Aug 2017,138,Ricardo Simpson inc,"1,323,542",67
Aug 2017,138,Donald Hart inc,"834,245",41
Aug 2017,138,Charlotte Lovell 2 inc,"762,837",36
Aug 2017,139,Irene Rutledge inc,"496,747",26
Aug 2017,139,Margie Alford inc,"431,431",19
Aug 2017,139,Jean Rogers 2 inc,"387,217",21
Aug 2017,139,Pamela Brown 6 inc,"375,171",22
Aug 2017,139,Elaine Chapman inc,"325,711",14
Aug 2017,140,Janet Mendiola inc,"3,939,798",204
Aug 2017,140,Eugene Lovelace inc,"1,942,272",95
Aug 2017,140,Lorraine Bittner inc,"1,909,702",102
Aug 2017,140,Robert Molina 2 inc,"1,854,563",93
Aug 2017,140,Chad Tobar inc,"1,259,364",61
Aug 2017,142,Manuel Lanehart inc,"554,656",29
Aug 2017,142,Adrian Farley inc,"167,531",7
Aug 2017,142,Steve Swartz inc,"159,071",8
Aug 2017,142,Frank Montanye inc,"139,762",8
Aug 2017,142,Melba Dasilva inc,"127,082",6
Aug 2017,143,Helen Kern inc,"19,724,433",979
Aug 2017,143,Scott Hepburn inc,"12,016,405",594
Aug 2017,143,Alan Eisenhower inc,"9,471,676",465
Aug 2017,143,Rose Garner inc,"7,352,955",371
Aug 2017,143,Rashida Hernandez inc,"6,534,518",323
Aug 2017,144,Andres Knight inc,"502,072",25
Aug 2017,144,Patricia Saucedo inc,"348,005",16
Aug 2017,144,Kristofer Oquinn inc,"329,781",19
Aug 2017,144,David Turner 10 inc,"299,701",14
Aug 2017,144,Robert Mccain inc,"265,761",12
Aug 2017,145,Helen Brown 6 inc,"619,002",31
Aug 2017,145,Martin Long inc,"407,186",24
Aug 2017,145,Matt Harris inc,"384,385",18
Aug 2017,145,Emmett Christian inc,"261,236",12
Aug 2017,145,Sandra Ryan inc,"256,595",14
Aug 2017,146,Mary Kirby 2 inc,"428,931",22
Aug 2017,146,Sharon Ambrose inc,"212,455",10
Aug 2017,146,Joel Lawson inc,"181,687",7
Aug 2017,146,Jeffery Lemon inc,"180,701",8
Aug 2017,146,John Powell 7 inc,"179,750",7
Aug 2017,147,Patricia Dodson inc,"1,179,855",59
Aug 2017,147,Emma Laird inc,"960,613",43
Aug 2017,147,Rachel Kennedy 2 inc,"791,798",40
Aug 2017,147,Trevor Dean inc,"766,965",35
Aug 2017,147,Thomas Chipps inc,"761,348",38
Aug 2017,148,Floyd Head inc,"544,037",26
Aug 2017,148,Christopher Mcdonald inc,"540,676",27
Aug 2017,148,Tricia Dozier inc,"434,347",25
Aug 2017,148,Nicolas Flaming inc,"346,620",16
Aug 2017,148,Russell Gruber inc,"227,590",10
Aug 2017,149,Alexandria Sarmiento inc,"6,516,925",322
Aug 2017,149,Kenneth Larson inc,"4,249,391",213
Aug 2017,149,Kelly Perez 2 inc,"3,630,183",174
Aug 2017,149,Jerold Caldwell inc,"3,561,429",180
Aug 2017,149,George Asante inc,"2,482,734",126
Aug 2017,150,Effie Mayfield inc,"820,387",39
Aug 2017,150,Deborah Stewart 3 inc,"311,168",13
Aug 2017,150,Joe Joiner 2 inc,"261,122",14
Aug 2017,150,Edward Scott 8 inc,"237,775",13
Aug 2017,150,William Trotter inc,"207,218",9
Aug 2017,151,Elfriede Jones inc,"378,284",16
Aug 2017,151,Susie Pritchett inc,"185,063",8
Aug 2017,151,Shakita Jones inc,"165,566",9
Aug 2017,151,Jeanette Wilkinson inc,"149,403",6
Aug 2017,151,Jason Clark 4 inc,"144,467",7
Aug 2017,153,Jimmy Scully inc,"400,222",21
Aug 2017,153,Gary Neri inc,"394,024",20
Aug 2017,153,Martha Goldstein inc,"334,755",17
Aug 2017,153,John Cade 2 inc,"251,293",12
Aug 2017,153,Howard Mitchell inc,"225,487",11
Aug 2017,155,Manuel Edwards inc,"632,697",31
Aug 2017,155,Larry Huffman inc,"611,801",31
Aug 2017,155,Lena Napolitano inc,"605,215",29
Aug 2017,155,Donald Barros inc,"590,622",31
Aug 2017,155,Andrew Doherty inc,"545,560",27
Aug 2017,156,Christopher Butts 2 inc,"1,070,099",48
Aug 2017,156,Pamela Griffin inc,"750,820",42
Aug 2017,156,Bart Massey inc,"539,689",24
Aug 2017,156,Jose Sutton inc,"496,356",22
Aug 2017,156,Gary Finley inc,"377,300",16
Aug 2017,157,Helen Burnsworth inc,"1,597,637",79
Aug 2017,157,Pearl Stone inc,"457,325",24
Aug 2017,157,Loree Hansen inc,"417,024",20
Aug 2017,157,Robert Jenkins 7 inc,"294,851",15
Aug 2017,157,Rosemary Hayward inc,"260,528",12
Aug 2017,158,Darryl Revak inc,"17,724,077",889
Aug 2017,158,Dee Gallager inc,"15,676,777",769
Aug 2017,158,Robert Cruz 2 inc,"8,718,820",448
Aug 2017,158,Bridget Patterson inc,"7,741,343",377
Aug 2017,158,Raymond Fetterhoff inc,"7,325,851",358
Aug 2017,159,Roy Coats inc,"2,003,619",99
Aug 2017,159,Lorenzo Hawkins inc,"879,961",47
Aug 2017,159,Mary Hudspeth inc,"747,493",36
Aug 2017,159,Sean Groover inc,"560,100",31
Aug 2017,159,Monique Armstrong inc,"545,052",27
Aug 2017,160,Richard Mccabe inc,"11,781,424",568
Aug 2017,160,Eliz Prater inc,"7,795,994",400
Aug 2017,160,Patricia Sharp 2 inc,"4,203,068",208
Aug 2017,160,Laurena Parks inc,"3,583,999",187
Aug 2017,160,Donna Croshaw inc,"3,089,385",168
Aug 2017,161,Delbert Plater inc,"3,157,119",156
Aug 2017,161,Joyce Fletcher inc,"2,820,044",132
Aug 2017,161,Claire Mcclendon inc,"1,739,784",89
Aug 2017,161,William Boyle inc,"1,514,564",69
Aug 2017,161,Bernice Winner inc,"1,480,909",74
Aug 2017,162,Maureen Werre inc,"659,167",30
Aug 2017,162,Pedro Roberts 2 inc,"588,722",28
Aug 2017,162,Sanford Myers inc,"551,748",29
Aug 2017,162,Christopher Servais inc,"529,917",24
Aug 2017,162,Allen Wiersma inc,"465,591",21
Aug 2017,163,Kathy Briggs inc,"890,181",41
Aug 2017,163,Dale Lotzer inc,"695,682",37
Aug 2017,163,Linda Rogers 6 inc,"636,086",31
Aug 2017,163,Helen Mccutchan inc,"520,862",28
Aug 2017,163,Gracie Carrick inc,"442,623",20
Aug 2017,165,Michael Mabry inc,"432,510",23
Aug 2017,165,David Blackwell inc,"359,024",17
Aug 2017,165,Frank Vue inc,"286,271",14
Aug 2017,165,Yvonne Johnson 3 inc,"281,486",13
Aug 2017,165,Tyrone Malone inc,"272,487",16
Aug 2017,166,Ali Newsome inc,"446,641",22
Aug 2017,166,Cheryl Boone inc,"409,843",19
Aug 2017,166,Opal Siegel inc,"409,337",21
Aug 2017,166,Michelle Marrero 2 inc,"353,588",16
Aug 2017,166,Linda Ready inc,"287,494",16
Aug 2017,167,Betty Brown 9 inc,"939,768",47
Aug 2017,167,Allan Clark inc,"378,948",16
Aug 2017,167,Marion Greer inc,"291,917",15
Aug 2017,167,Wiley Woodlin inc,"271,837",13
Aug 2017,167,Richard Sittre inc,"208,353",12
Aug 2017,168,Mary Gallegos 2 inc,"995,368",53
Aug 2017,168,Richard James 5 inc,"764,249",37
Aug 2017,168,Ophelia Walker inc,"593,857",27
Aug 2017,168,Lucy Thomas 2 inc,"583,306",27
Aug 2017,168,Linda Oubre inc,"582,884",30
Aug 2017,169,Louis Mccall inc,"1,934,589",97
Aug 2017,169,Tom Judge inc,"1,741,287",81
Aug 2017,169,Roy Lindsay inc,"1,700,354",80
Aug 2017,169,Helen Mckean inc,"1,470,314",70
Aug 2017,169,Larry Frias inc,"1,294,620",65
Aug 2017,170,Thelma Metayer inc,"781,841",33
Aug 2017,170,Mamie James inc,"639,945",36
Aug 2017,170,Jack Terry 2 inc,"400,696",18
Aug 2017,170,Reyes Milford inc,"266,365",12
Aug 2017,170,Rebecca Smart inc,"233,241",12
Aug 2017,171,Sandra Wells inc,"2,180,322",108
Aug 2017,171,Bryan Harris 4 inc,"1,406,881",63
Aug 2017,171,David Holmes 4 inc,"1,297,647",62
Aug 2017,171,Sarah Palmieri inc,"831,297",43
Aug 2017,171,Leanora Marshall inc,"789,513",42
Aug 2017,172,Jennie Gibbs inc,"805,696",38
Aug 2017,172,Vernon Gross 2 inc,"487,804",23
Aug 2017,172,Blake Varrone inc,"478,355",22
Aug 2017,172,Emily Hill 2 inc,"418,250",21
Aug 2017,172,Tommy Mcfarland inc,"348,222",20
Aug 2017,173,Robert Doyle 3 inc,"1,199,207",59
Aug 2017,173,Yolanda Panzarella inc,"1,056,783",50
Aug 2017,173,Raleigh Gracia inc,"821,995",38
Aug 2017,173,Betty Mcelvaine inc,"721,522",40
Aug 2017,173,Robert Warne inc,"608,175",30
Aug 2017,174,Cody Leonard inc,"1,146,684",63
Aug 2017,174,Andrea Claybrook inc,"804,759",40
Aug 2017,174,Eddie Nobles inc,"532,705",27
Aug 2017,174,Karen Coffman inc,"524,323",27
Aug 2017,174,Debra Rose 2 inc,"495,124",25
Aug 2017,175,Judy Fujimoto inc,"582,809",32
Aug 2017,175,Rebecca Kelly 2 inc,"520,998",26
Aug 2017,175,Eugene Santelli inc,"400,330",22
Aug 2017,175,Karen Wallace 2 inc,"382,071",19
Aug 2017,175,Pauline Burdette inc,"352,792",16
Aug 2017,178,Maria Allen 4 inc,"492,555",24
Aug 2017,178,Tiffany Hardin inc,"119,878",4
Aug 2017,178,William Miller 18 inc,"62,807",3
Aug 2017,178,Sandra Kimball inc,"59,245",3
Aug 2017,178,Fred Guinn inc,"57,954",3
Aug 2017,179,Michael Swirsky inc,"5,573,121",281
Aug 2017,179,Curtis Banks inc,"1,950,766",96
Aug 2017,179,Gladys Castillo inc,"1,704,291",82
Aug 2017,179,Alan Poe inc,"1,446,752",67
Aug 2017,179,Judy Lutz inc,"1,129,963",62
Aug 2017,180,Anna Harrison inc,"1,141,272",59
Aug 2017,180,Alexandra Green inc,"610,946",28
Aug 2017,180,Denise Sievers inc,"516,997",23
Aug 2017,180,Matthew Johnson 11 inc,"339,279",15
Aug 2017,180,Ila Mcgrath inc,"261,444",12
Aug 2017,181,Juan Walsh 2 inc,"1,998,124",95
Aug 2017,181,Edith Roll inc,"849,169",39
Aug 2017,181,Gregg Verde inc,"739,262",36
Aug 2017,181,Kathleen Gau inc,"484,868",22
Aug 2017,181,Buddy Unruh inc,"419,327",20
Aug 2017,182,Julia Cope inc,"1,358,489",62
Aug 2017,182,Misty Slaugh inc,"724,441",37
Aug 2017,182,Betty Pew inc,"598,017",31
Aug 2017,182,Jason Lopez 2 inc,"425,275",21
Aug 2017,182,Harold Strand inc,"410,720",21
Aug 2017,183,Shanon Battle inc,"471,180",25
Aug 2017,183,William Munroe inc,"386,197",20
Aug 2017,183,John Otoole inc,"356,406",18
Aug 2017,183,Francis Casey inc,"348,583",17
Aug 2017,183,Angela Jackson 5 inc,"287,154",16
Aug 2017,184,Charlotte Valdez inc,"512,747",24
Aug 2017,184,Harold Ames inc,"363,464",19
Aug 2017,184,Cheryl Pike inc,"339,808",15
Aug 2017,184,Ralph Nava inc,"337,840",17
Aug 2017,184,Christopher Waage inc,"322,393",15
Aug 2017,185,Sarah Harris 5 inc,"18,079",1
Aug 2017,186,Larry Reid inc,"881,288",41
Aug 2017,186,Christine Paulino inc,"540,383",26
Aug 2017,186,David Zapata inc,"443,629",18
Aug 2017,186,Brett Richardson inc,"402,406",20
Aug 2017,186,Cora Brown inc,"289,028",16
Aug 2017,187,Joseph Miles inc,"548,592",30
Aug 2017,187,Trudie Baker inc,"345,924",17
Aug 2017,187,Roberto Alexander inc,"286,599",13
Aug 2017,187,Steven Kimbrell inc,"266,184",12
Aug 2017,187,Leonard Barredo inc,"240,283",12
Aug 2017,188,Ryan Widell inc,"775,015",41
Aug 2017,188,Thomas Thompson 9 inc,"691,801",37
Aug 2017,188,Anne Grantham inc,"654,314",30
Aug 2017,188,Michael Ramos 4 inc,"637,909",32
Aug 2017,188,Linda Alexander inc,"579,195",31
Aug 2017,189,Andrew Eastman inc,"1,218,150",61
Aug 2017,189,Gertrude Espinosa inc,"872,996",44
Aug 2017,189,Christina Chamberlain inc,"784,871",36
Aug 2017,189,Diane Allen 2 inc,"680,440",35
Aug 2017,189,Esther Rodriguez 2 inc,"587,772",29
Aug 2017,190,Jay Hokanson inc,"555,288",30
Aug 2017,190,Denise Marquez 2 inc,"392,661",19
Aug 2017,190,Thomas Voyer inc,"279,971",15
Aug 2017,190,Philip Baker 2 inc,"187,309",10
Aug 2017,190,Mark Lewis 5 inc,"176,757",10
Aug 2017,191,Virginia Greer inc,"587,797",29
Aug 2017,191,Patrick Heiden inc,"485,057",27
Aug 2017,191,Thomas Warner inc,"420,272",20
Aug 2017,191,Bruce Snyder inc,"393,589",19
Aug 2017,191,Frank Lundborg inc,"370,047",21
Aug 2017,193,Renate Snyder inc,"762,890",38
Aug 2017,193,Dorothy Woods inc,"390,736",20
Aug 2017,193,Adan Ellis inc,"355,374",17
Aug 2017,193,Lisa Plummer inc,"345,422",17
Aug 2017,193,Boyd Taylor inc,"261,501",13
Aug 2017,194,Alison Magallanes inc,"681,061",34
Aug 2017,194,Walter Washington 2 inc,"387,653",21
Aug 2017,194,Irma Bales inc,"368,312",14
Aug 2017,194,Mark Horst inc,"313,190",13
Aug 2017,194,Edgar Beeler inc,"279,924",12
Aug 2017,195,Casey Dawkins inc,"411,900",22
Aug 2017,195,Michael Hawkins 8 inc,"278,820",14
Aug 2017,195,Theresa Martin 3 inc,"234,274",13
Aug 2017,195,Klara Ibanez inc,"186,932",9
Aug 2017,195,Dion Cantu inc,"179,466",9
Aug 2017,197,Claudia Rodriguez inc,"1,084,526",51
Aug 2017,197,Ella Rose 2 inc,"264,313",15
Aug 2017,197,Chad Tobar inc,"236,843",12
Aug 2017,197,Lori Joseph inc,"233,661",12
Aug 2017,197,Gregory Bettis inc,"231,615",11
Aug 2017,198,Nancy Foley inc,"408,178",18
Aug 2017,198,Jose Emerson inc,"311,842",13
Aug 2017,198,Mary Griffith inc,"245,652",13
Aug 2017,198,Eugene Pons inc,"235,952",12
Aug 2017,198,Barbara Christian inc,"231,077",12
Aug 2017,199,Elbert Six inc,"1,918,407",97
Aug 2017,199,Crystal Dwyer inc,"1,414,075",78
Aug 2017,199,Daryl Taylor inc,"986,296",54
Aug 2017,199,Roger Serrano inc,"947,669",50
Aug 2017,199,Judy Evans 3 inc,"712,809",37
Aug 2017,200,Sandra Davenport inc,"2,765,006",140
Aug 2017,200,Juan Sojka inc,"1,987,081",95
Aug 2017,200,Jeffrey Connolly inc,"1,498,755",78
Aug 2017,200,Nick Holcombe inc,"1,443,637",76
Aug 2017,200,Teresa Ellis inc,"1,432,852",77
Aug 2017,201,James Howell 7 inc,"592,563",31
Aug 2017,201,Rosemary Clark inc,"292,273",16
Aug 2017,201,Patricia Hernandez 4 inc,"275,107",14
Aug 2017,201,Ryan Black inc,"238,809",12
Aug 2017,201,Johanna Shepard inc,"223,085",11
Aug 2017,203,Albert Cadwell inc,"1,096,255",52
Aug 2017,203,Ernest Ward inc,"325,618",13
Aug 2017,203,Jeffrey Berryman inc,"202,406",10
Aug 2017,203,Wayne Bird inc,"189,229",10
Aug 2017,203,Ken Grant inc,"155,980",8
Aug 2017,204,Ruth Newark inc,"283,468",16
Aug 2017,204,Debora Giles inc,"221,820",11
Aug 2017,204,Josephina Taylor inc,"137,301",7
Aug 2017,204,Blanche Hall inc,"130,192",6
Aug 2017,204,Hosea Ray inc,"112,175",5
Aug 2017,205,Tyrone Dwaileebe inc,"288,325",14
Aug 2017,205,Thomas Anderson 10 inc,"113,618",7
Aug 2017,205,Clarence Xia inc,"100,810",4
Aug 2017,205,Kevin Cordoua inc,"94,938",4
Aug 2017,205,Roberto Szymanski inc,"82,449",4
Aug 2017,206,Mary Roberts 6 inc,"360,984",18
Aug 2017,206,Louise Owens inc,"263,042",12
Aug 2017,206,Tracy Robles inc,"262,236",12
Aug 2017,206,Susan Klotz inc,"239,192",15
Aug 2017,206,Ryan Gregg inc,"199,320",11
Aug 2017,207,Clarence Griffin inc,"270,447",11
Aug 2017,207,Cheryl Ross inc,"144,901",7
Aug 2017,207,Vada Wheeler inc,"137,566",6
Aug 2017,207,Teresa Begley inc,"93,415",5
Aug 2017,207,Steven Eddy inc,"92,290",6
Aug 2017,208,Michael Abramson inc,"846,193",41
Aug 2017,208,Dale Skalicky inc,"276,139",12
Aug 2017,208,Gail Costello inc,"253,450",13
Aug 2017,208,Paula Santiago inc,"227,744",11
Aug 2017,208,Jason Ho inc,"185,539",9
Aug 2017,209,Ma Rowlands inc,"1,228,414",62
Aug 2017,209,Meaghan Saylor inc,"937,422",43
Aug 2017,209,Tempie Guardado inc,"472,456",22
Aug 2017,209,Michael Mincey inc,"460,325",22
Aug 2017,209,Mary Lynn inc,"450,621",21
Aug 2017,210,Angela Parsons inc,"855,930",44
Aug 2017,210,Diana Brown inc,"705,970",35
Aug 2017,210,Timothy Godwin inc,"695,892",36
Aug 2017,210,Michael Mocher inc,"655,841",32
Aug 2017,210,Jamie Remillard inc,"622,515",33
Aug 2017,211,William Darden inc,"769,854",36
Aug 2017,211,Ryan Charles inc,"545,220",24
Aug 2017,211,Cathryn Holsopple inc,"535,538",25
Aug 2017,211,Crystal Krumholz inc,"414,801",20
Aug 2017,211,Darryl Ellis inc,"376,413",18
Aug 2017,212,Donald Pimental inc,"6,009,414",308
Aug 2017,212,Rebecca Johnson 9 inc,"5,258,993",257
Aug 2017,212,Anna Risher inc,"3,684,676",181
Aug 2017,212,Bernice Pratt inc,"3,297,487",160
Aug 2017,212,Ruth Chavez inc,"2,754,214",131
Aug 2017,213,Katherine Stickel inc,"2,577,625",126
Aug 2017,213,Elizabeth Thomas 10 inc,"2,450,286",120
Aug 2017,213,Ella Rose 2 inc,"1,748,445",89
Aug 2017,213,Fredrick Vergara inc,"1,708,961",92
Aug 2017,213,Nichol Gentry inc,"1,510,451",74
Aug 2017,214,Daniel Steinbach inc,"757,532",36
Aug 2017,214,Rosendo Wallin inc,"524,256",24
Aug 2017,214,Miles West inc,"356,135",18
Aug 2017,214,Christie Poole inc,"327,122",16
Aug 2017,214,Beatrice Thomas inc,"322,609",15
Aug 2017,215,Katherine Caldwell inc,"451,206",23
Aug 2017,215,Allison Kingston inc,"214,049",12
Aug 2017,215,Stephanie Wallace 2 inc,"168,394",8
Aug 2017,215,Dave Moore inc,"129,758",4
Aug 2017,215,Joanne Webb inc,"123,056",5
Aug 2017,216,Deanna Dudley inc,"486,603",24
Aug 2017,216,Helen Acosta inc,"465,251",25
Aug 2017,216,Roger Espinoza inc,"345,108",15
Aug 2017,216,Claudia Henderson inc,"305,533",15
Aug 2017,216,James Nelson 9 inc,"294,875",14
Aug 2017,218,Julianne Mchugh inc,"833,756",43
Aug 2017,218,Ronald Abbott 2 inc,"545,893",26
Aug 2017,218,Nina Humphreys inc,"475,874",22
Aug 2017,218,Gary Ratcliff inc,"466,897",22
Aug 2017,218,Charles Oneil inc,"400,509",17
Aug 2017,219,Rodney Lichtenberg inc,"741,364",39
Aug 2017,219,Donald Smith 19 inc,"704,189",34
Aug 2017,219,Wendy Strong inc,"583,334",30
Aug 2017,219,Alfreda Mcnaughton inc,"574,779",29
Aug 2017,219,James Henderson 10 inc,"469,815",21
Aug 2017,220,Rose Smith 7 inc,"633,498",31
Aug 2017,220,James Jones 47 inc,"519,788",24
Aug 2017,220,Megan Robinson 5 inc,"510,235",26
Aug 2017,220,Marvin Rivera 2 inc,"414,999",20
Aug 2017,220,Grace Gorman inc,"334,203",20
Aug 2017,221,Rose Brewer 2 inc,"175,828",9
Aug 2017,221,Vanessa Yepsen inc,"144,281",7
Aug 2017,221,Donna Wallace inc,"124,253",6
Aug 2017,221,Pedro Johnston inc,"110,445",6
Aug 2017,221,Maximina Carroll inc,"105,786",4
Aug 2017,222,Jonathon Morrison inc,"319,403",15
Aug 2017,222,Donald Mccarthy inc,"285,664",13
Aug 2017,222,Melvin Hurt inc,"260,859",11
Aug 2017,222,Theresa Martin 3 inc,"175,672",7
Aug 2017,222,Dennis Clancy inc,"115,926",6
Aug 2017,223,Judy Turner inc,"615,590",30
Aug 2017,223,Gracie Mcmorran inc,"613,462",30
Aug 2017,223,Travis Stafford inc,"470,711",22
Aug 2017,223,Connie Thompson inc,"329,094",16
Aug 2017,223,Robert Gatson inc,"264,147",12
Aug 2017,224,John Sutton 8 inc,"621,243",28
Aug 2017,224,Deborah Harris 5 inc,"265,745",15
Aug 2017,224,Guillermo Wasson inc,"230,803",12
Aug 2017,224,Brandie Lane inc,"193,847",9
Aug 2017,224,John Krantz inc,"163,983",6
Aug 2017,226,John Rutherford 4 inc,"1,958,720",98
Aug 2017,226,Maggie Rosa inc,"1,035,310",56
Aug 2017,226,Jaime Marks inc,"782,573",36
Aug 2017,226,Joseph Dempsey inc,"765,145",38
Aug 2017,226,Princess White inc,"550,663",27
Aug 2017,227,Frank Mahler inc,"214,262",12
Aug 2017,227,Roger Rio inc,"165,018",7
Aug 2017,227,Lucy Thompson 2 inc,"163,474",8
Aug 2017,227,Michele Dunn inc,"138,646",6
Aug 2017,227,Andrea Sampson inc,"137,170",7
Aug 2017,228,Pablo Laboy inc,"288,154",13
Aug 2017,228,Gail Henderson inc,"277,244",13
Aug 2017,228,Constance Hubbard inc,"238,818",10
Aug 2017,228,Lynda Jackman inc,"155,436",7
Aug 2017,228,Brenda Gomez 3 inc,"148,442",9
Aug 2017,229,Muriel Alvarez inc,"380,396",19
Aug 2017,229,Christina Moralez inc,"373,178",17
Aug 2017,229,John Ramirez 10 inc,"327,429",17
Aug 2017,229,Camille Lindsey inc,"240,190",10
Aug 2017,229,Carol Armstrong inc,"236,981",13
Aug 2017,230,Terry Morris inc,"347,886",18
Aug 2017,230,John Rivera 9 inc,"323,140",13
Aug 2017,230,Allison Burgess inc,"312,726",17
Aug 2017,230,Rosie Champagne inc,"274,188",14
Aug 2017,230,Mary Melendez 3 inc,"249,885",13
Aug 2017,231,Joshua Berryhill inc,"1,927,722",96
Aug 2017,231,Edward Hebert 3 inc,"1,212,001",63
Aug 2017,231,Robert Barfield inc,"972,970",52
Aug 2017,231,Florence Mitchell 2 inc,"971,462",45
Aug 2017,231,Henry Vargas 2 inc,"844,679",47
Aug 2017,232,Whitney Delgado inc,"1,043,345",49
Aug 2017,232,Charles Urias inc,"810,985",40
Aug 2017,232,James Carpenter 7 inc,"711,162",34
Aug 2017,232,Richard Telfer inc,"695,386",32
Aug 2017,232,Adam Schey inc,"569,122",32
Aug 2017,233,Chad Tobar inc,"5,479,427",268
Aug 2017,233,Ella Rose 2 inc,"4,121,181",204
Aug 2017,233,John Mcneal 2 inc,"3,610,190",183
Aug 2017,233,Lori Joseph inc,"2,695,651",134
Aug 2017,233,Ruth Kohl inc,"2,432,384",125
Aug 2017,234,Rachel Honeycutt inc,"659,058",28
Aug 2017,234,Alice Dickerson inc,"513,112",25
Aug 2017,234,Daniel Marshall 7 inc,"480,210",24
Aug 2017,234,Johnnie Elliott inc,"475,432",25
Aug 2017,234,Anthony Tobey inc,"445,026",23
Aug 2017,235,Peter Adams 3 inc,"345,856",17
Aug 2017,235,David Morris 4 inc,"288,060",12
Aug 2017,235,Andrew Bullock inc,"168,570",7
Aug 2017,235,Michael Brickner inc,"160,923",7
Aug 2017,235,Myra Abron inc,"151,513",7
Aug 2017,236,Nora Saenz inc,"262,781",13
Aug 2017,236,Nick Redenius inc,"180,060",11
Aug 2017,236,Jeremy Adams 3 inc,"179,024",8
Aug 2017,236,Donald Session inc,"122,352",5
Aug 2017,236,Michael Barbieri inc,"110,608",5
Aug 2017,237,Keith Feldman inc,"203,420",9
Aug 2017,237,Elizabeth Thompson 5 inc,"190,438",9
Aug 2017,237,Bernice Batz inc,"159,802",8
Aug 2017,237,Julie Hughes inc,"121,558",10
Aug 2017,237,Earl Quarles inc,"119,876",6
Aug 2017,238,Kenneth Kimbler inc,"1,167,927",59
Aug 2017,238,Eugene Roberts inc,"750,014",32
Aug 2017,238,Greg Myers inc,"705,500",33
Aug 2017,238,Clyde Scott 2 inc,"609,761",28
Aug 2017,238,Duane Stafford inc,"523,520",26
Aug 2017,239,Bonnie Gresham inc,"370,330",20
Aug 2017,239,Leonard Parton inc,"364,246",17
Aug 2017,239,Dean Arteaga inc,"286,159",14
Aug 2017,239,George Hay inc,"251,996",9
Aug 2017,239,Ivelisse Cipriani inc,"242,072",14
Aug 2017,240,Jessica Baxter inc,"375,500",19
Aug 2017,240,Gloria Applin inc,"346,326",17
Aug 2017,240,Ronald Cantey inc,"237,723",10
Aug 2017,240,Victoria Brown 3 inc,"221,822",11
Aug 2017,240,Margaret Thompson 7 inc,"200,121",10
Aug 2017,242,Mae Davis 3 inc,"1,304,821",68
Aug 2017,242,Ada Cough inc,"1,039,955",50
Aug 2017,242,Estella Vidal inc,"954,474",43
Aug 2017,242,John Bordner inc,"684,420",35
Aug 2017,242,Theodore Cooke inc,"516,116",27
Aug 2017,244,Vivian Cawthorne inc,"2,695,423",134
Aug 2017,244,Diane Robbins inc,"2,024,499",104
Aug 2017,244,James Funk 2 inc,"1,110,796",53
Aug 2017,244,Donald Bacon 2 inc,"1,035,262",49
Aug 2017,244,Pauline Hakes inc,"708,589",32
Aug 2017,245,Brenda Green 4 inc,"890,910",43
Aug 2017,245,Anton Wilder inc,"789,677",37
Aug 2017,245,James Brown 42 inc,"453,408",22
Aug 2017,245,Stephen Strohman inc,"434,914",20
Aug 2017,245,Lindsey Abernethy inc,"400,520",20
Aug 2017,246,Clarice Potts inc,"3,796,862",187
Aug 2017,246,James Holliday inc,"2,213,793",113
Aug 2017,246,Marc Juckett inc,"2,169,382",104
Aug 2017,246,Naomi Wakefield inc,"1,160,036",62
Aug 2017,246,Gabriel Allen inc,"1,081,775",51
Aug 2017,247,Alex Couzens inc,"1,461,843",71
Aug 2017,247,Charles Doyle inc,"1,109,371",54
Aug 2017,247,Mary Schultheis inc,"761,726",35
Aug 2017,247,Frederick Uson inc,"536,583",24
Aug 2017,247,Joseph Cox 6 inc,"527,734",26
Aug 2017,248,Nicholas Mixer inc,"1,348,878",66
Aug 2017,248,Katherine Gonce inc,"986,796",55
Aug 2017,248,Tara Hollis inc,"980,510",48
Aug 2017,248,Marie Compton inc,"957,312",45
Aug 2017,248,Dennis Kats inc,"909,395",46
Aug 2017,250,Raymond Higginbotham inc,"636,720",28
Aug 2017,250,Edward Campbell 2 inc,"566,582",28
Aug 2017,250,Catherine Ochs inc,"531,633",25
Aug 2017,250,Karen Hyde inc,"442,848",21
Aug 2017,250,Angela Mcnabb inc,"392,990",21
Aug 2017,251,Rose Mincey inc,"1,762,826",88
Aug 2017,251,Lola Cramer inc,"1,570,542",82
Aug 2017,251,Ryan Harris 2 inc,"1,541,080",74
Aug 2017,251,Vonda Lake inc,"1,096,950",51
Aug 2017,251,Mark Le inc,"1,026,003",47
Aug 2017,252,Jimmy Kelly inc,"316,191",16
Aug 2017,252,Dominick Newsom inc,"229,186",11
Aug 2017,252,Ronald Fraser inc,"198,135",9
Aug 2017,252,Felicia Pickle inc,"127,755",8
Aug 2017,252,Fredrick Colburn inc,"123,192",7
Aug 2017,253,Jesse Valazquez inc,"541,692",25
Aug 2017,253,Walter Hay inc,"526,093",26
Aug 2017,253,Karen Fiene inc,"447,724",20
Aug 2017,253,Dillon Renshaw inc,"345,560",18
Aug 2017,253,Patricia Ross 3 inc,"334,449",16
Aug 2017,254,Michael Newsom inc,"397,462",20
Aug 2017,254,Amanda Jara inc,"180,383",7
Aug 2017,254,Paul Hazelton inc,"105,529",5
Aug 2017,254,Todd Dragich inc,"99,685",4
Aug 2017,254,Jennifer Lowery 2 inc,"87,231",5
Aug 2017,255,Harmony Mathis inc,"959,051",50
Aug 2017,255,Sheryl Wilson inc,"379,217",19
Aug 2017,255,Roger Thibodeaux inc,"355,420",16
Aug 2017,255,Barry Lyons 2 inc,"327,526",17
Aug 2017,255,Joe Hall inc,"275,359",13
Aug 2017,256,Leigh Carr inc,"1,797,526",94
Aug 2017,256,Juan Kong inc,"954,104",41
Aug 2017,256,Beatrice Graham inc,"683,514",35
Aug 2017,256,Edward Jones 10 inc,"622,894",28
Aug 2017,256,Ryan Kyle inc,"527,774",26
Aug 2017,258,Stacie Lucas inc,"331,772",18
Aug 2017,258,Steven Johnson 10 inc,"197,783",9
Aug 2017,258,Michelle Jones 13 inc,"166,358",8
Aug 2017,258,Randall Mccarty inc,"161,073",9
Aug 2017,258,Lina Kelsey inc,"156,458",6
Aug 2017,259,Gerald Mccullough inc,"981,468",47
Aug 2017,259,Stephanie Reeves inc,"874,391",44
Aug 2017,259,Adrienne Hill inc,"718,872",30
Aug 2017,259,Anthony Wheeler 2 inc,"647,437",33
Aug 2017,259,Allen Jackson 2 inc,"560,630",31
Aug 2017,260,Jordan Johnson inc,"549,602",28
Aug 2017,260,William Young 10 inc,"506,485",24
Aug 2017,260,Ronald Betcher inc,"417,312",21
Aug 2017,260,Eloise Paoli inc,"387,164",18
Aug 2017,260,Christopher Bullock inc,"308,808",14
Aug 2017,261,Donald Lowe inc,"544,771",31
Aug 2017,261,Sheri Menard inc,"405,933",20
Aug 2017,261,Phillip Justice 2 inc,"353,353",17
Aug 2017,261,Robena Jones inc,"335,256",14
Aug 2017,261,Samuel Powell inc,"335,031",18
Aug 2017,262,Raymond Sylvester inc,"330,206",20
Aug 2017,262,Joshua Finchum inc,"330,013",16
Aug 2017,262,Kevin Wolfrum inc,"327,087",15
Aug 2017,262,Wayne James 2 inc,"278,904",14
Aug 2017,262,Bonnie Thomas 5 inc,"266,135",13
Aug 2017,263,Joan Miller 2 inc,"317,258",16
Aug 2017,263,David Millay 2 inc,"261,315",13
Aug 2017,263,Nicholas Pearsall inc,"170,322",9
Aug 2017,263,Marvin Soto inc,"123,170",7
Aug 2017,263,Donnell Cotto inc,"120,946",6
Aug 2017,264,Stefan Hall inc,"290,134",17
Aug 2017,264,Erika Legrand inc,"269,511",12
Aug 2017,264,Mary Hibbert inc,"159,837",6
Aug 2017,264,Sandra Brison inc,"147,457",7
Aug 2017,264,Donna Hayslip inc,"143,096",6
Aug 2017,265,Michelle Dougherty inc,"579,697",27
Aug 2017,265,Brandon Beatty inc,"378,985",17
Aug 2017,265,David Adkins 7 inc,"343,600",19
Aug 2017,265,Michael Feinberg inc,"302,435",17
Aug 2017,265,Matthew Jackson 3 inc,"294,735",14
Aug 2017,266,Jerry Anderson 2 inc,"394,736",20
Aug 2017,266,Darryl Servin inc,"369,295",18
Aug 2017,266,Jeff Darou inc,"281,060",12
Aug 2017,266,Timothy Poole inc,"216,905",11
Aug 2017,266,Carrie Cianciola inc,"124,422",6
Aug 2017,267,Genesis Barcia inc,"312,749",13
Aug 2017,267,Maurice Ehret inc,"255,553",11
Aug 2017,267,Rebecca Pollard inc,"224,031",12
Aug 2017,267,Kimberly Brown 6 inc,"221,761",10
Aug 2017,267,Julie Young inc,"216,717",10
Aug 2017,268,Trudy Harris inc,"881,334",39
Aug 2017,268,Sabine King inc,"649,760",29
Aug 2017,268,Roy Mccoy inc,"615,962",29
Aug 2017,268,Timothy Lewis 8 inc,"603,984",27
Aug 2017,268,Ernest Garner inc,"529,920",27
Aug 2017,269,Josephine Garrity inc,"460,250",21
Aug 2017,269,Mary Radford 3 inc,"227,408",12
Aug 2017,269,James Oliver 6 inc,"166,945",8
Aug 2017,269,Veronica Huttar inc,"158,253",7
Aug 2017,269,Charles Young 5 inc,"144,414",7
Aug 2017,270,Douglas Massie inc,"418,681",21
Aug 2017,270,Patricia Smith 25 inc,"360,888",21
Aug 2017,270,Jane Vanauken inc,"327,591",17
Aug 2017,270,Cristina Lindsay inc,"316,260",14
Aug 2017,270,David Park inc,"282,078",15
Aug 2017,271,Ann Morrell inc,"1,035,246",49
Aug 2017,271,Sharon Mcdaniel inc,"1,012,954",50
Aug 2017,271,Jimmy Garcia 2 inc,"955,875",45
Aug 2017,271,Christopher Castro 2 inc,"754,742",38
Aug 2017,271,Constance White inc,"677,683",34
Aug 2017,272,David Fitzpatrick inc,"854,430",43
Aug 2017,272,Micheal Seymore inc,"521,864",26
Aug 2017,272,Mark Layne inc,"488,463",28
Aug 2017,272,Eloise Davis inc,"467,943",23
Aug 2017,272,Gabriela Woods inc,"442,000",21
Aug 2017,273,Ruth Signs inc,"57,224",2
Aug 2017,273,Philip Capps inc,"27,948",1
Aug 2017,273,David Houchin inc,"27,214",2
Aug 2017,273,Michelle Perez 2 inc,"21,300",1
Aug 2017,273,Mario Howard inc,"21,111",1
Aug 2017,274,Doris Babcock inc,"3,411,506",178
Aug 2017,274,Austin Edmunds inc,"1,334,676",62
Aug 2017,274,Angela Barrett 2 inc,"1,296,572",70
Aug 2017,274,William Hummel 2 inc,"1,293,291",69
Aug 2017,274,Sylvester Wetzel inc,"1,157,735",62
Aug 2017,275,Doris Bullard inc,"401,861",20
Aug 2017,275,Lynn Reed inc,"301,017",14
Aug 2017,275,Brittany Cohn inc,"274,812",15
Aug 2017,275,Frederick Mccammon inc,"224,943",10
Aug 2017,275,Kathleen Rutz inc,"224,808",12
Aug 2017,276,Steven Porter 2 inc,"975,597",49
Aug 2017,276,Odis Hampton inc,"931,089",49
Aug 2017,276,Joey Johnson inc,"693,089",30
Aug 2017,276,Ladonna Seelbach inc,"653,639",32
Aug 2017,276,Vesta Jackson inc,"573,546",32
Aug 2017,277,Jonathan Rollins inc,"4,804,444",242
Aug 2017,277,Tracie Dempsey inc,"3,591,409",176
Aug 2017,277,Daniel Phipps 2 inc,"3,442,425",172
Aug 2017,277,Amira Jefferson inc,"2,525,734",128
Aug 2017,277,Michelle Briscoe inc,"2,105,323",105
Aug 2017,278,Sylvia Holler inc,"1,689,967",89
Aug 2017,278,David Fontaine inc,"1,371,090",66
Aug 2017,278,Maria Davis 10 inc,"1,214,231",58
Aug 2017,278,Calvin Severy inc,"861,922",41
Aug 2017,278,David Smith 45 inc,"608,236",33
Aug 2017,279,Robert Hall 16 inc,"1,707,658",83
Aug 2017,279,Debra Williams 7 inc,"1,544,457",74
Aug 2017,279,George Williams 20 inc,"1,132,995",60
Aug 2017,279,Jocelyn Dixon inc,"1,125,656",58
Aug 2017,279,Miguel Walt inc,"1,073,059",53
Aug 2017,280,Clyde Garland inc,"2,252,929",109
Aug 2017,280,Cynthia Morton inc,"643,677",30
Aug 2017,280,John Harris 25 inc,"616,533",32
Aug 2017,280,Vivian Howard inc,"590,002",27
Aug 2017,280,Maria Woods inc,"492,773",22
Aug 2017,281,Pierre Weiner inc,"895,006",40
Aug 2017,281,Charles Everett inc,"504,024",25
Aug 2017,281,Sandra Staples inc,"415,340",17
Aug 2017,281,Christine Hernandez inc,"310,584",16
Aug 2017,281,Clayton Palmer inc,"306,645",15
Aug 2017,282,Jonathan Crumble inc,"1,388,645",70
Aug 2017,282,Devon Sanders inc,"1,127,995",56
Aug 2017,282,Daron Corley inc,"819,696",37
Aug 2017,282,Katherine Cotter inc,"777,583",40
Aug 2017,282,Robert Karst inc,"476,256",24
Aug 2017,283,Christopher Carter 3 inc,"2,634,950",124
Aug 2017,283,Marlin Stroud inc,"1,607,827",86
Aug 2017,283,Mikki Seburg inc,"1,418,321",67
Aug 2017,283,Jennifer Moody inc,"1,140,915",61
Aug 2017,283,Sterling Haskins inc,"1,092,665",51
Aug 2017,285,Jefferey Smith inc,"408,844",20
Aug 2017,285,Juanita Moss inc,"272,777",13
Aug 2017,285,William Cade inc,"226,442",10
Aug 2017,285,Patricia Keith 2 inc,"164,588",10
Aug 2017,285,Adriana Williams inc,"97,847",4
Aug 2017,286,Chris Heath inc,"4,492,049",220
Aug 2017,286,Kevin Hellman inc,"3,322,179",157
Aug 2017,286,Rita Elias inc,"2,685,580",132
Aug 2017,286,Jasmin Morataya inc,"2,653,284",132
Aug 2017,286,Lisa Castillo 2 inc,"1,529,373",73
Aug 2017,287,Sherri Garrison inc,"552,060",33
Aug 2017,287,George Peebles inc,"282,111",13
Aug 2017,287,John Arlington inc,"267,612",11
Aug 2017,287,Wm Evans inc,"245,632",11
Aug 2017,287,Anita Herman inc,"232,294",11
Aug 2017,288,Michael Morgan 3 inc,"748,478",35
Aug 2017,288,Wallace Bennett inc,"742,675",35
Aug 2017,288,Steve Crofton inc,"539,214",25
Aug 2017,288,Glenn Trevathan inc,"385,525",21
Aug 2017,288,Lynn Brown 6 inc,"336,984",20
Aug 2017,289,Sherri Garrison inc,"2,579,663",128
Aug 2017,289,John Penn 2 inc,"1,513,431",72
Aug 2017,289,Willard Conditt inc,"1,499,406",76
Aug 2017,289,George Centeno inc,"1,412,719",72
Aug 2017,289,Elnora Cook inc,"1,342,134",68
Aug 2017,290,Charles Harris 11 inc,"319,760",13
Aug 2017,290,Timothy Oneill inc,"250,701",15
Aug 2017,290,Shane Nelson inc,"248,073",13
Aug 2017,290,Guadalupe Schoenfeld inc,"236,459",11
Aug 2017,290,Lawrence Cathey inc,"183,204",9
Aug 2017,291,Cesar Hall inc,"7,584,472",386
Aug 2017,291,Mary Castillo 2 inc,"1,548,512",75
Aug 2017,291,Lisa Bryant 3 inc,"1,447,106",68
Aug 2017,291,Chad Tobar inc,"1,440,739",69
Aug 2017,291,Efrain Webb inc,"1,405,145",75
Aug 2017,292,Rebecca Kim 2 inc,"936,479",49
Aug 2017,292,Gilbert Lowell inc,"769,635",39
Aug 2017,292,Brandon Manns inc,"651,944",28
Aug 2017,292,Scott Uson inc,"418,870",21
Aug 2017,292,Edna Ramirez inc,"344,062",16
Aug 2017,293,Aileen Coons inc,"206,700",9
Aug 2017,293,Jessica Blackwood inc,"164,040",9
Aug 2017,293,Donna Brown 7 inc,"138,637",7
Aug 2017,293,Lori Watson inc,"136,513",5
Aug 2017,293,Lawrence Williams 4 inc,"131,449",7
Aug 2017,294,Phyllis Matthews inc,"378,539",16
Aug 2017,294,Keith Thomas 2 inc,"284,009",14
Aug 2017,294,Andrew Bailey 2 inc,"240,893",11
Aug 2017,294,Mathew Vogus inc,"206,373",12
Aug 2017,294,Timothy Dhondt inc,"201,390",9
Aug 2017,295,Darren Brewer inc,"520,392",24
Aug 2017,295,William Harrington 3 inc,"507,861",27
Aug 2017,295,Jody Minor inc,"430,968",22
Aug 2017,295,Warren Cameron inc,"337,650",14
Aug 2017,295,Christopher Hubbard 3 inc,"328,636",14
Aug 2017,296,Larry Mcmanus inc,"821,694",38
Aug 2017,296,Harold Knopp inc,"640,423",33
Aug 2017,296,Terry Guillory inc,"541,154",25
Aug 2017,296,Randall Howard inc,"476,339",24
Aug 2017,296,Bessie Davis 2 inc,"438,327",22
Aug 2017,297,Crystal Marquez inc,"850,988",41
Aug 2017,297,Nicole Borrero inc,"760,667",43
Aug 2017,297,Arlyne Smith inc,"723,344",32
Aug 2017,297,David Parsons 3 inc,"699,366",35
Aug 2017,297,Reginald Rome inc,"603,229",29
Aug 2017,298,Marisa Corbin inc,"313,018",14
Aug 2017,298,Donna Canfield inc,"264,081",12
Aug 2017,298,Guadalupe Blank inc,"256,089",10
Aug 2017,298,Zachary Mayle inc,"230,228",12
Aug 2017,298,Ella Rose 2 inc,"207,410",11
Aug 2017,299,Joe Quinn inc,"419,686",20
Aug 2017,299,Gary Hayes inc,"417,374",22
Aug 2017,299,Mildred Tilman inc,"386,297",21
Aug 2017,299,Kim Sutton inc,"284,246",12
Aug 2017,299,Michelle Thomas 6 inc,"258,645",12
Aug 2017,300,Joseph Mcdonald 2 inc,"741,563",38
Aug 2017,300,Ruben Frantz inc,"693,255",35
Aug 2017,300,Rene Roberts 2 inc,"637,151",33
Aug 2017,300,William Ramsey 2 inc,"576,504",28
Aug 2017,300,Louise Nyberg inc,"515,536",24
Aug 2017,301,John Hammond 2 inc,"371,060",20
Aug 2017,301,Joyce Perry inc,"353,020",16
Aug 2017,301,Gabrielle Caudel inc,"338,667",15
Aug 2017,301,Juan Jennrich inc,"314,602",18
Aug 2017,301,Laurie Trexler inc,"288,434",14
Aug 2017,302,Colin Canelo inc,"1,502,611",73
Aug 2017,302,Albert Smith 10 inc,"1,393,433",71
Aug 2017,302,Thomas Crouchet inc,"884,730",41
Aug 2017,302,Bonny Ray inc,"581,816",30
Aug 2017,302,Jacob Morrison inc,"532,391",24
Aug 2017,303,Christine Hill 3 inc,"925,140",45
Aug 2017,303,Marvin Peterman inc,"395,491",19
Aug 2017,303,Robert Moretz inc,"340,220",17
Aug 2017,303,Bessie Fulmer inc,"262,680",15
Aug 2017,303,Joanne Baran inc,"261,848",14
Aug 2017,304,Cordelia Rice inc,"729,607",35
Aug 2017,304,Heather Brackett inc,"623,141",31
Aug 2017,304,Douglas Mackin inc,"366,970",18
Aug 2017,304,Jill Costa inc,"355,622",18
Aug 2017,304,Annie Coffman inc,"302,920",16
Aug 2017,306,Timothy Sepulveda inc,"255,515",12
Aug 2017,306,Maurice Robertson inc,"177,987",11
Aug 2017,306,Scott Aponte inc,"157,381",8
Aug 2017,306,Martha Williams 5 inc,"125,728",7
Aug 2017,306,Ethyl Harter inc,"116,037",6
Aug 2017,307,John Kluender inc,"696,173",34
Aug 2017,307,Gary Garcia 5 inc,"159,205",9
Aug 2017,307,Thomas Smith 28 inc,"147,417",9
Aug 2017,307,Theresa Lamb inc,"138,777",6
Aug 2017,307,Jamal Moore inc,"124,266",7
Aug 2017,308,Fannie Baltimore inc,"850,850",42
Aug 2017,308,Reed Williams inc,"793,079",39
Aug 2017,308,Roy Lavine inc,"694,500",40
Aug 2017,308,Frances Fritz inc,"569,814",29
Aug 2017,308,Alicia Roberts inc,"474,869",24
Aug 2017,309,Patricia Jackson 7 inc,"297,778",13
Aug 2017,309,Holly Hartline inc,"290,764",14
Aug 2017,309,Christopher Frazier 2 inc,"254,965",13
Aug 2017,309,Marian Mann inc,"244,375",11
Aug 2017,309,Quinton Hargrove inc,"234,567",12
Aug 2017,310,Briana Powell inc,"360,179",22
Aug 2017,310,Alvin Moodie inc,"350,387",19
Aug 2017,310,Patricia Smith 24 inc,"343,251",19
Aug 2017,310,Darrick Pendleton inc,"270,036",12
Aug 2017,310,Kathy Sain inc,"221,048",12
Aug 2017,311,Janet Baker 2 inc,"471,296",26
Aug 2017,311,Carole West inc,"356,273",16
Aug 2017,311,Michael Dunlop inc,"340,605",15
Aug 2017,311,Roger Freitas inc,"340,331",18
Aug 2017,311,Benjamin Hunt inc,"211,518",12
Aug 2017,312,Tony Butler inc,"441,416",20
Aug 2017,312,David Taylor 12 inc,"415,253",20
Aug 2017,312,Brandon Whitman inc,"300,276",16
Aug 2017,312,Thomas Diaz 2 inc,"201,918",12
Aug 2017,312,Joann Net inc,"200,227",9
Aug 2017,313,Danny Lupien inc,"576,625",32
Aug 2017,313,Stanley Adair inc,"331,751",15
Aug 2017,313,Catherine Hogan inc,"232,234",11
Aug 2017,313,Linda Armendarez inc,"218,226",10
Aug 2017,313,Jason Butler 2 inc,"217,488",10
Aug 2017,314,Charles Dallas inc,"1,482,062",74
Aug 2017,314,Carl Black inc,"1,009,979",49
Aug 2017,314,Jeffery Aguilar 2 inc,"983,640",51
Aug 2017,314,Erna Dahlgren inc,"939,959",50
Aug 2017,314,Lloyd Brink inc,"793,004",39
Aug 2017,315,Harriet Miller inc,"125,318",6
Aug 2017,315,William Howlin inc,"83,251",4
Aug 2017,315,Lester Marcum inc,"78,321",5
Aug 2017,315,Carol Wild inc,"58,024",2
Aug 2017,315,James Maltie inc,"54,911",3
Aug 2017,316,Tammy Perotti inc,"19,533",1
Aug 2017,316,Howard Phipps inc,"18,656",1
Aug 2017,318,Jose Penn inc,"429,715",21
Aug 2017,318,Ryan Malina inc,"370,111",20
Aug 2017,318,Ralph Weckhorst inc,"299,512",14
Aug 2017,318,Jean Vandusen inc,"298,880",15
Aug 2017,318,Ramona Clark inc,"261,885",12
Aug 2017,319,Mandy Easton inc,"48,378",2
Aug 2017,319,Tammy Johnson 6 inc,"45,612",3
Aug 2017,319,Timothy Boyle inc,"41,939",2
Aug 2017,319,Charlotte Lovell 2 inc,"36,036",2
Aug 2017,319,Janet London inc,"35,625",1
Aug 2017,320,Tom Benavidez inc,"3,082,722",151
Aug 2017,320,Janice Whiteman inc,"1,419,392",64
Aug 2017,320,Arthur Dove inc,"916,088",49
Aug 2017,320,Edwin Riley inc,"772,387",40
Aug 2017,320,Rebecca Harrold inc,"714,682",33
Aug 2017,321,Mark Awalt inc,"304,615",14
Aug 2017,321,Cynthia Ciriaco inc,"243,329",11
Aug 2017,321,Steven Hisey inc,"178,113",9
Aug 2017,321,Arthur Cobb inc,"177,373",9
Aug 2017,321,Graham Palacios inc,"170,454",7
Aug 2017,322,Quinton Elizarraras inc,"2,510,959",125
Aug 2017,322,Andrea Hartman inc,"1,896,668",101
Aug 2017,322,Allen Poulton inc,"1,334,751",63
Aug 2017,322,William White 20 inc,"1,058,212",52
Aug 2017,322,Dana Anderson inc,"990,483",45
Aug 2017,323,Ruben Lopez inc,"1,242,087",65
Aug 2017,323,Michael Wheeler 8 inc,"1,054,511",56
Aug 2017,323,Jose Handy inc,"411,487",21
Aug 2017,323,Justin Cardenas inc,"399,610",20
Aug 2017,323,John Varela inc,"330,535",17
Aug 2017,325,Dennis Terrance inc,"1,247,904",67
Aug 2017,325,Craig Rehm inc,"756,581",32
Aug 2017,325,Christopher Pinneo inc,"669,075",37
Aug 2017,325,Miriam Cisneros inc,"499,436",26
Aug 2017,325,Francine Legions inc,"448,439",20
Aug 2017,326,Nancy Hill 5 inc,"189,762",10
Aug 2017,326,Sol Ruiz inc,"151,694",7
Aug 2017,326,David Mann 4 inc,"131,469",9
Aug 2017,326,Richard Markle inc,"129,257",6
Aug 2017,326,Paul Wiseman inc,"100,856",5
Aug 2017,327,Arthur Cobb 3 inc,"241,259",11
Aug 2017,327,Daniel Page 2 inc,"214,200",11
Aug 2017,327,Lori Joseph inc,"106,993",4
Aug 2017,327,Eric Zaragoza inc,"105,331",5
Aug 2017,327,Angela Prince inc,"99,910",3
Aug 2017,328,William Darling inc,"764,885",41
Aug 2017,328,Samira Cervantes inc,"476,459",24
Aug 2017,328,Matthew Seldon inc,"339,870",14
Aug 2017,328,Heather Porter inc,"327,174",15
Aug 2017,328,Wendy Donnelly inc,"289,166",15
Aug 2017,329,Stephanie Bagaoisan inc,"847,729",40
Aug 2017,329,Kristen Woods inc,"765,912",40
Aug 2017,329,Dora Hernandez 2 inc,"563,021",26
Aug 2017,329,Robert Olson 4 inc,"438,547",24
Aug 2017,329,Shirley Ball inc,"370,663",17
Aug 2017,330,Karen Pate inc,"587,031",32
Aug 2017,330,Sandra Buckner inc,"429,109",19
Aug 2017,330,Hugh Gale inc,"302,951",15
Aug 2017,330,Ricardo Kane inc,"282,775",14
Aug 2017,330,Alyson Efird inc,"250,168",11
Aug 2017,331,Antoine Alexander inc,"10,061,322",503
Aug 2017,331,Valerie Martin 2 inc,"9,893,346",483
Aug 2017,331,Jean Jolley inc,"7,426,672",368
Aug 2017,331,Ryan Stephens 2 inc,"7,153,228",345
Aug 2017,331,Georgine Heard inc,"4,561,777",229
Aug 2017,333,Joseph Proctor inc,"5,862,666",284
Aug 2017,333,Teresa Begley inc,"4,941,775",233
Aug 2017,333,Vincent Peterson 2 inc,"3,060,568",154
Aug 2017,333,Andrew Hernandez 2 inc,"2,372,915",118
Aug 2017,333,Clarence Griffin inc,"2,310,846",112
Aug 2017,334,Mary Siegel inc,"1,724,402",83
Aug 2017,334,Brianna Derrick inc,"1,252,103",66
Aug 2017,334,Jeffrey Bock inc,"1,149,364",55
Aug 2017,334,Noella Vansickle inc,"1,085,423",53
Aug 2017,334,Paulette Griffin inc,"957,912",49
Aug 2017,335,Catherine Tanner inc,"326,401",13
Aug 2017,335,Jennifer Fleming 3 inc,"236,972",10
Aug 2017,335,William Howland inc,"225,582",11
Aug 2017,335,Sandra Belvins inc,"212,808",12
Aug 2017,335,Yolanda Jones 3 inc,"200,605",12
Aug 2017,336,Katherine Kirschner inc,"267,321",13
Aug 2017,336,Angie Ewald inc,"218,386",10
Aug 2017,336,Helen Stubbendeck inc,"117,546",4
Aug 2017,336,Anthony Wender inc,"102,240",4
Aug 2017,336,Roberto Mundy inc,"87,597",6
Aug 2017,337,Karen Lee 2 inc,"914,100",47
Aug 2017,337,Timothy Robins inc,"438,887",21
Aug 2017,337,Mary Ruggiero inc,"364,615",16
Aug 2017,337,Anna Baker 2 inc,"334,606",17
Aug 2017,337,Benjamin French inc,"224,371",11
Aug 2017,338,Lucas Carmona inc,"343,468",17
Aug 2017,338,Lon Larson inc,"282,642",14
Aug 2017,338,Daniel Schoenberger inc,"210,308",9
Aug 2017,338,Margaret Anderson 5 inc,"197,123",9
Aug 2017,338,Brian Williams 8 inc,"188,530",9
Aug 2017,339,Marie Reynolds 4 inc,"840,483",48
Aug 2017,339,Christopher Greer inc,"724,469",33
Aug 2017,339,Gertrudis Stamps inc,"709,921",38
Aug 2017,339,Larry Culbert inc,"700,401",32
Aug 2017,339,Roy Carter inc,"545,831",26
Aug 2017,340,Terry Turpin 2 inc,"2,843,515",146
Aug 2017,340,Nancy Jamison 2 inc,"1,716,877",83
Aug 2017,340,Katherine Rovero inc,"1,332,012",64
Aug 2017,340,Janet Johnson 3 inc,"1,260,547",56
Aug 2017,340,Thelma Williams 3 inc,"1,220,578",57
Aug 2017,341,Bonita Lemons inc,"566,145",23
Aug 2017,341,Joan Cuevas inc,"459,502",23
Aug 2017,341,David Kellam inc,"397,121",18
Aug 2017,341,Daniel Huff inc,"391,205",17
Aug 2017,341,Victor Sullivan inc,"370,046",17
Aug 2017,342,William Roney inc,"694,421",37
Aug 2017,342,Vida Smith inc,"444,741",26
Aug 2017,342,Rhonda Rojas inc,"220,427",10
Aug 2017,342,Jo Earles inc,"175,925",9
Aug 2017,342,Eric Elrod inc,"169,416",9
Aug 2017,343,Joshua Reyna inc,"618,361",25
Aug 2017,343,James Kinkelaar inc,"313,699",16
Aug 2017,343,Michael Broadwater inc,"272,813",13
Aug 2017,343,William Jaffe inc,"248,340",11
Aug 2017,343,Daphne Bickley inc,"219,114",9
Aug 2017,344,Morris Grooms inc,"1,726,847",92
Aug 2017,344,Jerry Facer inc,"1,290,712",63
Aug 2017,344,David Vives inc,"933,542",45
Aug 2017,344,Joseph Asberry inc,"791,709",40
Aug 2017,344,John Bigbee inc,"671,308",31
Aug 2017,345,Margaret Walker 3 inc,"193,004",9
Aug 2017,345,Frances Torres inc,"183,134",9
Aug 2017,345,Patrick Nunn inc,"176,586",8
Aug 2017,345,Betty Rose inc,"161,959",7
Aug 2017,345,Eugene Mcalexander inc,"152,217",8
Aug 2017,347,Edna Ledesma inc,"1,467,635",69
Aug 2017,347,Erma Milligan inc,"869,013",43
Aug 2017,347,James Carlson 5 inc,"799,652",40
Aug 2017,347,Christopher Jackson 5 inc,"763,014",39
Aug 2017,347,Carolyn Hardin inc,"631,926",32
Dec 2017,1,Kathie Sughrue inc,"293,601,713","14,584"
Dec 2017,1,Cesar Hall inc,"203,989,959","10,172"
Dec 2017,1,Mary Gray 7 inc,"98,189,880","4,906"
Dec 2017,1,David Gunstream inc,"59,932,545","2,994"
Dec 2017,1,Betty Belden inc,"48,854,416","2,409"
Dec 2017,2,William Urena inc,"507,626",25
Dec 2017,2,Ernesto Matthews inc,"460,244",23
Dec 2017,2,Mark Cipolla inc,"354,177",23
Dec 2017,2,Cristal Forney inc,"339,697",16
Dec 2017,2,Charles Budde inc,"337,610",16
Dec 2017,3,Rhonda Cunningham inc,"1,223,147",60
Dec 2017,3,Donnie Sefcovic inc,"757,751",38
Dec 2017,3,Dennis Mcmillan inc,"703,197",36
Dec 2017,3,Robert Harrison 7 inc,"688,875",36
Dec 2017,3,Mark Bedor inc,"660,277",31
Dec 2017,4,Louise Cole 2 inc,"3,673,538",185
Dec 2017,4,Carolyn Smith 8 inc,"2,924,598",137
Dec 2017,4,Nathaniel Stewart inc,"2,861,543",136
Dec 2017,4,Juan Niemi inc,"2,663,717",135
Dec 2017,4,Mary Perry 8 inc,"2,519,092",118
Dec 2017,6,Terrell Dueno inc,"526,026",26
Dec 2017,6,Jack Mcsweeney inc,"490,040",23
Dec 2017,6,Elizabeth Mueller inc,"482,957",24
Dec 2017,6,Tyrone Jones 4 inc,"364,386",18
Dec 2017,6,Guillermo Angelilli inc,"348,236",18
Dec 2017,7,Don Lenz inc,"736,671",35
Dec 2017,7,Joe Powell inc,"584,752",31
Dec 2017,7,Carol Farris inc,"513,785",23
Dec 2017,7,Sheila Bissonnette inc,"503,924",27
Dec 2017,7,Kathy Briggs inc,"345,238",17
Dec 2017,8,Mike Sparks inc,"1,892,052",92
Dec 2017,8,Sandra Crocker inc,"1,683,310",78
Dec 2017,8,Larry Stegall 2 inc,"1,395,787",78
Dec 2017,8,Charlene Richter inc,"1,304,556",65
Dec 2017,8,Carlotta Schell inc,"1,298,399",65
Dec 2017,9,Rachael Oehler inc,"1,018,331",47
Dec 2017,9,Scott Brown 6 inc,"874,371",47
Dec 2017,9,Barbara Bishop inc,"754,743",36
Dec 2017,9,Walter Grillo inc,"509,243",24
Dec 2017,9,Deborah Mendoza 2 inc,"481,605",28
Dec 2017,10,Roger Murach inc,"932,873",48
Dec 2017,10,Alexandra Easton inc,"787,911",36
Dec 2017,10,Iris Key inc,"737,854",34
Dec 2017,10,Kristin Victoria inc,"727,608",37
Dec 2017,10,Socorro Stevens inc,"726,530",35
Dec 2017,11,Paula Crumb inc,"3,029,686",150
Dec 2017,11,Matthew Verhoeven inc,"1,702,167",83
Dec 2017,11,Linda Hogan 2 inc,"1,281,679",68
Dec 2017,11,Amber Seith inc,"1,233,215",58
Dec 2017,11,Kenneth Ramos inc,"1,223,797",62
Dec 2017,12,Joe Cleghorn inc,"2,638,923",129
Dec 2017,12,Delbert Sherlock inc,"2,038,876",90
Dec 2017,12,Robyn Douglas inc,"1,675,311",82
Dec 2017,12,Emily Jiggetts inc,"1,270,871",65
Dec 2017,12,Catherine Martin 7 inc,"1,183,433",59
Dec 2017,13,Carol Green inc,"980,940",46
Dec 2017,13,Ida Cox 2 inc,"731,931",34
Dec 2017,13,Robert Brown 41 inc,"638,658",32
Dec 2017,13,Gary Koehler inc,"527,041",25
Dec 2017,13,Natalie Durate inc,"504,345",25
Dec 2017,14,Cynthia Wood 2 inc,"2,441,039",126
Dec 2017,14,John Bielinski inc,"1,204,989",56
Dec 2017,14,Stanley Summerville inc,"1,198,524",60
Dec 2017,14,Naomi Sharp inc,"1,166,624",59
Dec 2017,14,Aaron Hargrave inc,"883,707",46
Dec 2017,16,Willie Walker 4 inc,"587,312",30
Dec 2017,16,Veronica Wroblewski inc,"352,247",18
Dec 2017,16,Cheryl Croom inc,"317,804",14
Dec 2017,16,Jose Stammel inc,"251,088",12
Dec 2017,16,Ernie Shorb inc,"239,231",14
Dec 2017,17,Sharonda Jordan inc,"19,573,313",973
Dec 2017,17,Beatrice Pears inc,"13,627,880",693
Dec 2017,17,Nick Curtis inc,"12,239,555",629
Dec 2017,17,Samuel Scott 3 inc,"9,614,922",478
Dec 2017,17,Kenneth Huertas inc,"8,713,531",420
Dec 2017,18,Ruth Fuentes inc,"1,029,469",52
Dec 2017,18,Susan Rhodes inc,"304,563",14
Dec 2017,18,Winnie Currie inc,"289,319",13
Dec 2017,18,David Hayes 2 inc,"211,544",9
Dec 2017,18,Kenneth Patrick 2 inc,"207,593",11
Dec 2017,19,Lori Joseph inc,"27,687,166","1,352"
Dec 2017,19,Ella Rose 2 inc,"24,700,638","1,211"
Dec 2017,19,Chad Tobar inc,"23,347,380","1,153"
Dec 2017,19,Tony Moore 3 inc,"13,450,357",673
Dec 2017,19,Zachary Mayle inc,"11,458,057",585
Dec 2017,20,Justin Ganser inc,"6,771,705",339
Dec 2017,20,Natasha Bucher inc,"4,541,449",228
Dec 2017,20,Richard West 5 inc,"2,065,568",103
Dec 2017,20,Sarah Harris 5 inc,"2,026,320",99
Dec 2017,20,Craig Miller 4 inc,"1,762,778",89
Dec 2017,21,Toni Keith 2 inc,"2,242,479",101
Dec 2017,21,Thelma Cashen inc,"1,837,718",93
Dec 2017,21,Eldridge Williams 2 inc,"1,717,134",84
Dec 2017,21,Selena Davis inc,"1,433,231",68
Dec 2017,21,Katherine Brown 4 inc,"1,356,598",66
Dec 2017,22,Phyllis Allen 2 inc,"551,464",26
Dec 2017,22,Aileen Rivera inc,"399,821",20
Dec 2017,22,Daniel Browning inc,"374,436",19
Dec 2017,22,Ronald Kloepper inc,"331,289",19
Dec 2017,22,Cheryl Morgan inc,"326,198",14
Dec 2017,23,Ellen Tait inc,"1,074,324",50
Dec 2017,23,Stacey Sharon inc,"519,420",25
Dec 2017,23,Lola Torres inc,"462,037",19
Dec 2017,23,Ernest Lohrenz inc,"427,776",22
Dec 2017,23,Joseph Bailey 2 inc,"424,417",20
Dec 2017,24,Donald Sullivan 5 inc,"1,628,148",74
Dec 2017,24,Mariah Pugh inc,"1,532,674",75
Dec 2017,24,Cynthia Vargas 2 inc,"1,173,163",57
Dec 2017,24,Dorthea Brewington inc,"1,087,493",55
Dec 2017,24,Francisco Hopper inc,"894,938",49
Dec 2017,25,Kay Connolly inc,"7,645,612",388
Dec 2017,25,Kathryn Carson inc,"6,362,965",311
Dec 2017,25,Rebecca Sales inc,"5,892,684",294
Dec 2017,25,Clarence Streater inc,"4,479,115",221
Dec 2017,25,Jeffrey Belcher 2 inc,"4,299,367",209
Dec 2017,26,Kristy Fonseca inc,"543,399",27
Dec 2017,26,Cesar Ross inc,"332,797",17
Dec 2017,26,Daniel Liefer inc,"256,419",14
Dec 2017,26,Janice Stevens 2 inc,"197,400",8
Dec 2017,26,Samuel Miller 3 inc,"189,063",9
Dec 2017,28,Henry Anderson 4 inc,"852,492",45
Dec 2017,28,Lee Hodgkiss inc,"549,924",25
Dec 2017,28,Jo Miland inc,"491,786",25
Dec 2017,28,Jennifer Chadwell inc,"413,685",20
Dec 2017,28,Maureen Colony inc,"403,539",22
Dec 2017,29,Kirsten Huse inc,"2,192,711",104
Dec 2017,29,Tarsha Chance inc,"707,135",32
Dec 2017,29,Lillian Thompson 2 inc,"367,984",16
Dec 2017,29,Anna Seitz inc,"345,682",15
Dec 2017,29,Evelyn Bingler inc,"319,091",16
Dec 2017,30,Clarence Streater inc,"3,255,302",147
Dec 2017,30,Doris King 3 inc,"2,432,343",120
Dec 2017,30,Donald Ireland inc,"1,855,171",90
Dec 2017,30,Dennis Johnson 6 inc,"1,648,088",90
Dec 2017,30,,"1,188,822",62
Dec 2017,32,Harriet Reeder inc,"630,530",26
Dec 2017,32,Gilbert Leland inc,"213,974",10
Dec 2017,32,Bryant Bartsch inc,"183,203",8
Dec 2017,32,Kenneth Burnette inc,"171,772",10
Dec 2017,32,Anthony Bjorkman inc,"170,640",7
Dec 2017,33,Ronald Johnson 17 inc,"1,153,231",50
Dec 2017,33,Pearl Newport inc,"895,680",45
Dec 2017,33,Christina Stanton inc,"878,665",40
Dec 2017,33,Nicole Crowder inc,"701,987",32
Dec 2017,33,Kathy Manders inc,"697,186",35
Dec 2017,34,Kris Endicott inc,"1,343,565",65
Dec 2017,34,Nina Conn inc,"1,146,081",55
Dec 2017,34,Mitchell Kalhorn inc,"1,095,525",54
Dec 2017,34,Alysia Ceovantes inc,"936,243",47
Dec 2017,34,Elizabeth Wood 3 inc,"496,300",26
Dec 2017,35,Bobby Ames inc,"515,668",24
Dec 2017,35,Thomas Costello 2 inc,"365,554",15
Dec 2017,35,William Glaude inc,"294,500",14
Dec 2017,35,Lewis Wiley inc,"265,238",12
Dec 2017,35,Pamela Spiro inc,"245,550",13
Dec 2017,36,Henrietta Cook inc,"1,209,253",58
Dec 2017,36,Esther Diaz inc,"887,804",45
Dec 2017,36,Hien Herrera inc,"665,132",32
Dec 2017,36,Ronald Jones 10 inc,"652,336",30
Dec 2017,36,Teresa Volk inc,"632,449",31
Dec 2017,38,Patricia Odonnell inc,"494,892",24
Dec 2017,38,Ila Boudreaux inc,"449,990",22
Dec 2017,38,Roberta Peery inc,"426,639",19
Dec 2017,38,Richard Seanez inc,"395,734",20
Dec 2017,38,Mary King 11 inc,"388,035",18
Dec 2017,39,Patricia Marble inc,"524,893",26
Dec 2017,39,Judie Robinson inc,"466,812",23
Dec 2017,39,Jonathan Dalley inc,"428,016",24
Dec 2017,39,Jane Terry 3 inc,"387,804",18
Dec 2017,39,John Wolfram inc,"347,024",16
Dec 2017,40,Karla Fernandez inc,"541,863",29
Dec 2017,40,Michael Rivas inc,"335,372",15
Dec 2017,40,James Luckman inc,"243,161",11
Dec 2017,40,Kay Tito inc,"241,395",14
Dec 2017,40,Brooke Alsdon inc,"222,972",13
Dec 2017,41,Joyce Mendez inc,"1,894,017",96
Dec 2017,41,Richard Bower inc,"937,683",47
Dec 2017,41,Angela Peterson 3 inc,"742,380",33
Dec 2017,41,Stella Walker inc,"641,683",32
Dec 2017,41,Jimmy Laliberte inc,"595,778",34
Dec 2017,42,Louis Kahn inc,"1,308,461",62
Dec 2017,42,Glenn Richmond inc,"1,109,498",54
Dec 2017,42,Annie Tack inc,"886,926",47
Dec 2017,42,Carlene Phelps inc,"770,994",39
Dec 2017,42,Cynthia Northover inc,"678,854",35
Dec 2017,44,Bart Carney inc,"645,889",32
Dec 2017,44,Jon Moore inc,"480,732",23
Dec 2017,44,Margaret Robinson 7 inc,"375,033",20
Dec 2017,44,Spencer Greenstreet inc,"328,494",18
Dec 2017,44,Mable Pike inc,"235,882",14
Dec 2017,46,Asuncion Sandmeier inc,"847,727",46
Dec 2017,46,Rachel Carter 2 inc,"647,960",28
Dec 2017,46,Josie Parrish inc,"469,579",25
Dec 2017,46,Noe Morado inc,"391,572",20
Dec 2017,46,Edward Colter inc,"365,877",16
Dec 2017,47,Carlos Cook inc,"600,232",30
Dec 2017,47,Walter Jorgensen inc,"364,110",19
Dec 2017,47,Jeff Carr 2 inc,"320,275",14
Dec 2017,47,Marion Whitaker inc,"299,443",14
Dec 2017,47,Alvin Popovich inc,"270,810",12
Dec 2017,48,Bryan Vasquez inc,"1,330,890",67
Dec 2017,48,Zelda Bozell inc,"1,176,255",58
Dec 2017,48,George Brown 11 inc,"1,136,639",54
Dec 2017,48,Stanley Cuevas inc,"971,737",47
Dec 2017,48,Melanie Johnson 3 inc,"899,347",48
Dec 2017,49,Bernice Battles inc,"792,307",38
Dec 2017,49,Joan Holmes 2 inc,"436,131",19
Dec 2017,49,Donna Delariva inc,"342,910",16
Dec 2017,49,April Johnson 3 inc,"288,098",12
Dec 2017,49,David Steakley inc,"262,080",11
Dec 2017,51,Joanne Yannone inc,"2,122,365",109
Dec 2017,51,Mary Mraz inc,"2,012,179",98
Dec 2017,51,Micheal Styles inc,"1,741,681",90
Dec 2017,51,Irene Deschamps inc,"1,739,278",88
Dec 2017,51,Cassandra Scarbrough inc,"1,577,111",86
Dec 2017,52,Jean Biser inc,"945,972",44
Dec 2017,52,Kurt Sapp inc,"801,015",39
Dec 2017,52,Richard Bell 6 inc,"786,898",35
Dec 2017,52,Arthur Noel inc,"706,010",37
Dec 2017,52,David Young 7 inc,"654,782",32
Dec 2017,53,Cornelius Mattson inc,"6,372,540",320
Dec 2017,53,Keith Conley 3 inc,"5,118,937",255
Dec 2017,53,Cynthia Phelps inc,"4,146,680",203
Dec 2017,53,Robert Murdock inc,"3,941,960",193
Dec 2017,53,Debra Wilczynski inc,"2,875,706",141
Dec 2017,54,Eloise Sorbo inc,"341,953",19
Dec 2017,54,Barbara Brantly inc,"191,976",13
Dec 2017,54,Gina Kelley inc,"175,775",10
Dec 2017,54,Jessica Wilson inc,"164,484",9
Dec 2017,54,Jennifer Leisure inc,"142,644",5
Dec 2017,56,Gerald Miller 3 inc,"1,154,170",58
Dec 2017,56,Courtney Mansfield inc,"877,426",39
Dec 2017,56,Robert Ballard 4 inc,"810,485",41
Dec 2017,56,Mary Varos inc,"679,969",36
Dec 2017,56,Tim Nielsen inc,"527,870",24
Dec 2017,57,Eddie Plunkett inc,"8,537,722",419
Dec 2017,57,Jennifer Furr inc,"7,415,635",376
Dec 2017,57,Kenneth Huson inc,"7,166,546",360
Dec 2017,57,Rhonda Wheeler inc,"3,879,521",192
Dec 2017,57,John Sumstad inc,"3,775,328",182
Dec 2017,58,Trevor Najera inc,"1,213,314",59
Dec 2017,58,Karen Brendal inc,"764,855",39
Dec 2017,58,Jeannette Russell inc,"410,877",19
Dec 2017,58,Michael Devito inc,"322,841",21
Dec 2017,58,Gregory Pollard inc,"293,466",15
Dec 2017,60,Lucas Ohara inc,"3,157,048",160
Dec 2017,60,Catherine Hurley inc,"2,062,834",98
Dec 2017,60,Diane Perez 2 inc,"1,905,422",96
Dec 2017,60,Rafael Goss inc,"1,656,928",82
Dec 2017,60,Kevin Deponte inc,"1,252,179",65
Dec 2017,61,Audrey Thrash inc,"456,792",22
Dec 2017,61,Benjamin Elliott 3 inc,"436,796",22
Dec 2017,61,Alvin Garrison inc,"228,821",12
Dec 2017,61,Karen Hill 6 inc,"224,586",11
Dec 2017,61,Courtney Stine inc,"211,070",10
Dec 2017,62,Amy Locke inc,"668,341",32
Dec 2017,62,Rita Mcreynolds inc,"591,182",30
Dec 2017,62,Rosemary Silva inc,"546,552",31
Dec 2017,62,David Seidman inc,"505,515",25
Dec 2017,62,Michael Jones 39 inc,"461,494",23
Dec 2017,63,Nestor Wright inc,"821,934",45
Dec 2017,63,Jon Creasey inc,"542,869",27
Dec 2017,63,Johnathan Oldham inc,"542,767",30
Dec 2017,63,Robert Boyette inc,"426,779",23
Dec 2017,63,Rose Murray 2 inc,"296,204",14
Dec 2017,64,Edgar Johnson 3 inc,"773,158",33
Dec 2017,64,Matthew Cassem inc,"707,772",35
Dec 2017,64,Julia Davenport inc,"691,124",32
Dec 2017,64,Raymond Wahlberg inc,"684,009",32
Dec 2017,64,Robert Smith 57 inc,"683,038",31
Dec 2017,65,Richard Boehm inc,"562,556",29
Dec 2017,65,Emma Aikens inc,"440,544",20
Dec 2017,65,Janice Meriwether inc,"264,371",14
Dec 2017,65,Jennifer Boyes inc,"260,006",12
Dec 2017,65,Samuel Beck inc,"249,285",11
Dec 2017,66,Derrick Phillips 2 inc,"762,008",38
Dec 2017,66,Manuel Furlong inc,"635,014",35
Dec 2017,66,Joel Vermeesch inc,"585,289",33
Dec 2017,66,Dora Tuck inc,"566,156",25
Dec 2017,66,Robert Clark 17 inc,"430,917",21
Dec 2017,68,Nola Bulow inc,"877,435",48
Dec 2017,68,Jarvis Carrington inc,"489,659",25
Dec 2017,68,Mary Franklin 4 inc,"437,361",24
Dec 2017,68,Tammy Brown 5 inc,"375,130",21
Dec 2017,68,Amy Smith 15 inc,"313,177",14
Dec 2017,69,John Miller 7 inc,"773,778,309","38,508"
Dec 2017,69,Todd Turner 3 inc,"284,687,226","14,121"
Dec 2017,69,Tammy Nieves inc,"94,425,207","4,685"
Dec 2017,69,Henry Barnhill inc,"82,427,333","4,165"
Dec 2017,69,June Gray inc,"55,575,820","2,746"
Dec 2017,70,Ileen Niss inc,"1,269,564",60
Dec 2017,70,Margie Dillard inc,"602,279",30
Dec 2017,70,Gay Park inc,"349,911",16
Dec 2017,70,Lisa Gillen inc,"327,094",14
Dec 2017,70,Stephen Wilburn inc,"298,554",18
Dec 2017,71,Cindy Perry 2 inc,"307,239",12
Dec 2017,71,Anna Blumberg inc,"275,700",15
Dec 2017,71,Alan Peckenpaugh inc,"186,675",8
Dec 2017,71,Horace Magnuson inc,"168,541",9
Dec 2017,71,Phillip Counselman inc,"131,242",6
Dec 2017,73,Kathleen Lavole inc,"829,274",42
Dec 2017,73,Marilyn Conatser inc,"428,840",18
Dec 2017,73,Sylvia Carter inc,"373,499",19
Dec 2017,73,Raul Rogriguez inc,"267,665",14
Dec 2017,73,,"266,896",12
Dec 2017,74,Barbara Forney inc,"492,030",23
Dec 2017,74,Donald Perry 4 inc,"347,139",18
Dec 2017,74,Alan Prechtl inc,"302,830",18
Dec 2017,74,Isabel Hart inc,"278,392",16
Dec 2017,74,Andrea Cioffi inc,"260,990",11
Dec 2017,75,Angel Raper inc,"898,636",43
Dec 2017,75,William Gomez 5 inc,"791,778",37
Dec 2017,75,Robert Flannigan 2 inc,"469,791",22
Dec 2017,75,Derrick Smith inc,"395,383",18
Dec 2017,75,Vicki Lanza inc,"329,539",15
Dec 2017,76,Bridget Kisner inc,"11,544,270",566
Dec 2017,76,Valerie Fitch inc,"3,981,554",203
Dec 2017,76,Karen Ohare inc,"3,641,068",172
Dec 2017,76,Robert Capo inc,"2,770,247",143
Dec 2017,76,Brandon Lodi inc,"2,270,583",109
Dec 2017,77,David Alto inc,"606,185",28
Dec 2017,77,William Schwerdtfeger inc,"460,417",22
Dec 2017,77,Luis Rembert inc,"302,858",16
Dec 2017,77,Janay Mcintire inc,"185,935",9
Dec 2017,77,Lewis Abram inc,"163,180",7
Dec 2017,78,Kenneth Mullen inc,"1,721,978",88
Dec 2017,78,James Nesbit 2 inc,"1,122,463",56
Dec 2017,78,Humberto Ruiz inc,"632,568",31
Dec 2017,78,Richard Hunsaker inc,"524,189",27
Dec 2017,78,Walter Vanderpool inc,"521,268",28
Dec 2017,79,Ronald Miller 5 inc,"1,106,758",58
Dec 2017,79,Sabrina Arnold 2 inc,"936,512",47
Dec 2017,79,Stephen Krummel inc,"877,896",45
Dec 2017,79,Martin Adkins inc,"760,473",36
Dec 2017,79,Amanda Clifford 2 inc,"666,395",29
Dec 2017,80,Eugene Pell inc,"306,685",17
Dec 2017,80,Clara Leung 2 inc,"227,336",12
Dec 2017,80,Kari Jones inc,"176,156",9
Dec 2017,80,Janine Dean inc,"172,315",7
Dec 2017,80,Theodore Martine inc,"163,552",8
Dec 2017,81,Maria Heller inc,"463,799",23
Dec 2017,81,Marcy Gahagan inc,"235,169",13
Dec 2017,81,Debbie Wilkerson inc,"177,726",10
Dec 2017,81,William Silsby inc,"172,987",9
Dec 2017,81,Kimberly Mcvey inc,"151,936",6
Dec 2017,82,Marie Husband inc,"1,432,263",73
Dec 2017,82,Allen Emmons inc,"663,243",31
Dec 2017,82,Joan Buckley inc,"502,299",22
Dec 2017,82,Thomas Regan inc,"427,587",18
Dec 2017,82,Robert Broyles 2 inc,"401,290",19
Dec 2017,83,Joyce Whitehead inc,"565,826",30
Dec 2017,83,Kenneth Hudson inc,"468,856",23
Dec 2017,83,John Mendoza 5 inc,"422,289",23
Dec 2017,83,Barry Schuh inc,"355,278",17
Dec 2017,83,Antonio Burdett inc,"312,292",14
Dec 2017,84,Nichole Wilson inc,"358,237",19
Dec 2017,84,Daniel Helmick inc,"335,749",20
Dec 2017,84,Jeff Wyman inc,"191,895",10
Dec 2017,84,Michael Wingham inc,"156,206",8
Dec 2017,84,Virginia Ross 2 inc,"151,101",9
Dec 2017,85,Bobby Mills inc,"641,366",29
Dec 2017,85,Mark Strickland 2 inc,"345,734",18
Dec 2017,85,Bernard Nisbett inc,"330,316",16
Dec 2017,85,Winston Doyle inc,"324,251",14
Dec 2017,85,David Smartt inc,"303,688",17
Dec 2017,86,Carol Thomas 2 inc,"349,830",17
Dec 2017,86,Jim Wheeless inc,"309,110",13
Dec 2017,86,George Gallegos inc,"254,912",11
Dec 2017,86,Jared Kirk inc,"242,163",12
Dec 2017,86,Diana Seide inc,"223,037",10
Dec 2017,87,Frank Garcia 2 inc,"7,837,161",389
Dec 2017,87,Doug Moran inc,"7,695,872",383
Dec 2017,87,Joe Montgomery inc,"7,574,226",383
Dec 2017,87,Tessie Jaramillo inc,"7,140,391",369
Dec 2017,87,Vincent Firestine inc,"5,336,246",261
Dec 2017,88,Deidre Bright inc,"13,190,728",632
Dec 2017,88,Heather Ramberg inc,"13,102,053",667
Dec 2017,88,Samantha Jackson inc,"10,917,283",547
Dec 2017,88,Ronald Hussein inc,"10,503,473",520
Dec 2017,88,Kristen Hurtado inc,"7,982,134",401
Dec 2017,89,Carl Fonseca inc,"372,818",19
Dec 2017,89,George Hicks 2 inc,"214,835",12
Dec 2017,89,Sheila Clayton inc,"186,822",9
Dec 2017,89,Tony Sandoval inc,"132,871",7
Dec 2017,89,Keith Milne inc,"116,889",4
Dec 2017,90,Jeffrey Wilson inc,"1,212,037",55
Dec 2017,90,Brett Dejohn inc,"1,202,009",59
Dec 2017,90,Brian Moffatt inc,"856,036",43
Dec 2017,90,Lee Vazquez inc,"809,354",37
Dec 2017,90,Ernest Romero inc,"568,038",28
Dec 2017,91,Robert Rainville inc,"893,392",45
Dec 2017,91,Christine Devine inc,"462,244",24
Dec 2017,91,Alberta Cortez inc,"381,713",15
Dec 2017,91,John Flowers 3 inc,"372,249",17
Dec 2017,91,Juana Bouchard inc,"321,280",16
Dec 2017,92,Brandon Delgado inc,"36,694",1
Dec 2017,92,John Herndon 2 inc,"32,856",1
Dec 2017,92,,"24,516",1
Dec 2017,92,Madelyn Adams inc,"22,183",1
Dec 2017,92,Imogene Dahl inc,"16,896",1
Dec 2017,94,Dora Dermody inc,"910,019",46
Dec 2017,94,Zachary Solis inc,"787,469",33
Dec 2017,94,Gene Sharp inc,"504,532",23
Dec 2017,94,Leslie Trull inc,"497,998",25
Dec 2017,94,Brian Jones 8 inc,"426,838",22
Dec 2017,96,James Walker 16 inc,"1,895,071",92
Dec 2017,96,Lane Cross inc,"1,858,840",92
Dec 2017,96,Wendy Meyer inc,"1,624,318",76
Dec 2017,96,Quinton Nelson inc,"1,233,906",62
Dec 2017,96,Karen Holsten inc,"1,133,437",58
Dec 2017,97,Richard Caskey inc,"2,144,555",103
Dec 2017,97,Beverly Lee inc,"921,186",47
Dec 2017,97,Joseph Burns 3 inc,"567,001",27
Dec 2017,97,David Lightfoot 2 inc,"453,064",22
Dec 2017,97,James Mitchell 17 inc,"421,639",21
Dec 2017,98,Dwight Alexander inc,"1,080,984",52
Dec 2017,98,Marc Standard inc,"967,875",47
Dec 2017,98,Russell Hill inc,"805,234",39
Dec 2017,98,Tara Miller inc,"598,129",32
Dec 2017,98,Gary Martin 2 inc,"479,847",24
Dec 2017,100,Candace Morton inc,"1,349,727",60
Dec 2017,100,Shelly Pitts inc,"558,482",31
Dec 2017,100,Earl Brown 2 inc,"319,223",17
Dec 2017,100,George Mondragon inc,"297,649",13
Dec 2017,100,Carrie Speight inc,"233,779",10
Dec 2017,101,Derek Davis 2 inc,"873,008",46
Dec 2017,101,Scott Delarosa inc,"542,759",26
Dec 2017,101,Carol Tate inc,"533,526",29
Dec 2017,101,Terry Pool inc,"360,301",18
Dec 2017,101,Robert Agustin inc,"333,002",18
Dec 2017,102,Barry Hart inc,"1,649,606",87
Dec 2017,102,Cleta Ro inc,"1,270,424",59
Dec 2017,102,Kimberly Luna inc,"756,394",41
Dec 2017,102,Mary Derby inc,"687,221",37
Dec 2017,102,Troy Centeno inc,"643,845",34
Dec 2017,103,Carl Casiano inc,"281,463",15
Dec 2017,103,Steven Flores 3 inc,"267,881",13
Dec 2017,103,Austin Talty inc,"262,323",15
Dec 2017,103,William Murray 5 inc,"240,336",12
Dec 2017,103,Brandon Cerverizzo inc,"219,324",10
Dec 2017,104,Laura Johnson 8 inc,"911,994",44
Dec 2017,104,Lillian Riffel inc,"850,400",43
Dec 2017,104,Joseph Jacobs inc,"705,235",33
Dec 2017,104,Donald Rhode inc,"356,032",16
Dec 2017,104,Jeffery Wills inc,"298,599",13
Dec 2017,105,Eusebio Steese inc,"1,412,392",69
Dec 2017,105,Kenneth Tompkins inc,"408,606",18
Dec 2017,105,Steve Haward inc,"403,431",21
Dec 2017,105,Marie Klemm inc,"357,396",18
Dec 2017,105,Shawna Ward inc,"354,945",18
Dec 2017,106,Tamara Vasquez inc,"597,123",30
Dec 2017,106,Thomas Crowe 2 inc,"570,321",25
Dec 2017,106,Debbie Mitchell inc,"559,398",30
Dec 2017,106,Bryan Porterfield inc,"488,543",23
Dec 2017,106,Antonia Greenberg inc,"421,547",20
Dec 2017,107,Julius Kutz inc,"5,870,147",282
Dec 2017,107,Tim Crosby inc,"3,881,066",193
Dec 2017,107,Michael Truelove inc,"2,727,129",130
Dec 2017,107,Mary Duke 3 inc,"2,089,463",102
Dec 2017,107,Kimberly Subido inc,"1,440,830",75
Dec 2017,108,Suzanne Hammond inc,"338,161",17
Dec 2017,108,Daniel Jackson 9 inc,"241,934",10
Dec 2017,108,Eric Payne 2 inc,"228,871",9
Dec 2017,108,Opal Love inc,"218,468",12
Dec 2017,108,Geneva White inc,"213,785",9
Dec 2017,109,Jose Ortega inc,"1,583,257",75
Dec 2017,109,Maria Jobson inc,"1,011,911",44
Dec 2017,109,Lucille Knights inc,"873,856",41
Dec 2017,109,Clara Adkins inc,"541,214",24
Dec 2017,109,,"517,049",25
Dec 2017,110,Donna Gonzalez 4 inc,"5,534,411",269
Dec 2017,110,Mae Brown inc,"1,721,426",86
Dec 2017,110,Wanda Hill inc,"1,674,880",76
Dec 2017,110,Connie Thompson 2 inc,"1,651,264",84
Dec 2017,110,Marvin Miller 2 inc,"1,235,725",62
Dec 2017,111,Robert Baker 9 inc,"626,964",32
Dec 2017,111,David Kilpatrick inc,"593,516",33
Dec 2017,111,John Poremski inc,"569,745",30
Dec 2017,111,Maureen Pereira inc,"524,223",27
Dec 2017,111,Robert Flores 6 inc,"434,654",22
Dec 2017,112,Douglas Richner inc,"336,840",16
Dec 2017,112,Linda Black inc,"225,207",11
Dec 2017,112,Tracy Mathews inc,"181,887",9
Dec 2017,112,Linda Feld inc,"151,919",7
Dec 2017,112,Deloris Shetler inc,"128,846",5
Dec 2017,113,Roger Jones 5 inc,"319,407",14
Dec 2017,113,Arlene Lehmberg inc,"237,330",13
Dec 2017,113,Kelly Newman inc,"217,036",12
Dec 2017,113,John Bailey 7 inc,"204,939",8
Dec 2017,113,Ellen Foersterling inc,"175,178",7
Dec 2017,114,Kellie Aguilar inc,"556,222",30
Dec 2017,114,Leonard Crawford inc,"427,633",20
Dec 2017,114,Joann Vidinha inc,"424,497",19
Dec 2017,114,Mildred Davidson inc,"368,359",14
Dec 2017,114,Pamela Kee inc,"278,045",12
Dec 2017,115,Gus Augustine inc,"492,479",23
Dec 2017,115,John Campbell 11 inc,"473,397",28
Dec 2017,115,Alicia King 2 inc,"376,382",17
Dec 2017,115,Tina Shipley inc,"345,888",13
Dec 2017,115,Robert Kirkpatrick 2 inc,"310,109",14
Dec 2017,116,Anthony Wangler inc,"2,350,525",111
Dec 2017,116,Novella Yates inc,"1,892,110",92
Dec 2017,116,Mildred Leitheiser inc,"1,737,755",90
Dec 2017,116,Ruby Conley inc,"1,640,342",79
Dec 2017,116,Matthew Barnett 3 inc,"1,618,057",80
Dec 2017,117,Dion Cantu inc,"3,742,498",188
Dec 2017,117,Theresa Martin 3 inc,"3,100,639",160
Dec 2017,117,Michael Farruggio inc,"2,998,620",157
Dec 2017,117,Catherine Tanner inc,"2,709,122",131
Dec 2017,117,Debra Alexander 2 inc,"1,838,178",95
Dec 2017,118,Isabella Roscoe inc,"213,770",12
Dec 2017,118,Werner Shepherd inc,"207,971",11
Dec 2017,118,Cristy Key inc,"203,321",10
Dec 2017,118,Barbara Cummings 2 inc,"192,741",11
Dec 2017,118,Malinda Dierking inc,"180,758",9
Dec 2017,119,Betty Sanford inc,"521,323",26
Dec 2017,119,Jason Pappas inc,"446,776",21
Dec 2017,119,Ken Swanson inc,"403,679",22
Dec 2017,119,Michael Shade 2 inc,"397,341",20
Dec 2017,119,James Camp 3 inc,"307,947",16
Dec 2017,120,Sandra Summers inc,"1,032,432",49
Dec 2017,120,Timothy Blackman inc,"653,081",31
Dec 2017,120,Mark Hines inc,"528,626",25
Dec 2017,120,Kenneth Lewis 3 inc,"412,736",18
Dec 2017,120,Denise Fowler 2 inc,"365,921",18
Dec 2017,122,Summer Parker inc,"146,246",6
Dec 2017,122,Karen Holsten inc,"145,934",10
Dec 2017,122,Stephanie Jones 7 inc,"105,226",6
Dec 2017,122,Jarvis Getz inc,"103,474",3
Dec 2017,122,Cynthia Mahn inc,"96,447",4
Dec 2017,123,Alan Shannon inc,"940,759",53
Dec 2017,123,Cecila Ragusa inc,"559,182",27
Dec 2017,123,Rita Barber inc,"547,599",29
Dec 2017,123,Gladys Wilson 2 inc,"310,736",13
Dec 2017,123,Kurt Garcia inc,"288,696",15
Dec 2017,124,Betty Mcdonald 2 inc,"870,502",41
Dec 2017,124,Micheal Thompson inc,"440,415",22
Dec 2017,124,Richard Blevins inc,"428,510",23
Dec 2017,124,Queen Sawyer inc,"424,713",23
Dec 2017,124,Clarence Hill 3 inc,"339,832",14
Dec 2017,125,Alton Ayala inc,"855,278",46
Dec 2017,125,Anthony Cain 2 inc,"850,472",38
Dec 2017,125,Alex Purtell inc,"746,185",38
Dec 2017,125,Jay Maxfield inc,"695,069",34
Dec 2017,125,Brent Higgins inc,"664,904",31
Dec 2017,126,Kristi Radford inc,"935,742",46
Dec 2017,126,Oscar Nelson 2 inc,"850,545",42
Dec 2017,126,Laura Havard inc,"843,298",38
Dec 2017,126,Raymond Lansdell inc,"735,111",37
Dec 2017,126,Dorothy Tolman inc,"654,603",32
Dec 2017,128,William Benningfield inc,"1,252,591",65
Dec 2017,128,Terri Jackson 2 inc,"1,037,556",49
Dec 2017,128,Lisa Macki inc,"539,171",27
Dec 2017,128,Pamela Pickett inc,"441,672",23
Dec 2017,128,Eva Moffat inc,"428,731",22
Dec 2017,129,Barbara Sasaki inc,"753,806",35
Dec 2017,129,Robert Dockery inc,"731,586",36
Dec 2017,129,Sabrina Holley inc,"559,375",29
Dec 2017,129,Jackson Tweedy inc,"489,459",25
Dec 2017,129,Jerry Shanholtz inc,"477,517",26
Dec 2017,130,Virginia Mustafa inc,"286,862",15
Dec 2017,130,Marcy Race inc,"257,949",12
Dec 2017,130,Kevin Peters inc,"186,815",9
Dec 2017,130,Mark Aronoff inc,"185,676",9
Dec 2017,130,Anthony Lai inc,"161,088",6
Dec 2017,131,Christian Penn inc,"2,583,567",127
Dec 2017,131,Barry Sutherland inc,"1,232,608",61
Dec 2017,131,Bill Brainard inc,"1,171,120",64
Dec 2017,131,James Orrick inc,"929,084",49
Dec 2017,131,Wendy Gadbaw inc,"924,812",44
Dec 2017,133,Dean Noggle inc,"617,796",31
Dec 2017,133,Tyler Sharpe inc,"402,497",18
Dec 2017,133,George Cecchini inc,"338,829",18
Dec 2017,133,Joseph Palmese inc,"280,429",12
Dec 2017,133,Jason Ortega 3 inc,"258,879",12
Dec 2017,135,Michael King 9 inc,"1,248,858",61
Dec 2017,135,Hugh Ford inc,"545,238",23
Dec 2017,135,James Mccarty inc,"483,718",26
Dec 2017,135,Susan Limbaugh inc,"443,876",23
Dec 2017,135,Isaiah Wilkinson inc,"415,574",21
Dec 2017,136,Justin Pellicone inc,"1,238,692",61
Dec 2017,136,Boyd Delosh inc,"1,021,997",54
Dec 2017,136,Jennifer Brown 8 inc,"849,144",37
Dec 2017,136,Mark Parrish inc,"785,481",40
Dec 2017,136,Michelle Delrio inc,"710,353",33
Dec 2017,137,Charles Cota inc,"11,970,749",592
Dec 2017,137,George Caporiccio inc,"11,655,005",581
Dec 2017,137,Liana Ramos inc,"11,094,070",537
Dec 2017,137,Rebecca Ross inc,"7,088,897",354
Dec 2017,137,Claudia Frazier inc,"5,693,879",272
Dec 2017,138,Barbara Brantly inc,"3,016,772",154
Dec 2017,138,Jessica Wilson inc,"2,072,163",106
Dec 2017,138,Ricardo Simpson inc,"2,045,861",94
Dec 2017,138,Charlotte Lovell 2 inc,"1,492,775",74
Dec 2017,138,Elizabeth Pennington inc,"1,378,214",67
Dec 2017,139,Irene Rutledge inc,"848,733",37
Dec 2017,139,Jean Rogers 2 inc,"458,260",24
Dec 2017,139,Margie Alford inc,"412,413",19
Dec 2017,139,Caroline Green inc,"402,968",23
Dec 2017,139,Elaine Chapman inc,"388,969",15
Dec 2017,140,Janet Mendiola inc,"4,895,505",238
Dec 2017,140,Robert Molina 2 inc,"1,993,514",102
Dec 2017,140,Eugene Lovelace inc,"1,929,306",94
Dec 2017,140,Lorraine Bittner inc,"1,743,960",90
Dec 2017,140,Cara Neal inc,"1,687,913",85
Dec 2017,142,Manuel Lanehart inc,"853,781",40
Dec 2017,142,Steve Swartz inc,"311,784",17
Dec 2017,142,Frank Montanye inc,"225,815",10
Dec 2017,142,Adrian Farley inc,"221,980",10
Dec 2017,142,Ronald Breton inc,"197,810",10
Dec 2017,143,Helen Kern inc,"52,200,732","2,605"
Dec 2017,143,Scott Hepburn inc,"13,035,470",642
Dec 2017,143,Rose Garner inc,"10,649,385",517
Dec 2017,143,Alan Eisenhower inc,"10,202,966",518
Dec 2017,143,Rashida Hernandez inc,"8,236,353",396
Dec 2017,144,Patricia Saucedo inc,"778,808",35
Dec 2017,144,Andres Knight inc,"552,670",25
Dec 2017,144,Melvin Haro inc,"551,696",24
Dec 2017,144,Paula Moyer inc,"487,613",21
Dec 2017,144,Kristofer Oquinn inc,"458,959",24
Dec 2017,145,Helen Brown 6 inc,"1,026,897",50
Dec 2017,145,Martin Long inc,"916,451",47
Dec 2017,145,Emmett Christian inc,"521,990",28
Dec 2017,145,Courtney Eckert inc,"507,023",27
Dec 2017,145,Murray Perry inc,"423,857",18
Dec 2017,146,Mary Kirby 2 inc,"749,680",37
Dec 2017,146,Sandra Kalkman inc,"710,454",37
Dec 2017,146,Karen Bolger inc,"341,877",17
Dec 2017,146,Charles Turpin 3 inc,"327,475",17
Dec 2017,146,Jeffery Lemon inc,"319,835",16
Dec 2017,147,Thomas Chipps inc,"1,498,927",75
Dec 2017,147,Trevor Dean inc,"1,264,340",63
Dec 2017,147,Emma Laird inc,"1,115,982",57
Dec 2017,147,Rachel Kennedy 2 inc,"1,018,177",50
Dec 2017,147,Patricia Dodson inc,"914,954",40
Dec 2017,148,Tricia Dozier inc,"1,569,536",85
Dec 2017,148,Christopher Mcdonald inc,"1,296,168",59
Dec 2017,148,Floyd Head inc,"677,629",33
Dec 2017,148,John Griswold inc,"439,510",20
Dec 2017,148,Nicolas Flaming inc,"388,700",18
Dec 2017,149,Alexandria Sarmiento inc,"9,756,984",470
Dec 2017,149,Kenneth Larson inc,"8,223,006",421
Dec 2017,149,Jerold Caldwell inc,"6,694,178",329
Dec 2017,149,Deann Powell inc,"4,560,309",221
Dec 2017,149,Marcelino Magill inc,"3,759,504",184
Dec 2017,150,Effie Mayfield inc,"1,290,899",64
Dec 2017,150,Corey Perron inc,"442,647",21
Dec 2017,150,William Trotter inc,"413,823",20
Dec 2017,150,Clinton Reyes inc,"398,453",17
Dec 2017,150,Joe Joiner 2 inc,"338,128",19
Dec 2017,151,Elfriede Jones inc,"362,612",16
Dec 2017,151,Carlos Morgan 2 inc,"339,770",16
Dec 2017,151,Larry Bush inc,"312,271",15
Dec 2017,151,Shakita Jones inc,"227,825",10
Dec 2017,151,Lorie Brace inc,"226,191",13
Dec 2017,153,Jimmy Scully inc,"405,926",23
Dec 2017,153,Martha Goldstein inc,"337,393",15
Dec 2017,153,Gary Neri inc,"329,998",16
Dec 2017,153,Howard Mitchell inc,"312,540",17
Dec 2017,153,John Cade 2 inc,"262,662",13
Dec 2017,155,Susie Wynn inc,"780,913",39
Dec 2017,155,Anthony Cothran inc,"753,564",38
Dec 2017,155,Rene Strickland inc,"747,828",33
Dec 2017,155,Manuel Edwards inc,"677,198",32
Dec 2017,155,Larry Huffman inc,"597,905",26
Dec 2017,156,Christopher Butts 2 inc,"918,573",44
Dec 2017,156,Gary Finley inc,"651,895",31
Dec 2017,156,Dorothy Miesch inc,"529,715",27
Dec 2017,156,Pamela Griffin inc,"523,388",25
Dec 2017,156,Jose Sutton inc,"398,619",17
Dec 2017,157,Helen Burnsworth inc,"2,747,547",133
Dec 2017,157,Pearl Stone inc,"744,084",38
Dec 2017,157,Christopher Mcwilliams inc,"662,767",31
Dec 2017,157,Robert Jenkins 7 inc,"565,204",31
Dec 2017,157,Loree Hansen inc,"519,404",27
Dec 2017,158,Darryl Revak inc,"19,020,492",949
Dec 2017,158,Dee Gallager inc,"18,283,839",931
Dec 2017,158,Robert Cruz 2 inc,"12,499,537",617
Dec 2017,158,Michael Frieden inc,"12,343,087",606
Dec 2017,158,Bridget Patterson inc,"11,007,855",542
Dec 2017,159,Roy Coats inc,"4,208,415",200
Dec 2017,159,Sean Groover inc,"1,438,151",72
Dec 2017,159,Larry Stegall inc,"1,211,861",62
Dec 2017,159,Mary Hudspeth inc,"1,139,964",60
Dec 2017,159,Lorenzo Hawkins inc,"1,079,639",58
Dec 2017,160,Tiffany Robinson 2 inc,"34,566,678","1,699"
Dec 2017,160,Richard Mccabe inc,"15,285,173",748
Dec 2017,160,Eliz Prater inc,"8,740,775",442
Dec 2017,160,Patricia Sharp 2 inc,"5,200,583",268
Dec 2017,160,Laurena Parks inc,"4,855,770",242
Dec 2017,161,Delbert Plater inc,"4,607,398",222
Dec 2017,161,Joyce Fletcher inc,"3,768,381",190
Dec 2017,161,Claire Mcclendon inc,"2,620,750",130
Dec 2017,161,Vita Bettes inc,"1,588,369",77
Dec 2017,161,Kimberly Tong inc,"1,582,149",79
Dec 2017,162,Sanford Myers inc,"1,039,974",55
Dec 2017,162,Pedro Roberts 2 inc,"964,810",47
Dec 2017,162,Jennifer Rudio inc,"934,638",44
Dec 2017,162,Maureen Werre inc,"873,285",43
Dec 2017,162,Allen Wiersma inc,"748,372",36
Dec 2017,163,Dale Lotzer inc,"793,930",38
Dec 2017,163,Kathy Briggs inc,"782,676",36
Dec 2017,163,Sharon Jones 15 inc,"761,601",38
Dec 2017,163,Helen Mccutchan inc,"557,783",27
Dec 2017,163,Gracie Carrick inc,"495,839",24
Dec 2017,165,Tyrone Malone inc,"600,904",32
Dec 2017,165,Pat Harper inc,"462,896",23
Dec 2017,165,Michael Mabry inc,"378,396",16
Dec 2017,165,Jessie Carey inc,"368,772",21
Dec 2017,165,Yvonne Johnson 3 inc,"335,332",17
Dec 2017,166,Rodney Hatton inc,"750,429",40
Dec 2017,166,Opal Siegel inc,"722,227",37
Dec 2017,166,Linda Ready inc,"473,478",23
Dec 2017,166,Helen Brown 5 inc,"445,326",19
Dec 2017,166,Gina Sichler inc,"365,785",19
Dec 2017,167,Betty Brown 9 inc,"1,290,408",66
Dec 2017,167,Marion Greer inc,"521,227",26
Dec 2017,167,Allan Clark inc,"482,831",22
Dec 2017,167,Patrick Ricci inc,"356,348",19
Dec 2017,167,Mauricio Couto inc,"327,266",17
Dec 2017,168,Richard James 5 inc,"1,084,745",54
Dec 2017,168,Mary Gallegos 2 inc,"987,123",52
Dec 2017,168,Donald Holzer inc,"944,414",43
Dec 2017,168,Kristin Mcmurray inc,"865,303",42
Dec 2017,168,Lucy Thomas 2 inc,"835,032",40
Dec 2017,169,Son Abraham inc,"2,757,986",132
Dec 2017,169,Helen Mckean inc,"2,405,361",128
Dec 2017,169,Tom Judge inc,"2,275,442",121
Dec 2017,169,Roy Lindsay inc,"1,955,970",97
Dec 2017,169,Louis Mccall inc,"1,892,126",99
Dec 2017,170,Mamie James inc,"1,052,424",51
Dec 2017,170,Thelma Metayer inc,"1,027,456",57
Dec 2017,170,Rebecca Smart inc,"453,447",22
Dec 2017,170,Julia Childress inc,"395,333",18
Dec 2017,170,Megan Guerra inc,"296,947",14
Dec 2017,171,Sandra Wells inc,"3,000,245",151
Dec 2017,171,David Holmes 4 inc,"2,058,811",100
Dec 2017,171,Bryan Harris 4 inc,"1,412,243",68
Dec 2017,171,Leanora Marshall inc,"1,225,619",53
Dec 2017,171,Sarah Palmieri inc,"929,520",47
Dec 2017,172,Jennie Gibbs inc,"625,213",32
Dec 2017,172,Carlos Miller inc,"593,888",29
Dec 2017,172,Tommy Mcfarland inc,"556,826",27
Dec 2017,172,Vernon Gross 2 inc,"498,119",26
Dec 2017,172,Emily Hill 2 inc,"452,814",18
Dec 2017,173,Robert Doyle 3 inc,"1,994,687",94
Dec 2017,173,Yolanda Panzarella inc,"1,206,748",56
Dec 2017,173,Patrick Roberts 2 inc,"941,523",44
Dec 2017,173,Mario Johnson inc,"821,525",37
Dec 2017,173,Robert Warne inc,"814,201",42
Dec 2017,174,Cody Leonard inc,"1,948,898",101
Dec 2017,174,Andrea Claybrook inc,"1,055,375",51
Dec 2017,174,Nancy Mckeown inc,"973,616",48
Dec 2017,174,Debra Rose 2 inc,"884,418",46
Dec 2017,174,Karen Coffman inc,"853,457",40
Dec 2017,175,Judy Fujimoto inc,"659,755",32
Dec 2017,175,Pauline Burdette inc,"484,989",27
Dec 2017,175,Eugene Santelli inc,"452,390",21
Dec 2017,175,Karen Wallace 2 inc,"393,206",20
Dec 2017,175,Rebecca Kelly 2 inc,"316,403",18
Dec 2017,178,Maria Allen 4 inc,"791,365",38
Dec 2017,178,Fred Guinn inc,"209,326",9
Dec 2017,178,Sandra Kimball inc,"196,415",9
Dec 2017,178,Lamont Miyashiro inc,"145,896",9
Dec 2017,178,Hillary Wells inc,"114,791",8
Dec 2017,179,Michael Swirsky inc,"9,360,758",466
Dec 2017,179,Gladys Castillo inc,"1,920,898",101
Dec 2017,179,Curtis Banks inc,"1,762,058",92
Dec 2017,179,Elizabeth Kenison inc,"1,739,380",79
Dec 2017,179,Alan Poe inc,"1,737,081",86
Dec 2017,180,Anna Harrison inc,"1,406,057",69
Dec 2017,180,Denise Sievers inc,"738,052",37
Dec 2017,180,Alexandra Green inc,"552,312",28
Dec 2017,180,Ila Mcgrath inc,"378,271",21
Dec 2017,180,Arthur Coker inc,"329,947",18
Dec 2017,181,Juan Walsh 2 inc,"2,476,403",123
Dec 2017,181,Edith Roll inc,"1,082,304",51
Dec 2017,181,Gregg Verde inc,"977,376",48
Dec 2017,181,Kathleen Gau inc,"539,941",27
Dec 2017,181,Barbara House inc,"367,225",17
Dec 2017,182,Julia Cope inc,"2,177,069",109
Dec 2017,182,Harold Strand inc,"562,674",22
Dec 2017,182,Jason Lopez 2 inc,"536,046",25
Dec 2017,182,Janice Wilson 2 inc,"442,777",22
Dec 2017,182,Arthur Howell inc,"328,181",15
Dec 2017,183,Angela Jackson 5 inc,"600,016",28
Dec 2017,183,Francis Casey inc,"493,864",23
Dec 2017,183,Shanon Battle inc,"445,680",24
Dec 2017,183,John Otoole inc,"411,091",20
Dec 2017,183,William Munroe inc,"336,884",19
Dec 2017,184,Harold Ames inc,"570,706",27
Dec 2017,184,Ralph Nava inc,"569,561",27
Dec 2017,184,Cheryl Pike inc,"474,643",24
Dec 2017,184,Tracy Webster inc,"388,005",18
Dec 2017,184,Denise Carlton inc,"380,721",17
Dec 2017,185,Sebastian Molino inc,"49,341",3
Dec 2017,185,Thomas Culpepper inc,"9,833",1
Dec 2017,186,Larry Reid inc,"1,188,169",57
Dec 2017,186,Brett Richardson inc,"583,074",27
Dec 2017,186,Christine Paulino inc,"507,836",27
Dec 2017,186,George Caruthers inc,"373,465",19
Dec 2017,186,Stacy Maxwell inc,"329,160",15
Dec 2017,187,Roberto Alexander inc,"541,019",26
Dec 2017,187,Joseph Miles inc,"537,310",25
Dec 2017,187,Terence Harstad inc,"353,283",18
Dec 2017,187,Trudie Baker inc,"302,779",15
Dec 2017,187,Leonard Barredo inc,"299,027",13
Dec 2017,188,Ryan Widell inc,"1,306,205",60
Dec 2017,188,James Pittsley inc,"1,110,175",55
Dec 2017,188,Anne Grantham inc,"956,036",47
Dec 2017,188,Linda Alexander inc,"853,145",42
Dec 2017,188,Matthew Dejesus inc,"795,861",39
Dec 2017,189,Andrew Eastman inc,"1,863,271",89
Dec 2017,189,Gertrude Espinosa inc,"958,137",46
Dec 2017,189,Christina Chamberlain inc,"933,322",46
Dec 2017,189,Esther Rodriguez 2 inc,"827,755",40
Dec 2017,189,Diane Allen 2 inc,"813,094",38
Dec 2017,190,Jay Hokanson inc,"890,927",48
Dec 2017,190,Denise Marquez 2 inc,"536,079",27
Dec 2017,190,Bernice Harris inc,"438,843",20
Dec 2017,190,Thomas Voyer inc,"406,615",21
Dec 2017,190,,"404,684",20
Dec 2017,191,Frank Lundborg inc,"624,504",35
Dec 2017,191,Patrick Heiden inc,"478,194",27
Dec 2017,191,Bruce Snyder inc,"433,729",21
Dec 2017,191,Laura James 2 inc,"423,982",26
Dec 2017,191,Virginia Greer inc,"397,409",20
Dec 2017,193,Renate Snyder inc,"700,598",33
Dec 2017,193,Adan Ellis inc,"512,308",23
Dec 2017,193,Donald Davis 9 inc,"449,969",22
Dec 2017,193,Lisa Plummer inc,"445,893",20
Dec 2017,193,Dorothy Woods inc,"420,481",22
Dec 2017,194,Alison Magallanes inc,"1,231,381",63
Dec 2017,194,Walter Washington 2 inc,"561,024",26
Dec 2017,194,Sandra Patterson 2 inc,"519,650",25
Dec 2017,194,Miranda Neri inc,"478,341",22
Dec 2017,194,Sherman Nanney inc,"399,224",19
Dec 2017,195,Casey Dawkins inc,"542,410",27
Dec 2017,195,Klara Ibanez inc,"395,877",22
Dec 2017,195,Joe Rodriguez 3 inc,"389,723",19
Dec 2017,195,John Wright 18 inc,"295,131",17
Dec 2017,195,Larry Harris 2 inc,"255,809",12
Dec 2017,197,Claudia Rodriguez inc,"1,120,321",56
Dec 2017,197,Lori Mize inc,"459,889",23
Dec 2017,197,Arthur Jenkins 2 inc,"371,434",16
Dec 2017,197,Randi Duke inc,"355,984",16
Dec 2017,197,Carlie Keach inc,"299,069",15
Dec 2017,198,Nancy Foley inc,"443,651",21
Dec 2017,198,Walter Barbieri inc,"389,878",16
Dec 2017,198,Charles Fritter inc,"345,341",21
Dec 2017,198,Jose Emerson inc,"338,395",19
Dec 2017,198,Barbara Christian inc,"331,238",14
Dec 2017,199,Crystal Dwyer inc,"2,070,598",106
Dec 2017,199,Elbert Six inc,"1,671,650",87
Dec 2017,199,Roger Serrano inc,"1,117,981",59
Dec 2017,199,Carolyn Flanagan inc,"1,103,741",52
Dec 2017,199,Judy Evans 3 inc,"1,016,998",50
Dec 2017,200,Juan Sojka inc,"2,601,226",122
Dec 2017,200,Lisa Saunders 2 inc,"2,074,627",101
Dec 2017,200,Latanya Crofton inc,"2,070,614",103
Dec 2017,200,Teresa Ellis inc,"1,920,814",97
Dec 2017,200,Sandra Davenport inc,"1,870,627",91
Dec 2017,201,James Howell 7 inc,"902,115",42
Dec 2017,201,Patricia Cornish inc,"306,029",16
Dec 2017,201,Patricia Hernandez 4 inc,"287,022",16
Dec 2017,201,Ryan Black inc,"258,467",13
Dec 2017,201,Dean Hardy inc,"231,909",12
Dec 2017,203,Albert Cadwell inc,"997,833",51
Dec 2017,203,Jeffrey Berryman inc,"482,186",21
Dec 2017,203,Lorraine Mahon inc,"315,079",16
Dec 2017,203,Ernest Ward inc,"262,240",12
Dec 2017,203,Kristal Bowman inc,"214,899",14
Dec 2017,204,Ruth Newark inc,"595,999",32
Dec 2017,204,Josephina Taylor inc,"274,181",13
Dec 2017,204,Debora Giles inc,"171,959",8
Dec 2017,204,Laura Scott 4 inc,"116,246",5
Dec 2017,204,Doris Tinley inc,"99,205",5
Dec 2017,205,Tyrone Dwaileebe inc,"447,309",23
Dec 2017,205,Zachary Holzer inc,"155,040",7
Dec 2017,205,Jaime Jackson inc,"127,561",7
Dec 2017,205,Joy Dejesus inc,"126,497",6
Dec 2017,205,Lura Richmond inc,"104,884",4
Dec 2017,206,Ryan Gregg inc,"615,930",31
Dec 2017,206,Louise Owens inc,"487,171",22
Dec 2017,206,Susan Klotz inc,"332,991",16
Dec 2017,206,Treva Padilla inc,"268,473",15
Dec 2017,206,Mary Roberts 6 inc,"268,409",13
Dec 2017,207,Clarence Griffin inc,"200,294",10
Dec 2017,207,Cheryl Ross inc,"161,263",7
Dec 2017,207,Donald Neff inc,"114,029",8
Dec 2017,207,Vincent Peterson 2 inc,"88,170",4
Dec 2017,207,Douglas Mons inc,"78,474",4
Dec 2017,208,Michael Abramson inc,"785,633",42
Dec 2017,208,Dale Skalicky inc,"421,095",20
Dec 2017,208,Gail Costello inc,"318,863",16
Dec 2017,208,Norbert Oberlin inc,"198,616",12
Dec 2017,208,Jason Ho inc,"183,638",10
Dec 2017,209,Ma Rowlands inc,"1,707,092",79
Dec 2017,209,Meaghan Saylor inc,"1,330,814",63
Dec 2017,209,Michael Mincey inc,"686,138",36
Dec 2017,209,Cathrine Guerrero inc,"640,473",34
Dec 2017,209,Wanda Lundberg inc,"568,743",30
Dec 2017,210,Timothy Godwin inc,"1,470,284",69
Dec 2017,210,Angela Parsons inc,"1,211,383",58
Dec 2017,210,Jamie Remillard inc,"1,207,086",64
Dec 2017,210,Michael Mocher inc,"1,097,470",57
Dec 2017,210,Felipe Erickson inc,"1,052,327",57
Dec 2017,211,Nancy Benz inc,"675,988",30
Dec 2017,211,Ryan Charles inc,"672,787",33
Dec 2017,211,William Darden inc,"598,369",29
Dec 2017,211,Margaret Niceswander inc,"449,550",23
Dec 2017,211,Crystal Krumholz inc,"445,749",23
Dec 2017,212,Donald Pimental inc,"6,402,122",324
Dec 2017,212,Rebecca Johnson 9 inc,"5,238,499",254
Dec 2017,212,Anna Risher inc,"4,139,016",204
Dec 2017,212,Mary Velazquez inc,"3,665,587",185
Dec 2017,212,Susan Williams 18 inc,"3,469,094",170
Dec 2017,213,Katherine Stickel inc,"3,786,513",193
Dec 2017,213,Nichol Gentry inc,"3,137,320",152
Dec 2017,213,Chad Tobar inc,"2,524,155",123
Dec 2017,213,Fredrick Vergara inc,"2,478,886",124
Dec 2017,213,Elizabeth Thomas 10 inc,"2,430,350",129
Dec 2017,214,Daniel Steinbach inc,"806,504",43
Dec 2017,214,Beatrice Thomas inc,"564,753",29
Dec 2017,214,Aaron Baker 3 inc,"476,936",24
Dec 2017,214,Christie Poole inc,"406,229",19
Dec 2017,214,Scott Debroux inc,"384,257",18
Dec 2017,215,Katherine Caldwell inc,"866,722",40
Dec 2017,215,Allison Kingston inc,"246,713",11
Dec 2017,215,Kirk Adams inc,"203,201",10
Dec 2017,215,Dennis Fowler inc,"194,843",9
Dec 2017,215,Stephanie Wallace 2 inc,"119,020",6
Dec 2017,216,Deanna Dudley inc,"585,566",31
Dec 2017,216,Mary Donati inc,"567,935",28
Dec 2017,216,Helen Acosta inc,"442,604",22
Dec 2017,216,Sarah Terrell inc,"433,070",18
Dec 2017,216,Roger Espinoza inc,"423,050",22
Dec 2017,218,Julianne Mchugh inc,"1,682,188",83
Dec 2017,218,Ronald Abbott 2 inc,"570,806",26
Dec 2017,218,Charles Oneil inc,"570,478",29
Dec 2017,218,Gary Ratcliff inc,"479,544",24
Dec 2017,218,Mildred Walton inc,"465,198",22
Dec 2017,219,Donald Smith 19 inc,"848,247",41
Dec 2017,219,Rodney Lichtenberg inc,"799,430",39
Dec 2017,219,Wendy Strong inc,"738,432",37
Dec 2017,219,James Henderson 10 inc,"569,307",27
Dec 2017,219,Christopher Marinaccio inc,"536,226",29
Dec 2017,220,Megan Robinson 5 inc,"688,943",35
Dec 2017,220,Rose Smith 7 inc,"655,452",31
Dec 2017,220,Grace Gorman inc,"623,896",32
Dec 2017,220,Valerie Ellison inc,"333,179",17
Dec 2017,220,James Jones 47 inc,"329,432",18
Dec 2017,221,Rose Brewer 2 inc,"281,752",12
Dec 2017,221,Vanessa Yepsen inc,"274,347",13
Dec 2017,221,Donna Wallace inc,"111,454",5
Dec 2017,221,Linda Harrist inc,"110,134",5
Dec 2017,221,Danielle Skeels inc,"108,881",6
Dec 2017,222,Dennis Clancy inc,"487,493",23
Dec 2017,222,Jonathon Morrison inc,"317,475",15
Dec 2017,222,Melvin Hurt inc,"315,638",17
Dec 2017,222,Jeanette Crooks inc,"280,554",12
Dec 2017,222,Joan Baggesen inc,"190,949",9
Dec 2017,223,Judy Turner inc,"693,443",37
Dec 2017,223,Connie Thompson inc,"594,230",31
Dec 2017,223,Gracie Mcmorran inc,"590,405",26
Dec 2017,223,Rodney Reynolds inc,"436,835",18
Dec 2017,223,Rachel Allman inc,"362,283",19
Dec 2017,224,John Sutton 8 inc,"792,129",38
Dec 2017,224,Deborah Harris 5 inc,"511,218",25
Dec 2017,224,Ronald Perkins 2 inc,"358,701",16
Dec 2017,224,Domingo Mcelhaney inc,"217,889",11
Dec 2017,224,Brandie Lane inc,"195,540",10
Dec 2017,226,John Rutherford 4 inc,"2,839,460",136
Dec 2017,226,Maggie Rosa inc,"1,379,805",67
Dec 2017,226,Jaime Marks inc,"861,323",46
Dec 2017,226,Joseph Dempsey inc,"767,711",42
Dec 2017,226,Kori Butler inc,"693,124",33
Dec 2017,227,Frank Mahler inc,"208,848",11
Dec 2017,227,Edward Jones 10 inc,"159,387",7
Dec 2017,227,Lucy Thompson 2 inc,"148,982",6
Dec 2017,227,Thomas Turner 5 inc,"131,260",6
Dec 2017,227,Carmen Parenteau inc,"99,887",4
Dec 2017,228,Pablo Laboy inc,"391,100",19
Dec 2017,228,Gregory Harper 2 inc,"329,441",15
Dec 2017,228,Susan Watson 4 inc,"214,750",10
Dec 2017,228,Eric Hoar inc,"206,168",9
Dec 2017,228,Gail Henderson inc,"194,955",11
Dec 2017,229,Christina Moralez inc,"590,673",32
Dec 2017,229,Anton Greene inc,"468,510",23
Dec 2017,229,David Estrada 3 inc,"399,452",21
Dec 2017,229,Camille Lindsey inc,"395,054",18
Dec 2017,229,Muriel Alvarez inc,"319,980",21
Dec 2017,230,Rosie Champagne inc,"561,838",26
Dec 2017,230,Allison Burgess inc,"460,302",24
Dec 2017,230,John Rivera 9 inc,"431,992",22
Dec 2017,230,Mary Melendez 3 inc,"352,935",18
Dec 2017,230,Joseph Bass inc,"302,720",16
Dec 2017,231,Mary Mattson inc,"4,495,178",228
Dec 2017,231,Joshua Berryhill inc,"2,195,641",111
Dec 2017,231,Florence Mitchell 2 inc,"1,763,059",89
Dec 2017,231,Michael Mefford inc,"1,429,832",71
Dec 2017,231,Edward Hebert 3 inc,"1,346,362",66
Dec 2017,232,Whitney Delgado inc,"1,232,968",61
Dec 2017,232,Charles Urias inc,"882,476",43
Dec 2017,232,James Carpenter 7 inc,"868,063",42
Dec 2017,232,Adam Schey inc,"852,947",47
Dec 2017,232,Truman Garcia inc,"799,472",36
Dec 2017,233,Chad Tobar inc,"7,157,744",345
Dec 2017,233,Maria Meaker inc,"3,888,910",187
Dec 2017,233,John Mcneal 2 inc,"3,882,747",195
Dec 2017,233,Ella Rose 2 inc,"3,777,284",190
Dec 2017,233,Ruth Kohl inc,"3,363,057",165
Dec 2017,234,Alice Dickerson inc,"962,984",45
Dec 2017,234,Rachel Honeycutt inc,"653,201",31
Dec 2017,234,Johnnie Elliott inc,"607,901",36
Dec 2017,234,Anthony Tobey inc,"535,282",28
Dec 2017,234,Jennifer Haynes inc,"523,156",27
Dec 2017,235,Peter Adams 3 inc,"336,186",17
Dec 2017,235,Daniel Gassaway inc,"285,069",11
Dec 2017,235,Michael Brickner inc,"238,719",10
Dec 2017,235,David Morris 4 inc,"238,082",12
Dec 2017,235,Myra Abron inc,"180,249",8
Dec 2017,236,Mary Milliren inc,"404,339",20
Dec 2017,236,Jeremy Adams 3 inc,"349,919",18
Dec 2017,236,Christopher Henderson 2 inc,"194,840",10
Dec 2017,236,Nick Redenius inc,"180,756",10
Dec 2017,236,Kimberly Friedrichs inc,"138,371",7
Dec 2017,237,Julie Hughes inc,"509,074",26
Dec 2017,237,Douglas Leak inc,"129,813",6
Dec 2017,237,Sarah Seldon inc,"124,306",8
Dec 2017,237,Dennis Coates inc,"123,614",6
Dec 2017,237,Craig Osborne inc,"122,926",7
Dec 2017,238,Kenneth Kimbler inc,"1,500,338",76
Dec 2017,238,Robin Forbes inc,"996,354",50
Dec 2017,238,Christopher Smith 19 inc,"855,970",44
Dec 2017,238,Eugene Roberts inc,"747,879",37
Dec 2017,238,Clyde Scott 2 inc,"743,818",36
Dec 2017,239,Leonard Parton inc,"738,264",36
Dec 2017,239,Rosa Daugherty inc,"515,904",25
Dec 2017,239,Bonnie Gresham inc,"512,540",26
Dec 2017,239,Dean Arteaga inc,"355,038",17
Dec 2017,239,George Hay inc,"304,983",16
Dec 2017,240,Jessica Baxter inc,"513,120",24
Dec 2017,240,Victoria Brown 3 inc,"346,968",17
Dec 2017,240,Gerald Rivera 2 inc,"322,749",16
Dec 2017,240,Erick Porter inc,"249,987",10
Dec 2017,240,Gloria Applin inc,"240,794",12
Dec 2017,242,Mae Davis 3 inc,"1,650,140",80
Dec 2017,242,Ada Cough inc,"1,327,723",65
Dec 2017,242,John Bordner inc,"1,309,056",68
Dec 2017,242,Rubin Terrance inc,"862,106",43
Dec 2017,242,Estella Vidal inc,"859,732",45
Dec 2017,244,Vivian Cawthorne inc,"3,161,842",162
Dec 2017,244,James Funk 2 inc,"2,617,656",122
Dec 2017,244,Diane Robbins inc,"2,376,667",118
Dec 2017,244,Donald Bacon 2 inc,"1,595,261",82
Dec 2017,244,,"1,460,407",67
Dec 2017,245,Brenda Green 4 inc,"1,081,523",56
Dec 2017,245,Bobby Bryce inc,"811,623",39
Dec 2017,245,Debra Moncrief inc,"801,617",38
Dec 2017,245,Anton Wilder inc,"800,021",41
Dec 2017,245,James Brown 42 inc,"626,550",32
Dec 2017,246,Clarice Potts inc,"4,261,653",219
Dec 2017,246,James Holliday inc,"2,541,201",119
Dec 2017,246,Marc Juckett inc,"2,085,318",107
Dec 2017,246,Naomi Wakefield inc,"1,937,902",96
Dec 2017,246,Daniel Shawl inc,"1,660,621",81
Dec 2017,247,Alex Couzens inc,"2,135,938",104
Dec 2017,247,Mary Schultheis inc,"1,300,654",58
Dec 2017,247,Charles Doyle inc,"1,252,284",64
Dec 2017,247,Frederick Uson inc,"744,717",37
Dec 2017,247,Harold Mendoza inc,"564,148",26
Dec 2017,248,Tara Hollis inc,"1,754,429",86
Dec 2017,248,Alison Miranda inc,"1,587,779",78
Dec 2017,248,Nicholas Mixer inc,"1,379,937",71
Dec 2017,248,George Wheeler 2 inc,"1,332,488",70
Dec 2017,248,Shanta Griffin inc,"1,218,169",57
Dec 2017,250,Edward Campbell 2 inc,"1,056,642",52
Dec 2017,250,Catherine Ochs inc,"820,935",38
Dec 2017,250,Raymond Williams 10 inc,"745,880",34
Dec 2017,250,Raymond Higginbotham inc,"599,712",29
Dec 2017,250,Angela Mcnabb inc,"567,724",29
Dec 2017,251,Lola Cramer inc,"2,919,926",140
Dec 2017,251,Rose Mincey inc,"2,424,415",114
Dec 2017,251,Charles Bendel inc,"1,863,219",96
Dec 2017,251,Ryan Harris 2 inc,"1,838,773",89
Dec 2017,251,Vonda Lake inc,"1,775,398",90
Dec 2017,252,Dominick Newsom inc,"358,374",17
Dec 2017,252,Felicia Pickle inc,"351,834",16
Dec 2017,252,Timothy Dey inc,"262,863",12
Dec 2017,252,Aretha Blevins inc,"261,944",11
Dec 2017,252,Cherlyn Moss inc,"240,290",13
Dec 2017,253,Karen Fiene inc,"1,025,372",46
Dec 2017,253,Jesse Valazquez inc,"717,155",35
Dec 2017,253,Gussie Bickford inc,"642,951",32
Dec 2017,253,Walter Hay inc,"638,846",29
Dec 2017,253,Dillon Renshaw inc,"534,056",28
Dec 2017,254,Michael Newsom inc,"419,391",20
Dec 2017,254,Amanda Jara inc,"193,972",9
Dec 2017,254,Joseph Olson 2 inc,"184,488",8
Dec 2017,254,John Mathews 2 inc,"165,313",7
Dec 2017,254,Todd Dragich inc,"161,339",8
Dec 2017,255,Harmony Mathis inc,"784,828",41
Dec 2017,255,Blanche Egan inc,"759,986",41
Dec 2017,255,Sheryl Wilson inc,"564,827",27
Dec 2017,255,Roger Thibodeaux inc,"439,609",20
Dec 2017,255,Jeffrey Cawley inc,"365,338",19
Dec 2017,256,Leigh Carr inc,"2,643,093",137
Dec 2017,256,Juan Kong inc,"1,133,175",61
Dec 2017,256,Beatrice Graham inc,"693,857",35
Dec 2017,256,Ryan Kyle inc,"579,278",30
Dec 2017,256,Ralph Palmer inc,"506,299",24
Dec 2017,258,Stacie Lucas inc,"430,904",19
Dec 2017,258,Michelle Jones 13 inc,"317,034",17
Dec 2017,258,Steven Johnson 10 inc,"305,375",17
Dec 2017,258,Damaris Godwin inc,"269,374",13
Dec 2017,258,Bill Busch inc,"196,034",10
Dec 2017,259,Gerald Mccullough inc,"1,493,602",72
Dec 2017,259,Allen Jackson 2 inc,"1,245,989",60
Dec 2017,259,Anthony Wheeler 2 inc,"1,018,182",50
Dec 2017,259,Adrienne Hill inc,"993,931",49
Dec 2017,259,Stephanie Reeves inc,"781,221",36
Dec 2017,260,Eloise Paoli inc,"667,134",32
Dec 2017,260,Jordan Johnson inc,"552,991",28
Dec 2017,260,William Young 10 inc,"543,762",31
Dec 2017,260,Juanita Gilliam inc,"362,463",19
Dec 2017,260,Christopher Bullock inc,"348,119",14
Dec 2017,261,Samuel Powell inc,"727,265",32
Dec 2017,261,Donald Lowe inc,"666,426",28
Dec 2017,261,Phillip Justice 2 inc,"629,136",32
Dec 2017,261,Renaldo Allen inc,"549,346",27
Dec 2017,261,Theodore Thompson 2 inc,"511,878",27
Dec 2017,262,Kevin Wolfrum inc,"571,619",26
Dec 2017,262,Raymond Sylvester inc,"396,724",19
Dec 2017,262,Maryann Carson inc,"326,574",14
Dec 2017,262,Lora Harrell inc,"213,690",12
Dec 2017,262,Monte Powers inc,"163,088",7
Dec 2017,263,Joan Miller 2 inc,"336,980",16
Dec 2017,263,David Millay 2 inc,"246,715",11
Dec 2017,263,Donnell Cotto inc,"168,774",7
Dec 2017,263,Mary Stroup inc,"114,624",7
Dec 2017,263,Nathan Hall inc,"93,937",4
Dec 2017,264,Erika Legrand inc,"563,966",26
Dec 2017,264,Judith Roth inc,"271,442",16
Dec 2017,264,Sandra Brison inc,"260,518",14
Dec 2017,264,Grace Cox inc,"240,697",12
Dec 2017,264,Lena Boyer inc,"227,239",11
Dec 2017,265,David Adkins 7 inc,"529,347",23
Dec 2017,265,Michelle Dougherty inc,"512,369",24
Dec 2017,265,Michael Feinberg inc,"496,308",29
Dec 2017,265,John Mai inc,"440,884",21
Dec 2017,265,Aron Chase inc,"413,450",21
Dec 2017,266,Jerry Anderson 2 inc,"431,129",20
Dec 2017,266,Darryl Servin inc,"265,832",16
Dec 2017,266,Agnes Santos inc,"171,697",8
Dec 2017,266,Victoria Self inc,"163,654",8
Dec 2017,266,Michael Avila inc,"156,087",9
Dec 2017,267,Genesis Barcia inc,"462,290",21
Dec 2017,267,Maurice Ehret inc,"352,269",18
Dec 2017,267,Rebecca Pollard inc,"258,946",12
Dec 2017,267,Kimberly Brown 6 inc,"249,308",14
Dec 2017,267,Julie Young inc,"246,282",13
Dec 2017,268,Trudy Harris inc,"1,885,442",94
Dec 2017,268,Sabine King inc,"1,194,253",59
Dec 2017,268,Timothy Lewis 8 inc,"962,377",48
Dec 2017,268,Charleen Lawson inc,"803,699",38
Dec 2017,268,Roy Mccoy inc,"772,213",41
Dec 2017,269,Josephine Garrity inc,"713,609",37
Dec 2017,269,Heather Hopkins inc,"397,456",19
Dec 2017,269,Mary Radford 3 inc,"385,740",22
Dec 2017,269,Charles Young 5 inc,"273,606",12
Dec 2017,269,Linda Beaudin inc,"181,116",9
Dec 2017,270,Jane Vanauken inc,"614,024",27
Dec 2017,270,Patricia Smith 25 inc,"540,275",26
Dec 2017,270,David Park inc,"401,902",16
Dec 2017,270,Val Slowinski inc,"371,303",18
Dec 2017,270,Cristina Lindsay inc,"341,888",16
Dec 2017,271,Ann Morrell inc,"1,227,521",57
Dec 2017,271,Jame Perez inc,"1,176,647",60
Dec 2017,271,Jimmy Garcia 2 inc,"994,885",47
Dec 2017,271,Sharon Mcdaniel inc,"846,558",48
Dec 2017,271,Mark Adams 5 inc,"776,923",39
Dec 2017,272,David Fitzpatrick inc,"1,123,229",59
Dec 2017,272,Joseph Olson 3 inc,"845,417",39
Dec 2017,272,Mark Layne inc,"733,409",33
Dec 2017,272,Gabriela Woods inc,"598,187",30
Dec 2017,272,Jeanne Bell 2 inc,"498,823",28
Dec 2017,273,Ruth Signs inc,"65,321",3
Dec 2017,273,Antoine Alexander inc,"62,971",4
Dec 2017,273,Georgine Heard inc,"54,766",3
Dec 2017,273,David Houchin inc,"48,287",2
Dec 2017,273,Zachary Pierson inc,"34,931",1
Dec 2017,274,Doris Babcock inc,"4,694,301",239
Dec 2017,274,Sylvester Wetzel inc,"1,788,408",96
Dec 2017,274,Austin Edmunds inc,"1,587,499",84
Dec 2017,274,Angela Barrett 2 inc,"1,506,999",76
Dec 2017,274,Jane Bell inc,"1,386,185",65
Dec 2017,275,Frederick Mccammon inc,"610,524",29
Dec 2017,275,Kathleen Rutz inc,"486,978",20
Dec 2017,275,Howard Justus inc,"467,693",23
Dec 2017,275,Orville Caporiccio inc,"428,804",22
Dec 2017,275,Doris Bullard inc,"399,391",21
Dec 2017,276,Steven Porter 2 inc,"1,315,847",69
Dec 2017,276,Odis Hampton inc,"1,109,924",55
Dec 2017,276,Joey Johnson inc,"880,541",43
Dec 2017,276,Janet Bertsch inc,"836,621",41
Dec 2017,276,Vesta Jackson inc,"732,438",41
Dec 2017,277,Jonathan Rollins inc,"4,587,838",224
Dec 2017,277,Tracie Dempsey inc,"4,193,250",212
Dec 2017,277,Michelle Briscoe inc,"3,714,517",180
Dec 2017,277,Daniel Phipps 2 inc,"3,480,544",174
Dec 2017,277,James Mastin inc,"2,922,319",141
Dec 2017,278,David Fontaine inc,"2,064,900",99
Dec 2017,278,Sylvia Holler inc,"1,949,737",96
Dec 2017,278,Maria Davis 10 inc,"1,295,155",66
Dec 2017,278,Calvin Severy inc,"1,122,843",56
Dec 2017,278,Berry Cannata inc,"854,640",39
Dec 2017,279,Debra Williams 7 inc,"2,008,283",94
Dec 2017,279,George Williams 20 inc,"1,888,114",96
Dec 2017,279,Miguel Walt inc,"1,682,571",93
Dec 2017,279,Jocelyn Dixon inc,"1,302,533",63
Dec 2017,279,Robert Hall 16 inc,"1,190,166",67
Dec 2017,280,Clyde Garland inc,"2,236,694",112
Dec 2017,280,John Harris 25 inc,"989,996",47
Dec 2017,280,Matthew Horton 2 inc,"904,964",42
Dec 2017,280,Vivian Howard inc,"717,409",39
Dec 2017,280,Michael Anderson 16 inc,"685,730",33
Dec 2017,281,Charles Everett inc,"803,335",44
Dec 2017,281,Pierre Weiner inc,"749,068",38
Dec 2017,281,Samuel Rebello inc,"452,803",24
Dec 2017,281,Clayton Palmer inc,"441,195",24
Dec 2017,281,Sandra Staples inc,"395,003",20
Dec 2017,282,Jonathan Crumble inc,"1,742,260",88
Dec 2017,282,Devon Sanders inc,"1,418,048",75
Dec 2017,282,Katherine Cotter inc,"1,104,896",54
Dec 2017,282,Annette Dacosta inc,"710,491",33
Dec 2017,282,Fernando Williams inc,"627,234",28
Dec 2017,283,Christopher Carter 3 inc,"3,866,150",184
Dec 2017,283,Sterling Haskins inc,"2,070,507",106
Dec 2017,283,Jennifer Moody inc,"1,934,873",91
Dec 2017,283,Marlin Stroud inc,"1,903,648",101
Dec 2017,283,Sean Rohman inc,"1,820,895",86
Dec 2017,285,Jefferey Smith inc,"775,154",33
Dec 2017,285,William Cade inc,"394,243",20
Dec 2017,285,Carolyn Hardy inc,"278,297",11
Dec 2017,285,Juanita Moss inc,"193,735",10
Dec 2017,285,Jessica Winters inc,"153,205",9
Dec 2017,286,Chris Heath inc,"6,815,870",347
Dec 2017,286,Kevin Hellman inc,"4,825,729",239
Dec 2017,286,Rita Elias inc,"3,670,938",185
Dec 2017,286,Jasmin Morataya inc,"3,625,185",183
Dec 2017,286,Steven Rodriguez 2 inc,"2,707,096",127
Dec 2017,287,Wm Evans inc,"417,661",20
Dec 2017,287,Anita Herman inc,"353,713",18
Dec 2017,287,George Peebles inc,"303,024",16
Dec 2017,287,John Arlington inc,"250,968",13
Dec 2017,287,Dustin Brown inc,"238,944",11
Dec 2017,288,Michael Morgan 3 inc,"1,311,315",63
Dec 2017,288,Lisa Rollins inc,"1,189,871",57
Dec 2017,288,Steve Crofton inc,"1,113,019",52
Dec 2017,288,Wallace Bennett inc,"1,109,114",54
Dec 2017,288,Lillie Collins inc,"744,363",36
Dec 2017,289,Sherri Garrison inc,"5,827,700",283
Dec 2017,289,Willard Conditt inc,"1,959,719",93
Dec 2017,289,John Penn 2 inc,"1,429,351",74
Dec 2017,289,Jeannette Paschal inc,"1,404,562",65
Dec 2017,289,Elnora Cook inc,"1,259,780",66
Dec 2017,290,Shane Nelson inc,"378,437",20
Dec 2017,290,Timothy Oneill inc,"318,254",15
Dec 2017,290,Guadalupe Schoenfeld inc,"284,048",15
Dec 2017,290,Charles Harris 11 inc,"276,518",13
Dec 2017,290,Tia Moore inc,"272,171",13
Dec 2017,291,Cesar Hall inc,"30,642,529","1,516"
Dec 2017,291,Elizabeth Gibbs inc,"2,038,072",103
Dec 2017,291,Efrain Webb inc,"2,025,854",102
Dec 2017,291,Paul Dietrich inc,"1,923,627",92
Dec 2017,291,Mary Castillo 2 inc,"1,682,594",86
Dec 2017,292,Rebecca Kim 2 inc,"1,633,041",84
Dec 2017,292,Gilbert Lowell inc,"1,406,962",65
Dec 2017,292,Scott Uson inc,"1,133,686",52
Dec 2017,292,Brandon Manns inc,"712,204",31
Dec 2017,292,Ralph Phillips 2 inc,"685,738",32
Dec 2017,293,Lawrence Williams 4 inc,"263,542",12
Dec 2017,293,Joseph Phillips 6 inc,"244,429",9
Dec 2017,293,Ruth Munger inc,"218,757",9
Dec 2017,293,Maria Morlan inc,"207,215",11
Dec 2017,293,Donna Brown 7 inc,"171,419",8
Dec 2017,294,Keith Thomas 2 inc,"508,567",24
Dec 2017,294,Tina Leflore inc,"479,907",27
Dec 2017,294,Andrew Bailey 2 inc,"461,741",21
Dec 2017,294,Phyllis Matthews inc,"368,530",18
Dec 2017,294,Mathew Vogus inc,"287,977",12
Dec 2017,295,Darren Brewer inc,"808,735",42
Dec 2017,295,Christopher Hubbard 3 inc,"546,529",25
Dec 2017,295,Edwin Dowdy inc,"464,329",25
Dec 2017,295,Angela Johnson 7 inc,"403,597",19
Dec 2017,295,Sterling Wing inc,"402,691",21
Dec 2017,296,Dara Contreras inc,"746,909",35
Dec 2017,296,Edward Evanoff inc,"661,043",34
Dec 2017,296,Randall Howard inc,"593,494",29
Dec 2017,296,Terry Guillory inc,"548,397",26
Dec 2017,296,Larry Mcmanus inc,"540,677",29
Dec 2017,297,Amelia Ray inc,"864,447",41
Dec 2017,297,Crystal Marquez inc,"857,868",44
Dec 2017,297,Nicole Borrero inc,"855,287",42
Dec 2017,297,Ehtel Lynn inc,"751,660",34
Dec 2017,297,David Parsons 3 inc,"730,771",40
Dec 2017,298,Marisa Corbin inc,"465,468",22
Dec 2017,298,Chad Tobar inc,"340,223",14
Dec 2017,298,Krysten Edwards inc,"319,208",13
Dec 2017,298,Guadalupe Blank inc,"252,993",14
Dec 2017,298,Ella Rose 2 inc,"172,525",9
Dec 2017,299,Gary Hayes inc,"648,708",35
Dec 2017,299,Kim Sutton inc,"586,296",26
Dec 2017,299,Edna Ramirez 2 inc,"509,018",24
Dec 2017,299,Eric Autrey inc,"502,309",24
Dec 2017,299,Mildred Tilman inc,"422,118",19
Dec 2017,300,Rene Roberts 2 inc,"1,105,200",54
Dec 2017,300,Lorene Johnson 3 inc,"831,154",44
Dec 2017,300,Ruben Frantz inc,"796,778",38
Dec 2017,300,Kyle Sterling inc,"735,953",34
Dec 2017,300,Jesus Hosey inc,"726,299",36
Dec 2017,301,Gabrielle Caudel inc,"680,746",34
Dec 2017,301,John Hammond 2 inc,"522,371",26
Dec 2017,301,Juan Jennrich inc,"483,123",25
Dec 2017,301,Joyce Perry inc,"474,828",25
Dec 2017,301,Christopher Gray 4 inc,"432,336",21
Dec 2017,302,Colin Canelo inc,"2,276,593",115
Dec 2017,302,Albert Smith 10 inc,"1,597,700",79
Dec 2017,302,Emma Walters inc,"1,194,674",58
Dec 2017,302,Thomas Crouchet inc,"1,167,970",53
Dec 2017,302,,"1,070,568",54
Dec 2017,303,Marvin Peterman inc,"742,368",33
Dec 2017,303,Christine Hill 3 inc,"736,251",40
Dec 2017,303,Bessie Fulmer inc,"614,303",27
Dec 2017,303,Peter Nelson 4 inc,"455,378",21
Dec 2017,303,Linda Beckett inc,"342,191",19
Dec 2017,304,Cordelia Rice inc,"857,971",47
Dec 2017,304,Heather Brackett inc,"730,662",34
Dec 2017,304,Jill Costa inc,"684,196",39
Dec 2017,304,Richard Hansen inc,"564,457",24
Dec 2017,304,Ashly Hall inc,"523,425",24
Dec 2017,306,Maurice Robertson inc,"328,633",15
Dec 2017,306,Martha Williams 5 inc,"282,949",12
Dec 2017,306,Shannon Depuy inc,"264,759",11
Dec 2017,306,Ruby Armstead inc,"214,615",12
Dec 2017,306,Timothy Sepulveda inc,"162,968",9
Dec 2017,307,John Kluender inc,"897,805",45
Dec 2017,307,Larry Hicks 4 inc,"357,255",16
Dec 2017,307,Jamal Moore inc,"185,798",9
Dec 2017,307,Jerry Cimino inc,"173,580",9
Dec 2017,307,Adan Croft inc,"156,339",7
Dec 2017,308,Roy Lavine inc,"978,205",53
Dec 2017,308,Reed Williams inc,"926,609",45
Dec 2017,308,Fannie Baltimore inc,"870,013",48
Dec 2017,308,Frances Fritz inc,"634,356",30
Dec 2017,308,Amy Fleetwood inc,"629,980",30
Dec 2017,309,Patricia Jackson 7 inc,"536,309",23
Dec 2017,309,David Aucoin inc,"375,371",16
Dec 2017,309,Bonita Mondesir inc,"365,425",19
Dec 2017,309,Christopher Frazier 2 inc,"343,015",16
Dec 2017,309,Ernest Turner 2 inc,"291,779",15
Dec 2017,310,Barbara Thomas 9 inc,"438,363",23
Dec 2017,310,Carl Durbin inc,"280,058",13
Dec 2017,310,Briana Powell inc,"252,708",12
Dec 2017,310,Benjamin Cook inc,"250,186",10
Dec 2017,310,Maria Black 2 inc,"239,456",12
Dec 2017,311,Janet Baker 2 inc,"690,679",32
Dec 2017,311,Walter May inc,"506,281",23
Dec 2017,311,Michael Dunlop inc,"382,427",22
Dec 2017,311,Carole West inc,"355,662",17
Dec 2017,311,Roger Freitas inc,"302,931",14
Dec 2017,312,David Taylor 12 inc,"460,511",23
Dec 2017,312,Virginia Long inc,"312,287",15
Dec 2017,312,Tony Butler inc,"303,008",17
Dec 2017,312,Karl Santiago inc,"295,291",13
Dec 2017,312,Joann Net inc,"274,201",13
Dec 2017,313,Danny Lupien inc,"546,899",32
Dec 2017,313,Catherine Hogan inc,"491,807",23
Dec 2017,313,Jason Butler 2 inc,"341,837",14
Dec 2017,313,Connie Partis inc,"297,178",15
Dec 2017,313,Judy Richards inc,"288,181",12
Dec 2017,314,Jeffery Aguilar 2 inc,"1,506,503",71
Dec 2017,314,Carl Black inc,"1,364,439",67
Dec 2017,314,Lloyd Brink inc,"1,351,145",67
Dec 2017,314,Erna Dahlgren inc,"1,268,212",63
Dec 2017,314,Julio Piner inc,"1,213,320",66
Dec 2017,315,Lester Marcum inc,"256,377",12
Dec 2017,315,James Maltie inc,"141,833",7
Dec 2017,315,William Howlin inc,"130,215",7
Dec 2017,315,Harriet Miller inc,"129,684",8
Dec 2017,315,Alfred Walters inc,"95,657",5
Dec 2017,316,Tammy Perotti inc,"52,020",2
Dec 2017,316,Lourdes Wilson 2 inc,"40,380",2
Dec 2017,316,David Williams 20 inc,"29,870",1
Dec 2017,316,,"18,368",1
Dec 2017,316,Shelia Mains inc,"3,665",1
Dec 2017,318,Tracey Ziegler inc,"690,899",35
Dec 2017,318,Jean Vandusen inc,"633,033",28
Dec 2017,318,Ryan Malina inc,"571,855",29
Dec 2017,318,Jose Penn inc,"499,976",26
Dec 2017,318,Leona Bigelow inc,"406,892",20
Dec 2017,319,John Carrousal inc,"86,528",4
Dec 2017,319,Jessica Wilson inc,"84,438",4
Dec 2017,319,Donald Hart inc,"66,831",3
Dec 2017,319,Donald Cameron inc,"66,060",3
Dec 2017,319,Timothy Boyle inc,"50,710",2
Dec 2017,320,Tom Benavidez inc,"4,575,534",220
Dec 2017,320,Edwin Riley inc,"1,360,006",68
Dec 2017,320,Arthur Dove inc,"1,017,035",50
Dec 2017,320,Christopher Ferree inc,"993,463",44
Dec 2017,320,Janice Whiteman inc,"956,347",50
Dec 2017,321,Steven Hisey inc,"322,448",15
Dec 2017,321,Joseph Funk inc,"275,872",10
Dec 2017,321,Lara Pettit inc,"258,444",11
Dec 2017,321,John Longoria inc,"213,694",11
Dec 2017,321,Timothy Mays inc,"168,519",9
Dec 2017,322,Quinton Elizarraras inc,"3,827,008",182
Dec 2017,322,Andrea Hartman inc,"2,813,987",136
Dec 2017,322,Allen Poulton inc,"2,220,372",107
Dec 2017,322,Christopher Chinzi inc,"1,450,716",70
Dec 2017,322,Kristin Garrett inc,"1,300,834",68
Dec 2017,323,Ruben Lopez inc,"1,131,967",59
Dec 2017,323,Michael Wheeler 8 inc,"1,059,740",54
Dec 2017,323,Jose Handy inc,"496,068",27
Dec 2017,323,Willie Hudson inc,"397,266",19
Dec 2017,323,Daniel Gifford inc,"388,430",20
Dec 2017,325,Dennis Terrance inc,"1,238,631",68
Dec 2017,325,Christopher Pinneo inc,"609,664",33
Dec 2017,325,Miriam Cisneros inc,"552,700",29
Dec 2017,325,Craig Rehm inc,"506,835",24
Dec 2017,325,Alpha Way inc,"471,628",22
Dec 2017,326,David Mann 4 inc,"326,446",15
Dec 2017,326,Richard Markle inc,"278,556",13
Dec 2017,326,Nancy Hill 5 inc,"245,734",14
Dec 2017,326,Pamela Brown 5 inc,"193,742",10
Dec 2017,326,Cecil Confer inc,"193,733",10
Dec 2017,327,Arthur Cobb 3 inc,"442,884",21
Dec 2017,327,Lydia Eyre inc,"289,498",12
Dec 2017,327,Christina Baylon inc,"249,645",13
Dec 2017,327,Karen Briggs inc,"193,576",9
Dec 2017,327,Daniel Page 2 inc,"136,713",8
Dec 2017,328,William Darling inc,"1,716,971",82
Dec 2017,328,Luella Jones inc,"752,653",37
Dec 2017,328,Matthew Seldon inc,"478,132",20
Dec 2017,328,Samira Cervantes inc,"463,880",22
Dec 2017,328,Jo Davis inc,"449,300",19
Dec 2017,329,Kristen Woods inc,"842,419",41
Dec 2017,329,Stephanie Bagaoisan inc,"756,298",38
Dec 2017,329,Robert Olson 4 inc,"720,421",38
Dec 2017,329,John Hunt 4 inc,"688,943",35
Dec 2017,329,Shirley Ball inc,"615,069",30
Dec 2017,330,Sandra Buckner inc,"686,896",32
Dec 2017,330,Karen Pate inc,"628,104",30
Dec 2017,330,Ricardo Kane inc,"426,394",23
Dec 2017,330,,"384,080",19
Dec 2017,330,Hugh Gale inc,"364,382",17
Dec 2017,331,Antoine Alexander inc,"14,787,730",736
Dec 2017,331,Valerie Martin 2 inc,"13,915,479",689
Dec 2017,331,Jean Jolley inc,"10,987,225",548
Dec 2017,331,Ryan Stephens 2 inc,"8,556,954",427
Dec 2017,331,Eddie Thompson 2 inc,"6,951,281",343
Dec 2017,333,Joseph Proctor inc,"7,580,546",394
Dec 2017,333,Teresa Begley inc,"7,399,217",371
Dec 2017,333,Andrew Hernandez 2 inc,"3,335,407",164
Dec 2017,333,Naomi Day inc,"3,243,504",157
Dec 2017,333,Clarence Griffin inc,"3,233,488",161
Dec 2017,334,Mary Siegel inc,"2,252,076",119
Dec 2017,334,Brianna Derrick inc,"1,497,776",74
Dec 2017,334,Noella Vansickle inc,"1,356,623",63
Dec 2017,334,Paulette Griffin inc,"1,278,277",65
Dec 2017,334,Megan Brackeen inc,"1,247,650",61
Dec 2017,335,Catherine Tanner inc,"724,555",36
Dec 2017,335,Sandra Belvins inc,"528,411",26
Dec 2017,335,Yolanda Jones 3 inc,"247,615",13
Dec 2017,335,William Howland inc,"236,875",14
Dec 2017,335,Dion Cantu inc,"183,217",10
Dec 2017,336,Katherine Kirschner inc,"476,456",24
Dec 2017,336,Jack Turner inc,"282,850",13
Dec 2017,336,Ronald Lopez 4 inc,"197,678",10
Dec 2017,336,Roberto Mundy inc,"193,918",9
Dec 2017,336,Melinda Brown inc,"188,110",7
Dec 2017,337,Karen Lee 2 inc,"1,030,402",51
Dec 2017,337,Anna Baker 2 inc,"371,418",20
Dec 2017,337,Timothy Robins inc,"312,225",16
Dec 2017,337,Ora Jones inc,"256,414",11
Dec 2017,337,Mary Ruggiero inc,"242,841",10
Dec 2017,338,Lucas Carmona inc,"482,964",20
Dec 2017,338,Lon Larson inc,"462,327",23
Dec 2017,338,Russell Sexton inc,"241,402",13
Dec 2017,338,Daniel Schoenberger inc,"235,693",11
Dec 2017,338,Brian Williams 8 inc,"218,288",12
Dec 2017,339,Mireya Smith inc,"1,354,429",64
Dec 2017,339,Gertrudis Stamps inc,"1,333,930",62
Dec 2017,339,Marie Reynolds 4 inc,"1,157,046",59
Dec 2017,339,Larry Culbert inc,"1,081,415",55
Dec 2017,339,Christopher Greer inc,"861,223",43
Dec 2017,340,Terry Turpin 2 inc,"4,253,131",213
Dec 2017,340,Nancy Jamison 2 inc,"2,157,516",106
Dec 2017,340,Janet Johnson 3 inc,"2,101,589",107
Dec 2017,340,Thelma Williams 3 inc,"1,778,826",87
Dec 2017,340,Katherine Rovero inc,"1,643,029",81
Dec 2017,341,Bonita Lemons inc,"675,879",35
Dec 2017,341,James Calendine inc,"525,313",27
Dec 2017,341,David Kellam inc,"469,235",25
Dec 2017,341,Victor Sullivan inc,"272,024",13
Dec 2017,341,Joan Cuevas inc,"269,791",15
Dec 2017,342,William Roney inc,"1,319,076",71
Dec 2017,342,Gordon Burdock inc,"619,437",31
Dec 2017,342,Jo Earles inc,"419,550",21
Dec 2017,342,John Goris inc,"366,854",21
Dec 2017,342,Vida Smith inc,"313,510",15
Dec 2017,343,Joshua Reyna inc,"440,287",23
Dec 2017,343,James Kinkelaar inc,"434,734",24
Dec 2017,343,Michael Broadwater inc,"336,772",16
Dec 2017,343,Hazel Lesperance inc,"317,094",13
Dec 2017,343,William Jaffe inc,"272,994",12
Dec 2017,344,Morris Grooms inc,"2,343,243",121
Dec 2017,344,Erica Paul inc,"1,067,300",50
Dec 2017,344,Ella Rose 2 inc,"1,065,207",51
Dec 2017,344,Jerry Facer inc,"982,928",48
Dec 2017,344,John Bigbee inc,"899,898",44
Dec 2017,345,Patrick Nunn inc,"358,715",17
Dec 2017,345,Julius Garrett inc,"235,224",10
Dec 2017,345,Bobby Madsen inc,"228,052",10
Dec 2017,345,Eugene Mcalexander inc,"207,772",9
Dec 2017,345,Margaret Walker 3 inc,"180,663",9
Dec 2017,347,Edna Ledesma inc,"1,559,998",77
Dec 2017,347,Erma Milligan inc,"1,195,743",57
Dec 2017,347,Shirley Lawrence 2 inc,"1,016,609",47
Dec 2017,347,Carolyn Hardin inc,"865,089",40
Dec 2017,347,Christopher Jackson 5 inc,"756,895",39
Feb 2017,1,Cesar Hall inc,"44,779,434","2,257"
Feb 2017,1,Kathie Sughrue inc,"34,889,769","1,719"
Feb 2017,1,Mary Gray 7 inc,"28,035,129","1,370"
Feb 2017,1,Steven Russell inc,"19,783,367","1,017"
Feb 2017,1,Maxine Flores inc,"16,401,561",818
Feb 2017,2,Mark Cipolla inc,"262,832",14
Feb 2017,2,Shana Platt inc,"212,894",10
Feb 2017,2,Ernesto Matthews inc,"199,406",9
Feb 2017,2,Charles Budde inc,"195,511",9
Feb 2017,2,Christopher Williams 11 inc,"186,614",8
Feb 2017,3,Rhonda Cunningham inc,"544,216",27
Feb 2017,3,Robert Harrison 7 inc,"305,014",16
Feb 2017,3,Dennis Mcmillan inc,"290,853",15
Feb 2017,3,Donnie Sefcovic inc,"267,857",12
Feb 2017,3,Karen Roane inc,"256,440",14
Feb 2017,4,Louise Cole 2 inc,"2,320,994",115
Feb 2017,4,Nathaniel Stewart inc,"1,566,258",74
Feb 2017,4,Carolyn Smith 8 inc,"1,217,321",56
Feb 2017,4,Enriqueta Barbour inc,"1,145,297",58
Feb 2017,4,Juan Niemi inc,"996,863",51
Feb 2017,6,Terrell Dueno inc,"299,828",13
Feb 2017,6,Pedro Hill 2 inc,"273,356",13
Feb 2017,6,Jack Mcsweeney inc,"248,697",12
Feb 2017,6,Anita Stewart inc,"222,430",11
Feb 2017,6,Elizabeth Mueller inc,"188,825",8
Feb 2017,7,Don Lenz inc,"338,098",16
Feb 2017,7,Sheila Bissonnette inc,"327,905",14
Feb 2017,7,Rose Hart 2 inc,"316,400",15
Feb 2017,7,Joe Powell inc,"276,153",13
Feb 2017,7,Josephine Bosma inc,"176,276",8
Feb 2017,8,Charlene Richter inc,"906,699",41
Feb 2017,8,Carlotta Schell inc,"649,781",33
Feb 2017,8,Larry Stegall 2 inc,"500,333",24
Feb 2017,8,Rashida Vasquez inc,"494,988",26
Feb 2017,8,Mike Sparks inc,"493,301",25
Feb 2017,9,Rachael Oehler inc,"549,304",30
Feb 2017,9,Scott Brown 6 inc,"335,379",16
Feb 2017,9,Christopher Gerstner inc,"298,176",16
Feb 2017,9,Daniel Pouliot inc,"293,318",15
Feb 2017,9,Barbara Bishop inc,"240,018",11
Feb 2017,10,Roger Murach inc,"427,791",23
Feb 2017,10,Kristin Victoria inc,"362,289",18
Feb 2017,10,Alexandra Easton inc,"301,104",14
Feb 2017,10,Iris Key inc,"293,745",12
Feb 2017,10,Socorro Stevens inc,"287,216",15
Feb 2017,11,Paula Crumb inc,"1,345,595",69
Feb 2017,11,Linda Hogan 2 inc,"927,111",44
Feb 2017,11,Kenneth Ramos inc,"827,862",40
Feb 2017,11,Rafael Tarr inc,"645,578",33
Feb 2017,11,Matthew Verhoeven inc,"637,043",31
Feb 2017,12,Joe Cleghorn inc,"910,503",42
Feb 2017,12,Delbert Sherlock inc,"717,844",34
Feb 2017,12,Mary Guevara inc,"517,193",27
Feb 2017,12,Catherine Martin 7 inc,"444,893",22
Feb 2017,12,Robyn Douglas inc,"435,513",19
Feb 2017,13,Carol Green inc,"517,572",27
Feb 2017,13,Gary Koehler inc,"396,239",18
Feb 2017,13,Robert Brown 41 inc,"322,863",18
Feb 2017,13,Ida Cox 2 inc,"233,268",11
Feb 2017,13,Natalie Durate inc,"223,302",13
Feb 2017,14,Cynthia Wood 2 inc,"1,185,490",63
Feb 2017,14,Stanley Summerville inc,"752,382",36
Feb 2017,14,John Bielinski inc,"732,782",35
Feb 2017,14,James Mayoka inc,"460,288",25
Feb 2017,14,Norma Rayfield inc,"451,722",21
Feb 2017,16,Cheryl Croom inc,"228,754",10
Feb 2017,16,Willie Walker 4 inc,"193,082",11
Feb 2017,16,Veronica Wroblewski inc,"104,047",5
Feb 2017,16,Amanda Woods 2 inc,"82,297",4
Feb 2017,16,Jose Stammel inc,"72,050",4
Feb 2017,17,Sharonda Jordan inc,"10,203,541",505
Feb 2017,17,Beatrice Pears inc,"7,448,111",370
Feb 2017,17,Nick Curtis inc,"6,407,038",309
Feb 2017,17,Samuel Scott 3 inc,"5,229,165",258
Feb 2017,17,Virgil Lemon inc,"4,402,868",222
Feb 2017,18,Ruth Fuentes inc,"442,159",21
Feb 2017,18,Maria Mellish inc,"100,530",4
Feb 2017,18,Scott Cronin inc,"78,943",3
Feb 2017,18,Kenneth Patrick 2 inc,"75,550",4
Feb 2017,18,Joanne Valdez inc,"70,550",3
Feb 2017,19,Lori Joseph inc,"11,516,635",561
Feb 2017,19,Ella Rose 2 inc,"11,170,629",554
Feb 2017,19,Chad Tobar inc,"9,444,599",455
Feb 2017,19,Tony Moore 3 inc,"6,014,045",296
Feb 2017,19,Zachary Mayle inc,"4,749,722",240
Feb 2017,20,Justin Ganser inc,"3,748,424",182
Feb 2017,20,Natasha Bucher inc,"1,734,800",86
Feb 2017,20,Richard West 5 inc,"791,204",39
Feb 2017,20,Sarah Harris 5 inc,"691,614",35
Feb 2017,20,Craig Miller 4 inc,"681,532",37
Feb 2017,21,Thelma Cashen inc,"985,752",51
Feb 2017,21,Jeffrey Starr inc,"884,733",40
Feb 2017,21,Toni Keith 2 inc,"820,470",41
Feb 2017,21,Eldridge Williams 2 inc,"730,596",39
Feb 2017,21,Tommy Whitehead inc,"694,504",29
Feb 2017,22,Phyllis Allen 2 inc,"266,053",12
Feb 2017,22,Allen Patrick inc,"221,143",10
Feb 2017,22,Daniel Browning inc,"191,055",9
Feb 2017,22,Cheryl Morgan inc,"182,240",7
Feb 2017,22,Cecilia Vinson inc,"144,332",7
Feb 2017,23,Ellen Tait inc,"359,795",19
Feb 2017,23,Joseph Bailey 2 inc,"334,488",17
Feb 2017,23,Stacey Sharon inc,"298,692",15
Feb 2017,23,Ernest Lohrenz inc,"243,131",12
Feb 2017,23,George Graham 3 inc,"212,113",8
Feb 2017,24,Cynthia Vargas 2 inc,"543,729",27
Feb 2017,24,Francisco Hopper inc,"528,052",26
Feb 2017,24,Mariah Pugh inc,"475,625",23
Feb 2017,24,Roger Lavalley inc,"468,524",23
Feb 2017,24,Donald Sullivan 5 inc,"398,682",19
Feb 2017,25,Kathryn Carson inc,"2,801,098",136
Feb 2017,25,Rebecca Sales inc,"2,388,734",119
Feb 2017,25,Kay Connolly inc,"2,022,233",109
Feb 2017,25,Jeffrey Belcher 2 inc,"1,556,267",75
Feb 2017,25,Kevin Wittenberg inc,"1,417,621",63
Feb 2017,26,Cesar Ross inc,"259,217",11
Feb 2017,26,Kristy Fonseca inc,"257,297",15
Feb 2017,26,Ronald Bermeo inc,"150,144",8
Feb 2017,26,Joseph Proctor inc,"135,963",6
Feb 2017,26,Nathaniel Gray inc,"89,543",6
Feb 2017,28,Lee Hodgkiss inc,"376,029",17
Feb 2017,28,Jo Miland inc,"332,110",17
Feb 2017,28,Jennifer Chadwell inc,"306,834",17
Feb 2017,28,Robert Bembry inc,"197,555",10
Feb 2017,28,Lauren Ansel inc,"182,880",9
Feb 2017,29,Kirsten Huse inc,"807,225",36
Feb 2017,29,Raymond Plaza inc,"264,292",13
Feb 2017,29,Eric Nettles inc,"197,000",10
Feb 2017,29,Robert Cabrera inc,"181,809",8
Feb 2017,29,Anna Seitz inc,"166,198",8
Feb 2017,30,Donald Ireland inc,"955,214",55
Feb 2017,30,Doris King 3 inc,"860,944",40
Feb 2017,30,Clarence Streater inc,"847,885",42
Feb 2017,30,Dennis Johnson 6 inc,"750,092",34
Feb 2017,30,Mary Lancaster 3 inc,"634,064",33
Feb 2017,32,Shanna Rice inc,"206,084",9
Feb 2017,32,Thomas Stone 2 inc,"176,649",10
Feb 2017,32,Harriet Reeder inc,"140,758",8
Feb 2017,32,Karen Smith 17 inc,"110,948",6
Feb 2017,32,Gilbert Leland inc,"108,157",5
Feb 2017,33,Bernard Robinson inc,"612,590",29
Feb 2017,33,Pearl Newport inc,"482,701",20
Feb 2017,33,Kathy Manders inc,"398,825",19
Feb 2017,33,Christina Stanton inc,"351,404",16
Feb 2017,33,Ronald Johnson 17 inc,"350,580",18
Feb 2017,34,Kris Endicott inc,"651,915",33
Feb 2017,34,Mitchell Kalhorn inc,"571,710",28
Feb 2017,34,Alysia Ceovantes inc,"551,671",31
Feb 2017,34,Nina Conn inc,"461,659",25
Feb 2017,34,Danny Martinez inc,"421,690",23
Feb 2017,35,Bobby Ames inc,"180,891",11
Feb 2017,35,William Glaude inc,"124,080",5
Feb 2017,35,Lewis Wiley inc,"114,091",5
Feb 2017,35,Debra Stewart 2 inc,"113,925",5
Feb 2017,35,Mark Scheer 2 inc,"87,610",4
Feb 2017,36,Esther Diaz inc,"633,359",30
Feb 2017,36,Ronald Jones 10 inc,"515,234",23
Feb 2017,36,Austin Lopez inc,"338,073",15
Feb 2017,36,Teresa Volk inc,"260,551",12
Feb 2017,36,Ralph Cowdery inc,"255,409",15
Feb 2017,38,Alison Lewis 2 inc,"245,199",10
Feb 2017,38,Kris Phelps inc,"154,656",8
Feb 2017,38,Richard Seanez inc,"148,362",7
Feb 2017,38,Pearl Sperling inc,"137,942",7
Feb 2017,38,Patricia Odonnell inc,"122,331",6
Feb 2017,39,Patricia Marble inc,"339,255",15
Feb 2017,39,Jose Hightower inc,"191,848",10
Feb 2017,39,James Angles inc,"187,627",11
Feb 2017,39,Jane Terry 3 inc,"186,810",10
Feb 2017,39,John Wolfram inc,"141,374",7
Feb 2017,40,Michael Rivas inc,"298,450",15
Feb 2017,40,Karla Fernandez inc,"194,394",7
Feb 2017,40,Joanne Manning inc,"102,084",5
Feb 2017,40,Kay Tito inc,"92,554",6
Feb 2017,40,Donald Turnquist inc,"90,623",4
Feb 2017,41,Joyce Mendez inc,"648,937",32
Feb 2017,41,Annie Brownell inc,"429,448",16
Feb 2017,41,Angela Peterson 3 inc,"322,231",15
Feb 2017,41,Richard Bower inc,"310,039",17
Feb 2017,41,Jimmy Laliberte inc,"207,095",11
Feb 2017,42,Louis Kahn inc,"664,941",32
Feb 2017,42,Glenn Richmond inc,"433,691",20
Feb 2017,42,Gail Salvato inc,"410,436",20
Feb 2017,42,Carlene Phelps inc,"402,106",18
Feb 2017,42,Annie Tack inc,"395,435",20
Feb 2017,44,Bart Carney inc,"268,161",11
Feb 2017,44,Jon Moore inc,"172,546",7
Feb 2017,44,Margaret Robinson 7 inc,"131,257",7
Feb 2017,44,Ashley Krupa inc,"101,257",5
Feb 2017,44,Sylvia Gonzalez 2 inc,"96,929",4
Feb 2017,46,Asuncion Sandmeier inc,"410,400",20
Feb 2017,46,Rachel Carter 2 inc,"254,640",14
Feb 2017,46,John Frank 5 inc,"230,714",12
Feb 2017,46,Andrew Jones 9 inc,"187,729",8
Feb 2017,46,Milton Herrera inc,"179,827",7
Feb 2017,47,Jeff Carr 2 inc,"349,980",17
Feb 2017,47,Carlos Cook inc,"246,999",12
Feb 2017,47,Kevin Taylor 5 inc,"188,534",9
Feb 2017,47,Nicole Chamberlain inc,"186,833",10
Feb 2017,47,Myrtle Hendrickson inc,"157,340",6
Feb 2017,48,Zelda Bozell inc,"606,729",28
Feb 2017,48,Bryan Vasquez inc,"527,780",25
Feb 2017,48,Maria Bugg inc,"436,850",21
Feb 2017,48,George Brown 11 inc,"399,019",19
Feb 2017,48,Stanley Cuevas inc,"371,945",19
Feb 2017,49,Carole Lotton inc,"308,417",15
Feb 2017,49,Bernice Battles inc,"287,218",15
Feb 2017,49,April Johnson 3 inc,"165,375",8
Feb 2017,49,Paul Luffy inc,"155,163",9
Feb 2017,49,Celia Duncan inc,"152,707",8
Feb 2017,51,Joanne Yannone inc,"1,010,924",47
Feb 2017,51,Micheal Styles inc,"975,509",52
Feb 2017,51,Antoine Alexander inc,"882,119",42
Feb 2017,51,Irene Deschamps inc,"755,449",35
Feb 2017,51,Cassandra Scarbrough inc,"721,009",38
Feb 2017,52,Jean Biser inc,"548,393",25
Feb 2017,52,Richard Bell 6 inc,"370,495",18
Feb 2017,52,Frederick Meade inc,"341,067",18
Feb 2017,52,Ann Walser inc,"327,974",20
Feb 2017,52,Arthur Noel inc,"322,340",14
Feb 2017,53,Cornelius Mattson inc,"2,995,953",149
Feb 2017,53,Keith Conley 3 inc,"2,586,374",122
Feb 2017,53,Cynthia Phelps inc,"2,224,932",109
Feb 2017,53,Robert Murdock inc,"1,316,899",67
Feb 2017,53,Debra Wilczynski inc,"1,199,477",60
Feb 2017,54,Eloise Sorbo inc,"123,418",7
Feb 2017,54,Robert Stewart 9 inc,"73,825",4
Feb 2017,54,Michael Floyd 4 inc,"55,937",3
Feb 2017,54,Gina Kelley inc,"55,617",3
Feb 2017,54,Carla May inc,"52,372",2
Feb 2017,56,Gerald Miller 3 inc,"677,052",33
Feb 2017,56,Courtney Mansfield inc,"328,753",18
Feb 2017,56,Jacqueline Russell inc,"292,379",13
Feb 2017,56,Sharon Price inc,"274,489",13
Feb 2017,56,Frederick Compton inc,"240,374",11
Feb 2017,57,Jennifer Furr inc,"4,297,759",204
Feb 2017,57,Eddie Plunkett inc,"3,482,535",168
Feb 2017,57,Kenneth Huson inc,"2,455,736",136
Feb 2017,57,Rhonda Wheeler inc,"2,020,200",96
Feb 2017,57,John Sumstad inc,"1,309,040",60
Feb 2017,58,Trevor Najera inc,"406,846",21
Feb 2017,58,Karen Brendal inc,"173,881",9
Feb 2017,58,Michael Devito inc,"141,312",6
Feb 2017,58,Isaac Senegal inc,"110,747",5
Feb 2017,58,Harry Kallas inc,"99,533",5
Feb 2017,60,Lucas Ohara inc,"1,689,245",92
Feb 2017,60,Diane Perez 2 inc,"883,856",45
Feb 2017,60,Virginia Correy inc,"546,758",31
Feb 2017,60,Rafael Goss inc,"539,834",28
Feb 2017,60,Catherine Quisenberry inc,"530,336",25
Feb 2017,61,Benjamin Elliott 3 inc,"241,472",12
Feb 2017,61,Audrey Thrash inc,"197,817",9
Feb 2017,61,Alvin Garrison inc,"147,231",6
Feb 2017,61,Roberto Adams inc,"66,933",4
Feb 2017,61,Beatrice Todd 2 inc,"56,325",2
Feb 2017,62,Rita Mcreynolds inc,"425,135",19
Feb 2017,62,Edward Oneal 2 inc,"254,487",10
Feb 2017,62,Richard William inc,"209,713",11
Feb 2017,62,John Banks 5 inc,"202,959",11
Feb 2017,62,Rosemary Silva inc,"198,528",11
Feb 2017,63,Nestor Wright inc,"484,276",24
Feb 2017,63,Johnathan Oldham inc,"278,888",15
Feb 2017,63,Mary Ramos 3 inc,"219,902",10
Feb 2017,63,Jon Creasey inc,"186,162",8
Feb 2017,63,Reynaldo Vizza inc,"156,654",6
Feb 2017,64,Robert Smith 57 inc,"427,274",21
Feb 2017,64,Matthew Cassem inc,"345,284",19
Feb 2017,64,Edgar Johnson 3 inc,"298,674",15
Feb 2017,64,Ruby Richmond inc,"264,517",12
Feb 2017,64,Carrol Rodriguez inc,"260,909",13
Feb 2017,65,Richard Boehm inc,"242,444",13
Feb 2017,65,Emma Aikens inc,"155,625",7
Feb 2017,65,Alfred Mcbath inc,"118,071",5
Feb 2017,65,Samuel Beck inc,"102,380",4
Feb 2017,65,Richard Fetter inc,"97,894",4
Feb 2017,66,Manuel Furlong inc,"952,973",46
Feb 2017,66,Dora Tuck inc,"461,908",23
Feb 2017,66,Ila Jones 2 inc,"352,129",18
Feb 2017,66,Derrick Phillips 2 inc,"311,942",14
Feb 2017,66,Alfred Taylor inc,"229,038",12
Feb 2017,68,Nola Bulow inc,"597,691",28
Feb 2017,68,Ruby Hamilton inc,"258,138",11
Feb 2017,68,Rufus Bowman inc,"156,638",9
Feb 2017,68,Mary Franklin 4 inc,"133,949",7
Feb 2017,68,Jarvis Carrington inc,"132,808",8
Feb 2017,69,John Miller 7 inc,"106,676,335","5,274"
Feb 2017,69,Henry Barnhill inc,"41,114,809","2,039"
Feb 2017,69,June Gray inc,"24,687,075","1,213"
Feb 2017,69,Weston Hendon inc,"24,238,457","1,202"
Feb 2017,69,Pamela Glass 2 inc,"16,023,776",796
Feb 2017,70,Ileen Niss inc,"528,954",25
Feb 2017,70,Margie Dillard inc,"186,091",11
Feb 2017,70,Stephen Wilburn inc,"166,231",9
Feb 2017,70,Suk Appling inc,"164,142",9
Feb 2017,70,Gay Park inc,"138,339",6
Feb 2017,71,Anna Blumberg inc,"138,188",6
Feb 2017,71,Isabel Harrison inc,"134,332",5
Feb 2017,71,Harold Buster inc,"127,924",7
Feb 2017,71,Thomas Whittle inc,"88,269",4
Feb 2017,71,Adam Shields inc,"77,364",4
Feb 2017,73,Kathleen Lavole inc,"354,534",17
Feb 2017,73,Richard Miller 10 inc,"189,305",8
Feb 2017,73,Marilyn Conatser inc,"152,342",8
Feb 2017,73,Thomas Kirby inc,"108,067",5
Feb 2017,73,Michael Wiand inc,"101,386",6
Feb 2017,74,Scott Blevins inc,"157,032",8
Feb 2017,74,Jeanette Mcmilliam inc,"129,470",7
Feb 2017,74,Barbara Forney inc,"122,747",5
Feb 2017,74,Donald Perry 4 inc,"103,152",6
Feb 2017,74,John Price 9 inc,"102,732",5
Feb 2017,75,William Gomez 5 inc,"513,812",27
Feb 2017,75,Angel Raper inc,"451,411",23
Feb 2017,75,Kevin Williams 10 inc,"263,986",12
Feb 2017,75,Robert Flannigan 2 inc,"170,266",7
Feb 2017,75,Margie Nichols inc,"143,434",7
Feb 2017,76,Bridget Kisner inc,"4,664,480",232
Feb 2017,76,Valerie Fitch inc,"1,895,601",99
Feb 2017,76,Karen Ohare inc,"1,390,515",66
Feb 2017,76,Brandon Lodi inc,"1,129,552",54
Feb 2017,76,Robert Capo inc,"1,077,166",55
Feb 2017,77,Ursula Martinez inc,"276,794",14
Feb 2017,77,David Alto inc,"251,060",12
Feb 2017,77,William Schwerdtfeger inc,"241,021",12
Feb 2017,77,Lewis Abram inc,"168,330",7
Feb 2017,77,Jorge Taber inc,"103,886",4
Feb 2017,78,James Nesbit 2 inc,"538,975",31
Feb 2017,78,Kenneth Mullen inc,"440,685",20
Feb 2017,78,Richard Hunsaker inc,"428,365",19
Feb 2017,78,Walter Vanderpool inc,"422,727",20
Feb 2017,78,Humberto Ruiz inc,"410,343",22
Feb 2017,79,Ronald Miller 5 inc,"610,883",33
Feb 2017,79,Stephen Krummel inc,"456,805",22
Feb 2017,79,Martin Adkins inc,"443,206",22
Feb 2017,79,Sabrina Arnold 2 inc,"304,254",16
Feb 2017,79,Mary Weymouth inc,"239,021",10
Feb 2017,80,Eugene Pell inc,"230,645",9
Feb 2017,80,Theodore Martine inc,"187,973",8
Feb 2017,80,Donald Joyce inc,"155,179",9
Feb 2017,80,Lillian Bailey inc,"133,643",6
Feb 2017,80,Clara Leung 2 inc,"118,305",6
Feb 2017,81,Julie Schultz inc,"181,854",8
Feb 2017,81,Debbie Wilkerson inc,"181,825",9
Feb 2017,81,Maria Heller inc,"178,836",8
Feb 2017,81,Marcy Gahagan inc,"160,154",8
Feb 2017,81,Anna Perez 2 inc,"82,324",4
Feb 2017,82,Marie Husband inc,"184,070",9
Feb 2017,82,Robert Broyles 2 inc,"170,782",8
Feb 2017,82,Allen Emmons inc,"153,679",7
Feb 2017,82,Mary Rivera 6 inc,"134,587",6
Feb 2017,82,Gary Fleeger inc,"117,014",6
Feb 2017,83,Chad Robinson 4 inc,"322,055",16
Feb 2017,83,Antonio Burdett inc,"212,324",10
Feb 2017,83,Joyce Whitehead inc,"184,731",9
Feb 2017,83,Virgil Cooper inc,"154,031",7
Feb 2017,83,John Mendoza 5 inc,"137,048",6
Feb 2017,84,Nichole Wilson inc,"235,023",11
Feb 2017,84,Michael Wingham inc,"111,066",5
Feb 2017,84,Leslie Soto inc,"82,502",3
Feb 2017,84,Jeff Wyman inc,"71,721",4
Feb 2017,84,Dwana Fortune inc,"65,888",4
Feb 2017,85,Bernard Nisbett inc,"235,995",11
Feb 2017,85,Bobby Mills inc,"181,270",10
Feb 2017,85,Matthew Fain inc,"139,558",6
Feb 2017,85,Katherine Beaucage inc,"88,771",5
Feb 2017,85,Bessie Calfee inc,"84,701",3
Feb 2017,86,Jared Kirk inc,"252,542",14
Feb 2017,86,Diana Seide inc,"162,805",7
Feb 2017,86,Jim Wheeless inc,"134,938",6
Feb 2017,86,Margaret Thompson 6 inc,"108,990",5
Feb 2017,86,Patrick Young 3 inc,"106,305",4
Feb 2017,87,Frank Garcia 2 inc,"3,681,509",185
Feb 2017,87,Tessie Jaramillo inc,"3,462,102",171
Feb 2017,87,Joe Montgomery inc,"3,165,389",163
Feb 2017,87,Doug Moran inc,"3,008,110",141
Feb 2017,87,Betty Hunter 2 inc,"2,539,177",121
Feb 2017,88,Heather Ramberg inc,"7,485,163",361
Feb 2017,88,Ronald Hussein inc,"5,301,073",268
Feb 2017,88,Deidre Bright inc,"5,061,998",259
Feb 2017,88,Samantha Jackson inc,"4,700,965",236
Feb 2017,88,Scott Hildebrand inc,"4,167,745",209
Feb 2017,89,Carl Fonseca inc,"195,974",10
Feb 2017,89,Andrew Zuidema inc,"89,667",4
Feb 2017,89,Tony Sandoval inc,"82,930",5
Feb 2017,89,George Hicks 2 inc,"64,642",3
Feb 2017,89,Janet Marietta inc,"52,142",2
Feb 2017,90,Brian Moffatt inc,"417,488",21
Feb 2017,90,Jeffrey Wilson inc,"309,414",14
Feb 2017,90,William Young 11 inc,"305,236",12
Feb 2017,90,Brett Dejohn inc,"303,834",14
Feb 2017,90,Renita Hopper inc,"294,252",15
Feb 2017,91,Robert Rainville inc,"505,060",22
Feb 2017,91,Christine Devine inc,"329,393",15
Feb 2017,91,Vicente Landeros inc,"260,299",12
Feb 2017,91,Heidi Scott inc,"158,429",8
Feb 2017,91,John Flowers 3 inc,"158,086",6
Feb 2017,92,Jennifer Pancoast inc,"112,905",5
Feb 2017,92,Gail Smith 3 inc,"104,722",4
Feb 2017,92,Edwin Credit inc,"34,687",2
Feb 2017,92,Annie Watson 3 inc,"26,953",1
Feb 2017,92,Alex Baker 2 inc,"25,952",1
Feb 2017,94,Dora Dermody inc,"437,147",20
Feb 2017,94,Zachary Solis inc,"181,764",9
Feb 2017,94,Leslie Trull inc,"156,343",8
Feb 2017,94,Hollie Freeman inc,"141,272",7
Feb 2017,94,Aida Oliver inc,"139,452",8
Feb 2017,96,Bruce Braden inc,"564,320",31
Feb 2017,96,Karen Holsten inc,"513,314",29
Feb 2017,96,Lane Cross inc,"494,014",24
Feb 2017,96,Nelson Culpepper inc,"408,943",21
Feb 2017,96,Quinton Nelson inc,"399,704",22
Feb 2017,97,Richard Caskey inc,"899,045",46
Feb 2017,97,Beverly Lee inc,"596,041",26
Feb 2017,97,David Lightfoot 2 inc,"322,345",16
Feb 2017,97,Joseph Burns 3 inc,"266,325",12
Feb 2017,97,Graig Border inc,"239,653",10
Feb 2017,98,Mavis Willis inc,"620,875",28
Feb 2017,98,Bobby Rogers inc,"600,925",29
Feb 2017,98,Dwight Alexander inc,"391,637",19
Feb 2017,98,Morris Denton inc,"355,789",18
Feb 2017,98,Marc Standard inc,"320,368",17
Feb 2017,100,Leon Newell inc,"341,212",16
Feb 2017,100,Earl Brown 2 inc,"246,784",13
Feb 2017,100,Arthur Calhoun inc,"233,326",11
Feb 2017,100,Candace Morton inc,"222,781",14
Feb 2017,100,Bobby Volcko inc,"175,450",9
Feb 2017,101,Derek Davis 2 inc,"316,641",16
Feb 2017,101,Carol Tate inc,"224,604",9
Feb 2017,101,Scott Delarosa inc,"223,158",10
Feb 2017,101,Angela Puskar inc,"167,259",8
Feb 2017,101,Larry Faucher inc,"148,303",6
Feb 2017,102,Barry Hart inc,"634,145",37
Feb 2017,102,Mary Derby inc,"310,103",15
Feb 2017,102,Cleta Ro inc,"278,713",12
Feb 2017,102,Venus Kennedy inc,"184,475",8
Feb 2017,102,Jerry Orourke inc,"168,922",7
Feb 2017,103,Austin Talty inc,"233,880",14
Feb 2017,103,Sam Werner inc,"207,805",12
Feb 2017,103,Carl Casiano inc,"141,895",6
Feb 2017,103,Felix West inc,"137,941",6
Feb 2017,103,Brandon Cerverizzo inc,"110,914",7
Feb 2017,104,Lillian Riffel inc,"383,439",21
Feb 2017,104,James Thomas 20 inc,"196,488",10
Feb 2017,104,Laura Johnson 8 inc,"158,564",7
Feb 2017,104,Ruth Sinclair inc,"140,000",6
Feb 2017,104,Tom Perry 2 inc,"133,457",6
Feb 2017,105,Eusebio Steese inc,"476,750",22
Feb 2017,105,Shawna Ward inc,"261,767",14
Feb 2017,105,Gail Zastrow inc,"232,594",11
Feb 2017,105,Heather Felton inc,"226,281",10
Feb 2017,105,Robert Hartman inc,"223,761",12
Feb 2017,106,Antonia Greenberg inc,"556,046",27
Feb 2017,106,Tamara Vasquez inc,"146,981",8
Feb 2017,106,Nancy Padilla inc,"99,863",8
Feb 2017,106,Kenneth Lackey inc,"83,899",3
Feb 2017,106,Michael Olson 4 inc,"75,290",3
Feb 2017,107,Julius Kutz inc,"2,588,576",137
Feb 2017,107,Tim Crosby inc,"1,742,115",81
Feb 2017,107,Michael Truelove inc,"1,006,099",54
Feb 2017,107,Mary Duke 3 inc,"825,629",42
Feb 2017,107,Phyllis Winks inc,"598,363",26
Feb 2017,108,Suzanne Hammond inc,"228,159",9
Feb 2017,108,Cortez Coyle inc,"141,272",6
Feb 2017,108,Luis Smith 3 inc,"96,779",5
Feb 2017,108,Richard Simmons 6 inc,"92,822",4
Feb 2017,108,Elmer Boehmer inc,"81,458",4
Feb 2017,109,Lucille Knights inc,"523,738",30
Feb 2017,109,Jose Ortega inc,"484,234",24
Feb 2017,109,Shari Miller inc,"298,763",13
Feb 2017,109,Rosemary Lee 4 inc,"206,280",11
Feb 2017,109,Clark Thomas inc,"196,553",9
Feb 2017,110,Donna Gonzalez 4 inc,"2,360,719",118
Feb 2017,110,Wanda Hill inc,"754,505",37
Feb 2017,110,Mae Brown inc,"620,408",34
Feb 2017,110,Connie Thompson 2 inc,"557,556",27
Feb 2017,110,Marvin Miller 2 inc,"450,624",27
Feb 2017,111,John Poremski inc,"369,160",17
Feb 2017,111,Robert Baker 9 inc,"277,432",16
Feb 2017,111,David Kilpatrick inc,"270,718",13
Feb 2017,111,Joan Comer inc,"263,939",11
Feb 2017,111,Marlon Braund inc,"224,660",12
Feb 2017,112,Tracy Mathews inc,"282,128",12
Feb 2017,112,Douglas Richner inc,"213,163",10
Feb 2017,112,Billy Lorino inc,"190,608",8
Feb 2017,112,Michael Brotherton inc,"135,403",8
Feb 2017,112,Randy Coffland inc,"86,107",4
Feb 2017,113,Edward Howell inc,"203,999",8
Feb 2017,113,Rosalie Frizell inc,"180,736",8
Feb 2017,113,Linda Romo inc,"156,011",7
Feb 2017,113,Ellen Foersterling inc,"118,767",6
Feb 2017,113,Roger Jones 5 inc,"106,953",5
Feb 2017,114,Aaron Torgersen inc,"206,241",9
Feb 2017,114,Leonard Crawford inc,"192,120",11
Feb 2017,114,Kellie Aguilar inc,"173,890",10
Feb 2017,114,Estella Bewick inc,"128,475",6
Feb 2017,114,Joann Vidinha inc,"123,435",5
Feb 2017,115,John Campbell 11 inc,"237,897",11
Feb 2017,115,Holly Roper inc,"167,080",6
Feb 2017,115,Alicia King 2 inc,"161,364",7
Feb 2017,115,Johnny Ahmed inc,"142,846",9
Feb 2017,115,Jose Ohl inc,"134,776",6
Feb 2017,116,Mildred Leitheiser inc,"1,073,774",50
Feb 2017,116,Matthew Barnett 3 inc,"862,848",40
Feb 2017,116,Jennifer Crowe inc,"808,021",34
Feb 2017,116,Anthony Wangler inc,"777,473",39
Feb 2017,116,Harriet Fields inc,"723,513",39
Feb 2017,117,Michael Farruggio inc,"2,076,442",96
Feb 2017,117,Theresa Martin 3 inc,"1,683,904",83
Feb 2017,117,Dion Cantu inc,"1,328,854",71
Feb 2017,117,Catherine Tanner inc,"1,299,477",69
Feb 2017,117,Katrina Norvell inc,"980,267",43
Feb 2017,118,Ashley Keith inc,"267,632",13
Feb 2017,118,Brenda Marshall 4 inc,"131,250",5
Feb 2017,118,Werner Shepherd inc,"97,372",5
Feb 2017,118,William Garrett 3 inc,"96,965",4
Feb 2017,118,Richard Burrows inc,"94,472",4
Feb 2017,119,Jason Pappas inc,"317,529",17
Feb 2017,119,Michael Shade 2 inc,"256,705",13
Feb 2017,119,Lamar Gates inc,"253,113",12
Feb 2017,119,Charles Williams 22 inc,"194,653",8
Feb 2017,119,May Stephens inc,"185,808",9
Feb 2017,120,Sandra Summers inc,"312,500",16
Feb 2017,120,Timothy Blackman inc,"191,040",9
Feb 2017,120,Terrance Evans 2 inc,"153,110",5
Feb 2017,120,Denise Fowler 2 inc,"138,661",6
Feb 2017,120,Mark Hines inc,"120,215",5
Feb 2017,122,Karen Holsten inc,"242,188",13
Feb 2017,122,Vanessa Estevez inc,"104,302",4
Feb 2017,122,Janet Lopez inc,"96,255",4
Feb 2017,122,Erma Vaden inc,"92,074",4
Feb 2017,122,Carrie Bishop inc,"89,335",5
Feb 2017,123,Katharine Mathews inc,"406,560",21
Feb 2017,123,Alan Shannon inc,"265,978",15
Feb 2017,123,Rita Barber inc,"240,212",13
Feb 2017,123,Cecila Ragusa inc,"233,460",12
Feb 2017,123,Kurt Garcia inc,"204,847",9
Feb 2017,124,Micheal Thompson inc,"527,719",26
Feb 2017,124,Weston Cyree inc,"240,946",12
Feb 2017,124,Ellsworth Shubert inc,"225,173",11
Feb 2017,124,Queen Sawyer inc,"220,705",14
Feb 2017,124,Kara Cotner inc,"196,013",10
Feb 2017,125,Alex Purtell inc,"346,762",18
Feb 2017,125,Rachel Skillom inc,"320,276",14
Feb 2017,125,Brent Higgins inc,"282,762",15
Feb 2017,125,Anthony Cain 2 inc,"251,000",11
Feb 2017,125,Alton Ayala inc,"221,868",11
Feb 2017,126,Kristi Radford inc,"362,730",20
Feb 2017,126,Jonathan Mueller inc,"293,874",12
Feb 2017,126,Alice Freitag inc,"292,296",14
Feb 2017,126,Bernard Coffey inc,"280,513",12
Feb 2017,126,Raymond Lansdell inc,"270,630",17
Feb 2017,128,Lisa Macki inc,"432,378",20
Feb 2017,128,Eva Moffat inc,"302,629",15
Feb 2017,128,Richard Ward 7 inc,"257,085",12
Feb 2017,128,Virginia Harris inc,"252,912",10
Feb 2017,128,Robert Yodis inc,"232,473",10
Feb 2017,129,Sabrina Holley inc,"503,422",22
Feb 2017,129,Barbara Sasaki inc,"365,946",17
Feb 2017,129,Donald Scuderi inc,"307,694",16
Feb 2017,129,Jackson Tweedy inc,"291,182",14
Feb 2017,129,Robert Dockery inc,"290,265",16
Feb 2017,130,Virginia Mustafa inc,"103,660",6
Feb 2017,130,John Taylor 21 inc,"92,225",4
Feb 2017,130,Lorrie Sturges inc,"65,949",3
Feb 2017,130,Stephen Blanchard 2 inc,"58,070",3
Feb 2017,130,Annie Glennon inc,"57,521",2
Feb 2017,131,Christian Penn inc,"819,220",43
Feb 2017,131,Barry Sutherland inc,"819,025",37
Feb 2017,131,James Orrick inc,"705,211",32
Feb 2017,131,Bill Brainard inc,"669,727",32
Feb 2017,131,Christen Harlow inc,"530,161",30
Feb 2017,133,Dean Noggle inc,"311,592",14
Feb 2017,133,Tyler Sharpe inc,"231,171",14
Feb 2017,133,George Cecchini inc,"111,005",5
Feb 2017,133,Sarah Cabrales inc,"97,386",4
Feb 2017,133,Walter Mccoy inc,"78,383",3
Feb 2017,135,Michael King 9 inc,"517,552",30
Feb 2017,135,James Mccarty inc,"395,675",18
Feb 2017,135,Erik Tovar inc,"322,510",14
Feb 2017,135,Phillip Carlson inc,"235,875",12
Feb 2017,135,Hugh Ford inc,"223,229",10
Feb 2017,136,Justin Pellicone inc,"557,613",26
Feb 2017,136,Boyd Delosh inc,"394,760",20
Feb 2017,136,Jennifer Brown 8 inc,"295,499",12
Feb 2017,136,John Marsaw inc,"234,736",13
Feb 2017,136,Don Kuboushek inc,"226,297",10
Feb 2017,137,George Caporiccio inc,"5,689,306",278
Feb 2017,137,Charles Cota inc,"5,505,375",270
Feb 2017,137,Liana Ramos inc,"5,457,039",288
Feb 2017,137,Rebecca Ross inc,"2,745,918",141
Feb 2017,137,Claudia Frazier inc,"2,368,333",121
Feb 2017,138,Barbara Brantly inc,"1,796,780",84
Feb 2017,138,Jessica Wilson inc,"1,501,288",69
Feb 2017,138,Ricardo Simpson inc,"875,585",44
Feb 2017,138,Elizabeth Pennington inc,"797,727",38
Feb 2017,138,Eloise Sorbo inc,"658,049",33
Feb 2017,139,Irene Rutledge inc,"373,790",20
Feb 2017,139,Margie Alford inc,"291,245",14
Feb 2017,139,Jean Rogers 2 inc,"249,964",13
Feb 2017,139,Amy Yates inc,"159,679",7
Feb 2017,139,Pamela Brown 6 inc,"156,407",9
Feb 2017,140,Janet Mendiola inc,"2,519,227",116
Feb 2017,140,Robert Molina 2 inc,"1,169,738",58
Feb 2017,140,Chad Tobar inc,"1,086,131",49
Feb 2017,140,Lorraine Bittner inc,"950,993",45
Feb 2017,140,Eugene Lovelace inc,"775,111",38
Feb 2017,142,Steve Swartz inc,"249,447",12
Feb 2017,142,Manuel Lanehart inc,"230,184",12
Feb 2017,142,Bertha Albright inc,"212,170",10
Feb 2017,142,Janet Banks inc,"109,673",6
Feb 2017,142,Grace Riley inc,"92,304",5
Feb 2017,143,Scott Hepburn inc,"5,025,362",249
Feb 2017,143,Alan Eisenhower inc,"4,354,192",211
Feb 2017,143,Rose Garner inc,"3,860,099",196
Feb 2017,143,Joseph Powell 6 inc,"3,204,927",154
Feb 2017,143,Rashida Hernandez inc,"3,162,035",152
Feb 2017,144,Robert Mccain inc,"245,012",12
Feb 2017,144,Andres Knight inc,"215,202",10
Feb 2017,144,Melvin Haro inc,"210,135",10
Feb 2017,144,Patricia Saucedo inc,"197,897",10
Feb 2017,144,Kristofer Oquinn inc,"174,551",8
Feb 2017,145,Helen Brown 6 inc,"438,758",22
Feb 2017,145,Murray Perry inc,"196,306",11
Feb 2017,145,Martin Long inc,"180,603",8
Feb 2017,145,Emmett Christian inc,"151,076",7
Feb 2017,145,Andrew Powers 3 inc,"145,588",9
Feb 2017,146,Sandra Kalkman inc,"269,390",13
Feb 2017,146,John Powell 7 inc,"250,936",11
Feb 2017,146,Benjamin Parsley inc,"233,357",9
Feb 2017,146,Mary Kirby 2 inc,"193,024",9
Feb 2017,146,Dianne Manzano inc,"185,767",9
Feb 2017,147,Helen Myers 3 inc,"571,046",29
Feb 2017,147,Richard Chavez 3 inc,"547,637",28
Feb 2017,147,Thomas Chipps inc,"546,717",28
Feb 2017,147,Trevor Dean inc,"543,537",25
Feb 2017,147,Rachel Kennedy 2 inc,"477,645",23
Feb 2017,148,Tricia Dozier inc,"793,987",37
Feb 2017,148,Christopher Mcdonald inc,"707,342",35
Feb 2017,148,Floyd Head inc,"286,125",13
Feb 2017,148,Nicolas Flaming inc,"254,293",12
Feb 2017,148,Mary Davis 30 inc,"159,278",10
Feb 2017,149,Alexandria Sarmiento inc,"4,621,943",216
Feb 2017,149,Kenneth Larson inc,"4,024,970",192
Feb 2017,149,Jerold Caldwell inc,"2,724,852",142
Feb 2017,149,Kelly Perez 2 inc,"2,135,613",110
Feb 2017,149,Lorraine Kennedy inc,"1,827,896",88
Feb 2017,150,Effie Mayfield inc,"425,348",20
Feb 2017,150,William Trotter inc,"217,417",10
Feb 2017,150,Ulysses Day inc,"206,847",10
Feb 2017,150,Corey Perron inc,"182,426",9
Feb 2017,150,Deborah Stewart 3 inc,"176,214",8
Feb 2017,151,Cleo Shapiro inc,"146,664",8
Feb 2017,151,Shakita Jones inc,"115,759",6
Feb 2017,151,Elfriede Jones inc,"90,235",5
Feb 2017,151,Lora Morris inc,"83,053",3
Feb 2017,151,Jeanette Wilkinson inc,"79,173",4
Feb 2017,153,Gary Neri inc,"422,755",18
Feb 2017,153,Martha Goldstein inc,"233,028",9
Feb 2017,153,John Cade 2 inc,"223,180",11
Feb 2017,153,Jimmy Scully inc,"168,100",7
Feb 2017,153,Howard Mitchell inc,"135,775",6
Feb 2017,155,Chang Harvilla inc,"560,738",23
Feb 2017,155,Lisa Barcus inc,"435,180",18
Feb 2017,155,Anthony Cothran inc,"422,518",20
Feb 2017,155,Lena Napolitano inc,"337,921",16
Feb 2017,155,Andrew Doherty inc,"317,013",16
Feb 2017,156,Pamela Griffin inc,"485,529",21
Feb 2017,156,Christopher Butts 2 inc,"269,640",16
Feb 2017,156,Della Dudziak inc,"234,135",12
Feb 2017,156,Susan Marquez inc,"224,263",10
Feb 2017,156,Dorothy Miesch inc,"211,220",10
Feb 2017,157,Helen Burnsworth inc,"938,522",46
Feb 2017,157,Pearl Stone inc,"340,526",18
Feb 2017,157,Robert Jenkins 7 inc,"263,841",13
Feb 2017,157,Ricardo Gonzalez inc,"238,320",11
Feb 2017,157,Patrick Jackson 2 inc,"129,486",5
Feb 2017,158,Dee Gallager inc,"10,803,771",534
Feb 2017,158,Darryl Revak inc,"9,500,362",489
Feb 2017,158,Robert Cruz 2 inc,"6,208,503",301
Feb 2017,158,Maurice Canela inc,"4,667,232",236
Feb 2017,158,Michael Frieden inc,"4,444,059",212
Feb 2017,159,Roy Coats inc,"1,574,371",84
Feb 2017,159,Sean Groover inc,"495,154",24
Feb 2017,159,Mary Hudspeth inc,"477,227",27
Feb 2017,159,Herbert Lacayo inc,"455,069",20
Feb 2017,159,Dorothy Paulson inc,"381,582",18
Feb 2017,160,Richard Mccabe inc,"5,827,340",295
Feb 2017,160,Eliz Prater inc,"3,387,201",166
Feb 2017,160,Donna Croshaw inc,"2,554,960",120
Feb 2017,160,Randy Petersen inc,"2,236,691",112
Feb 2017,160,Laurena Parks inc,"1,680,978",82
Feb 2017,161,Delbert Plater inc,"1,292,288",68
Feb 2017,161,Joyce Fletcher inc,"1,288,172",65
Feb 2017,161,Claire Mcclendon inc,"922,040",44
Feb 2017,161,William Boyle inc,"842,806",41
Feb 2017,161,Clark Thomas inc,"703,563",33
Feb 2017,162,Maureen Werre inc,"519,379",26
Feb 2017,162,Sanford Myers inc,"378,722",20
Feb 2017,162,Christopher Servais inc,"349,513",16
Feb 2017,162,Pedro Roberts 2 inc,"323,873",15
Feb 2017,162,Jennifer Rudio inc,"319,587",16
Feb 2017,163,Linda Rogers 6 inc,"383,630",16
Feb 2017,163,Gracie Carrick inc,"310,658",13
Feb 2017,163,Lisa Bailey 4 inc,"294,617",13
Feb 2017,163,Dale Lotzer inc,"249,551",14
Feb 2017,163,Kathy Briggs inc,"218,996",12
Feb 2017,165,Katherine Mattox inc,"355,296",15
Feb 2017,165,Tyrone Malone inc,"324,347",16
Feb 2017,165,Michael Mabry inc,"265,509",12
Feb 2017,165,David Blackwell inc,"184,606",7
Feb 2017,165,Pat Harper inc,"170,919",10
Feb 2017,166,Cheryl Boone inc,"227,169",13
Feb 2017,166,Rodney Hatton inc,"184,578",11
Feb 2017,166,Ali Newsome inc,"155,620",6
Feb 2017,166,Opal Siegel inc,"145,399",8
Feb 2017,166,Gina Sichler inc,"137,555",6
Feb 2017,167,Betty Brown 9 inc,"545,777",27
Feb 2017,167,Katharine Gutierrez inc,"146,176",8
Feb 2017,167,John Martinez 17 inc,"123,331",5
Feb 2017,167,Judith Korn inc,"113,821",5
Feb 2017,167,Allan Clark inc,"105,223",4
Feb 2017,168,Mary Gallegos 2 inc,"620,916",31
Feb 2017,168,David Reyes 2 inc,"446,653",20
Feb 2017,168,Carl Johnson 6 inc,"395,031",18
Feb 2017,168,Cheryl Collins 2 inc,"389,915",18
Feb 2017,168,Richard James 5 inc,"386,458",17
Feb 2017,169,Tom Judge inc,"877,680",48
Feb 2017,169,Louis Mccall inc,"805,029",41
Feb 2017,169,Helen Mckean inc,"783,467",39
Feb 2017,169,Pamela Wright 3 inc,"767,689",36
Feb 2017,169,Larry Frias inc,"764,382",38
Feb 2017,170,Mamie James inc,"419,947",21
Feb 2017,170,Thelma Metayer inc,"399,089",19
Feb 2017,170,Rebecca Smart inc,"146,996",8
Feb 2017,170,Julia Childress inc,"133,238",5
Feb 2017,170,Bessie Haley inc,"130,237",5
Feb 2017,171,Sandra Wells inc,"684,728",33
Feb 2017,171,Bryan Harris 4 inc,"418,597",21
Feb 2017,171,David Holmes 4 inc,"346,592",20
Feb 2017,171,Leanora Marshall inc,"322,672",17
Feb 2017,171,Sabra Underdown inc,"310,319",17
Feb 2017,172,Michael Wilkowitz inc,"332,187",17
Feb 2017,172,Jennie Gibbs inc,"245,748",13
Feb 2017,172,Tommy Mcfarland inc,"237,459",11
Feb 2017,172,Bobby Schaff inc,"231,168",11
Feb 2017,172,Brian Watts inc,"160,972",7
Feb 2017,173,Robert Doyle 3 inc,"896,871",43
Feb 2017,173,Betty Mcelvaine inc,"566,837",24
Feb 2017,173,Yolanda Panzarella inc,"525,946",27
Feb 2017,173,Jorge Russell inc,"416,001",21
Feb 2017,173,Ruth Sutherland inc,"394,875",20
Feb 2017,174,Cody Leonard inc,"904,805",43
Feb 2017,174,Nancy Mckeown inc,"517,774",27
Feb 2017,174,Karen Coffman inc,"375,577",18
Feb 2017,174,Andrea Claybrook inc,"340,233",16
Feb 2017,174,Ann Mcgarey inc,"286,909",15
Feb 2017,175,Judy Fujimoto inc,"377,167",18
Feb 2017,175,Pauline Burdette inc,"301,262",14
Feb 2017,175,Rebecca Kelly 2 inc,"207,068",10
Feb 2017,175,Karen Wallace 2 inc,"182,003",10
Feb 2017,175,Eugene Santelli inc,"181,232",9
Feb 2017,178,Maria Allen 4 inc,"177,041",9
Feb 2017,178,Tiffany Hardin inc,"102,289",5
Feb 2017,178,Fred Guinn inc,"93,280",3
Feb 2017,178,Jorge Hunt 2 inc,"70,418",3
Feb 2017,178,Virginia Mcdivitt inc,"69,321",3
Feb 2017,179,Michael Swirsky inc,"4,294,276",215
Feb 2017,179,Alan Poe inc,"1,450,015",69
Feb 2017,179,Curtis Banks inc,"1,171,990",51
Feb 2017,179,Gladys Castillo inc,"1,170,026",59
Feb 2017,179,Judy Lutz inc,"599,641",31
Feb 2017,180,Anna Harrison inc,"508,483",26
Feb 2017,180,Ila Mcgrath inc,"276,610",13
Feb 2017,180,Alexandra Green inc,"239,328",14
Feb 2017,180,Denise Sievers inc,"213,769",10
Feb 2017,180,Fred Wilson 2 inc,"163,200",8
Feb 2017,181,Juan Walsh 2 inc,"915,076",47
Feb 2017,181,Gregg Verde inc,"462,541",23
Feb 2017,181,Edith Roll inc,"363,383",17
Feb 2017,181,Ella Harding inc,"196,857",9
Feb 2017,181,Grant Son inc,"171,759",10
Feb 2017,182,Julia Cope inc,"674,739",33
Feb 2017,182,Misty Slaugh inc,"472,893",22
Feb 2017,182,Betty Pew inc,"292,986",15
Feb 2017,182,Jason Lopez 2 inc,"181,297",11
Feb 2017,182,Arthur Howell inc,"151,889",7
Feb 2017,183,Shanon Battle inc,"316,664",16
Feb 2017,183,William Munroe inc,"303,149",16
Feb 2017,183,Angela Jackson 5 inc,"235,253",13
Feb 2017,183,Justin Johnstone 2 inc,"173,867",9
Feb 2017,183,Francis Casey inc,"148,861",8
Feb 2017,184,Harold Ames inc,"319,130",17
Feb 2017,184,Cheryl Pike inc,"306,435",18
Feb 2017,184,Christopher Waage inc,"280,535",12
Feb 2017,184,Julie Hambrick inc,"207,030",9
Feb 2017,184,Tracy Webster inc,"183,576",10
Feb 2017,186,David Zapata inc,"291,270",15
Feb 2017,186,Larry Reid inc,"290,279",14
Feb 2017,186,Cora Brown inc,"175,606",7
Feb 2017,186,Brett Richardson inc,"164,393",10
Feb 2017,186,Kathryn Clermont inc,"163,274",8
Feb 2017,187,Terence Harstad inc,"318,712",13
Feb 2017,187,Trudie Baker inc,"259,045",13
Feb 2017,187,Joseph Miles inc,"254,286",14
Feb 2017,187,Ronald Morgan inc,"201,931",8
Feb 2017,187,Lori Walker inc,"156,710",7
Feb 2017,188,Barbara Waldorf inc,"620,214",28
Feb 2017,188,Thomas Thompson 9 inc,"562,054",27
Feb 2017,188,Linda Alexander inc,"543,372",27
Feb 2017,188,Joseph Jones 15 inc,"358,043",19
Feb 2017,188,Terry Vigil inc,"352,600",17
Feb 2017,189,Andrew Eastman inc,"778,325",42
Feb 2017,189,Christina Chamberlain inc,"586,252",28
Feb 2017,189,Gertrude Espinosa inc,"516,509",27
Feb 2017,189,Jack Huffman inc,"486,436",25
Feb 2017,189,Diane Allen 2 inc,"480,250",22
Feb 2017,190,Denise Marquez 2 inc,"374,669",19
Feb 2017,190,Jay Hokanson inc,"277,540",15
Feb 2017,190,Thomas Voyer inc,"263,867",12
Feb 2017,190,Bernice Harris inc,"174,563",10
Feb 2017,190,Joseph Cox 5 inc,"129,598",6
Feb 2017,191,Patrick Heiden inc,"331,559",19
Feb 2017,191,Frank Lundborg inc,"327,943",17
Feb 2017,191,Virginia Greer inc,"276,950",13
Feb 2017,191,Thomas Warner inc,"275,071",12
Feb 2017,191,Phillip Lewis 3 inc,"271,497",13
Feb 2017,193,Terry Vallejos inc,"231,353",10
Feb 2017,193,Lisa Plummer inc,"222,107",12
Feb 2017,193,Renate Snyder inc,"201,205",9
Feb 2017,193,Boyd Taylor inc,"200,377",10
Feb 2017,193,Billy Neally inc,"178,623",9
Feb 2017,194,Alison Magallanes inc,"720,578",32
Feb 2017,194,Irma Bales inc,"273,708",14
Feb 2017,194,Walter Washington 2 inc,"215,812",9
Feb 2017,194,Christopher Cooper 3 inc,"174,839",8
Feb 2017,194,Isaac Morales inc,"143,136",7
Feb 2017,195,Casey Dawkins inc,"420,962",18
Feb 2017,195,John Wright 18 inc,"171,499",8
Feb 2017,195,Scott Williamson inc,"165,851",10
Feb 2017,195,Klara Ibanez inc,"165,044",9
Feb 2017,195,Matthew Aberle inc,"133,605",6
Feb 2017,197,Claudia Rodriguez inc,"582,089",27
Feb 2017,197,Chad Tobar inc,"449,299",19
Feb 2017,197,Lori Mize inc,"188,097",10
Feb 2017,197,Tony Moore 3 inc,"180,294",8
Feb 2017,197,Gregory Bettis inc,"176,478",10
Feb 2017,198,Nancy Foley inc,"281,451",12
Feb 2017,198,Walter Barbieri inc,"266,082",14
Feb 2017,198,Jose Emerson inc,"177,488",7
Feb 2017,198,Barbara Christian inc,"165,323",8
Feb 2017,198,Stacy Pacitto inc,"162,133",6
Feb 2017,199,Crystal Dwyer inc,"1,079,123",50
Feb 2017,199,Elbert Six inc,"819,291",45
Feb 2017,199,Roger Serrano inc,"629,714",32
Feb 2017,199,Judy Evans 3 inc,"473,722",24
Feb 2017,199,John Carmant inc,"422,350",20
Feb 2017,200,Sandra Davenport inc,"2,378,081",121
Feb 2017,200,Latanya Crofton inc,"927,715",50
Feb 2017,200,Sabrina Oleary inc,"923,799",41
Feb 2017,200,Juan Sojka inc,"850,051",42
Feb 2017,200,Gregory Matthews 3 inc,"844,367",40
Feb 2017,201,James Howell 7 inc,"386,519",17
Feb 2017,201,Dawn Jackson 4 inc,"309,840",14
Feb 2017,201,Rosemary Clark inc,"282,675",15
Feb 2017,201,Frederic Burgos inc,"151,111",6
Feb 2017,201,Concepcion Kyle inc,"141,386",6
Feb 2017,203,Ken Grant inc,"198,651",7
Feb 2017,203,Jeffrey Berryman inc,"191,407",10
Feb 2017,203,Kyle Reyna inc,"165,255",6
Feb 2017,203,Albert Cadwell inc,"152,296",10
Feb 2017,203,Robin Flores 2 inc,"110,099",4
Feb 2017,204,Antonio Bowler inc,"165,733",6
Feb 2017,204,Josephina Taylor inc,"151,379",6
Feb 2017,204,Roxann Flores inc,"126,885",7
Feb 2017,204,Yvonne Mallory inc,"121,883",5
Feb 2017,204,Joel Morse inc,"95,375",5
Feb 2017,205,Mark Bejar inc,"82,088",6
Feb 2017,205,Julian Rangel inc,"79,474",3
Feb 2017,205,Ruben Tagliarini inc,"71,073",3
Feb 2017,205,Zachary Holzer inc,"53,565",3
Feb 2017,205,Thomas Avalos inc,"49,267",2
Feb 2017,206,Susan Klotz inc,"199,465",9
Feb 2017,206,Louise Owens inc,"151,103",8
Feb 2017,206,Alberto Holmes inc,"141,199",7
Feb 2017,206,Treva Padilla inc,"129,150",6
Feb 2017,206,Ryan Gregg inc,"120,918",5
Feb 2017,207,Vincent Peterson 2 inc,"139,577",5
Feb 2017,207,Clarence Griffin inc,"106,623",6
Feb 2017,207,Joseph Proctor inc,"55,350",3
Feb 2017,207,Steven Eddy inc,"47,233",2
Feb 2017,207,Glenda Sturtevant inc,"44,498",2
Feb 2017,208,Michael Abramson inc,"438,512",21
Feb 2017,208,Jacqueline Henry inc,"127,755",6
Feb 2017,208,Paula Santiago inc,"126,989",6
Feb 2017,208,Monica Hanauer inc,"125,161",5
Feb 2017,208,June Gauze inc,"122,498",5
Feb 2017,209,Ma Rowlands inc,"743,038",38
Feb 2017,209,Meaghan Saylor inc,"556,130",29
Feb 2017,209,Michael Mincey inc,"446,808",19
Feb 2017,209,Wanda Lundberg inc,"358,821",18
Feb 2017,209,Tempie Guardado inc,"291,698",13
Feb 2017,210,Michael Mocher inc,"594,910",31
Feb 2017,210,Gary Goff inc,"536,062",25
Feb 2017,210,Felipe Erickson inc,"500,848",24
Feb 2017,210,Timothy Godwin inc,"490,344",22
Feb 2017,210,Angela Parsons inc,"472,630",25
Feb 2017,211,William Darden inc,"525,672",26
Feb 2017,211,Margaret Niceswander inc,"324,168",15
Feb 2017,211,Ryan Charles inc,"317,719",14
Feb 2017,211,Nancy Benz inc,"276,949",14
Feb 2017,211,Cathryn Holsopple inc,"222,971",12
Feb 2017,212,Donald Pimental inc,"3,366,405",165
Feb 2017,212,Rebecca Johnson 9 inc,"1,854,297",86
Feb 2017,212,Bernice Pratt inc,"1,725,605",87
Feb 2017,212,Lisa Jones 9 inc,"1,458,028",72
Feb 2017,212,Anna Risher inc,"1,413,197",69
Feb 2017,213,Elizabeth Thomas 10 inc,"1,507,571",81
Feb 2017,213,Ella Rose 2 inc,"1,315,127",62
Feb 2017,213,Katherine Stickel inc,"1,207,577",60
Feb 2017,213,Lindsey Margolis inc,"875,155",41
Feb 2017,213,Chad Tobar inc,"869,911",44
Feb 2017,214,Daniel Steinbach inc,"242,274",12
Feb 2017,214,Rosendo Wallin inc,"212,224",12
Feb 2017,214,Miles West inc,"202,890",10
Feb 2017,214,Scott Debroux inc,"172,434",8
Feb 2017,214,Sean Guzman inc,"128,970",7
Feb 2017,215,Katherine Caldwell inc,"415,985",21
Feb 2017,215,Mary Keath inc,"81,973",3
Feb 2017,215,Dave Moore inc,"62,931",3
Feb 2017,215,Kirk Adams inc,"61,009",3
Feb 2017,215,Aaron Becker inc,"54,063",2
Feb 2017,216,Helen Acosta inc,"322,349",15
Feb 2017,216,Mary Donati inc,"266,877",12
Feb 2017,216,Roger Espinoza inc,"197,694",10
Feb 2017,216,Denny Budzynski inc,"175,159",8
Feb 2017,216,Wesley Ramirez inc,"170,193",7
Feb 2017,218,Julianne Mchugh inc,"655,121",30
Feb 2017,218,Ronald Abbott 2 inc,"197,563",8
Feb 2017,218,Gary Ratcliff inc,"188,193",9
Feb 2017,218,Charles Oneil inc,"175,365",6
Feb 2017,218,Margaret Simpson inc,"133,240",7
Feb 2017,219,Donald Smith 19 inc,"626,140",32
Feb 2017,219,Wendy Strong inc,"298,455",16
Feb 2017,219,Brian Page 2 inc,"296,623",16
Feb 2017,219,Alfreda Mcnaughton inc,"194,870",11
Feb 2017,219,James Henderson 10 inc,"154,638",10
Feb 2017,220,Rose Smith 7 inc,"542,106",23
Feb 2017,220,Megan Robinson 5 inc,"278,371",15
Feb 2017,220,Marvin Rivera 2 inc,"131,396",6
Feb 2017,220,Grace Gorman inc,"130,434",7
Feb 2017,220,James Mattingly 2 inc,"123,241",5
Feb 2017,221,Robert Robinson 15 inc,"74,777",4
Feb 2017,221,James Chisam inc,"71,853",3
Feb 2017,221,Rose Brewer 2 inc,"68,735",3
Feb 2017,221,Bessie Cerna inc,"63,407",3
Feb 2017,221,Barb Dibble inc,"51,716",2
Feb 2017,222,Dennis Clancy inc,"169,442",8
Feb 2017,222,Melvin Hurt inc,"149,082",8
Feb 2017,222,Theresa Martin 3 inc,"145,182",7
Feb 2017,222,Jeffery Brennan inc,"142,118",8
Feb 2017,222,Jonathon Morrison inc,"120,580",6
Feb 2017,223,Judy Turner inc,"352,131",18
Feb 2017,223,Gracie Mcmorran inc,"290,210",13
Feb 2017,223,Connie Thompson inc,"222,256",11
Feb 2017,223,Deborah Walker 4 inc,"153,414",8
Feb 2017,223,Norman Cubbage inc,"148,069",6
Feb 2017,224,John Sutton 8 inc,"427,644",21
Feb 2017,224,Guillermo Wasson inc,"210,524",9
Feb 2017,224,Ronald Perkins 2 inc,"188,453",12
Feb 2017,224,Joan Lindo inc,"167,774",7
Feb 2017,224,Dixie Smith inc,"160,155",8
Feb 2017,226,John Rutherford 4 inc,"1,153,840",60
Feb 2017,226,Maggie Rosa inc,"520,237",26
Feb 2017,226,Jaime Marks inc,"339,656",16
Feb 2017,226,Tod Dixon inc,"307,095",13
Feb 2017,226,Jose Williams 15 inc,"214,483",9
Feb 2017,227,Frank Mahler inc,"127,298",5
Feb 2017,227,Lucy Thompson 2 inc,"114,457",4
Feb 2017,227,Russell Murray inc,"100,659",6
Feb 2017,227,Ellis Hulse inc,"90,859",4
Feb 2017,227,Frieda Cash inc,"76,859",5
Feb 2017,228,Pablo Laboy inc,"137,754",6
Feb 2017,228,Brenda Gomez 3 inc,"113,578",5
Feb 2017,228,David Piles inc,"107,718",4
Feb 2017,228,Bobby Wortham inc,"102,634",4
Feb 2017,228,Linda Gordon inc,"100,061",4
Feb 2017,229,David Estrada 3 inc,"259,814",13
Feb 2017,229,Christina Moralez inc,"258,188",13
Feb 2017,229,Martha Salyer inc,"249,612",14
Feb 2017,229,Camille Lindsey inc,"216,122",10
Feb 2017,229,Debra Belanger 2 inc,"193,085",11
Feb 2017,230,Allison Burgess inc,"399,148",20
Feb 2017,230,Jerry Mandrell inc,"247,484",10
Feb 2017,230,Terry Morris inc,"220,387",10
Feb 2017,230,Joseph Bass inc,"195,647",10
Feb 2017,230,Rosie Champagne inc,"193,510",9
Feb 2017,231,Robert Barfield inc,"683,199",31
Feb 2017,231,Edward Hebert 3 inc,"672,813",36
Feb 2017,231,Martha Griffin inc,"632,319",29
Feb 2017,231,Joshua Berryhill inc,"599,298",30
Feb 2017,231,Gladys Perry inc,"571,324",28
Feb 2017,232,Whitney Delgado inc,"548,435",25
Feb 2017,232,Charles Urias inc,"457,059",22
Feb 2017,232,Leon Wilson 3 inc,"410,268",21
Feb 2017,232,James Carpenter 7 inc,"322,351",15
Feb 2017,232,Michele Groves inc,"258,194",12
Feb 2017,233,Chad Tobar inc,"2,705,139",145
Feb 2017,233,Ella Rose 2 inc,"2,004,571",98
Feb 2017,233,John Mcneal 2 inc,"1,809,549",88
Feb 2017,233,Lori Joseph inc,"1,424,851",71
Feb 2017,233,Ruth Kohl inc,"1,365,940",67
Feb 2017,234,Alice Dickerson inc,"414,701",18
Feb 2017,234,Daniel Marshall 7 inc,"356,210",18
Feb 2017,234,Johnnie Elliott inc,"290,991",16
Feb 2017,234,Rachel Honeycutt inc,"238,778",11
Feb 2017,234,Lisa Johnson 11 inc,"225,111",10
Feb 2017,235,Peter Adams 3 inc,"157,582",8
Feb 2017,235,David Morris 4 inc,"131,661",6
Feb 2017,235,Andrew Bullock inc,"93,441",5
Feb 2017,235,Glenn Neblett inc,"85,788",4
Feb 2017,235,Dennis Campbell 2 inc,"85,044",4
Feb 2017,236,Alice Joyal inc,"147,123",7
Feb 2017,236,Maria Mitchell 4 inc,"123,878",6
Feb 2017,236,Marie Boutwell inc,"110,583",5
Feb 2017,236,Nora Saenz inc,"104,936",5
Feb 2017,236,Sherry Carlin inc,"96,357",4
Feb 2017,237,Sandra Nguyen inc,"113,194",6
Feb 2017,237,Julie Hughes inc,"88,809",4
Feb 2017,237,Robert Wink inc,"72,589",3
Feb 2017,237,Bernice Batz inc,"65,644",3
Feb 2017,237,Nereida Duckett inc,"53,639",3
Feb 2017,238,Kenneth Kimbler inc,"712,827",38
Feb 2017,238,Robin Forbes inc,"489,827",23
Feb 2017,238,Christopher Smith 19 inc,"407,173",17
Feb 2017,238,Greg Myers inc,"361,873",19
Feb 2017,238,Eugene Roberts inc,"357,247",16
Feb 2017,239,Ivelisse Cipriani inc,"212,398",11
Feb 2017,239,Leonard Parton inc,"183,469",13
Feb 2017,239,George Hay inc,"181,241",7
Feb 2017,239,Nadine Briley inc,"177,978",8
Feb 2017,239,Rosa Daugherty inc,"171,055",8
Feb 2017,240,Gloria Applin inc,"175,103",8
Feb 2017,240,Erick Porter inc,"145,234",6
Feb 2017,240,Janine Richardson inc,"130,631",6
Feb 2017,240,Gerald Rivera 2 inc,"115,088",5
Feb 2017,240,Jessica Baxter inc,"106,007",4
Feb 2017,242,Ada Cough inc,"798,921",39
Feb 2017,242,Mae Davis 3 inc,"636,563",35
Feb 2017,242,Theodore Cooke inc,"505,993",26
Feb 2017,242,John Bordner inc,"460,119",22
Feb 2017,242,Estella Vidal inc,"314,917",14
Feb 2017,244,Vivian Cawthorne inc,"1,501,340",72
Feb 2017,244,Diane Robbins inc,"1,173,179",58
Feb 2017,244,Pauline Hakes inc,"1,011,527",45
Feb 2017,244,James Funk 2 inc,"919,384",46
Feb 2017,244,Donald Bacon 2 inc,"557,403",30
Feb 2017,245,Brenda Green 4 inc,"551,695",25
Feb 2017,245,Anton Wilder inc,"375,312",19
Feb 2017,245,Bobby Bryce inc,"256,963",12
Feb 2017,245,Debra Moncrief inc,"213,376",9
Feb 2017,245,Colleen Burgos inc,"206,648",9
Feb 2017,246,Clarice Potts inc,"2,113,905",102
Feb 2017,246,James Holliday inc,"1,408,408",72
Feb 2017,246,Gabriel Allen inc,"801,819",37
Feb 2017,246,Marc Juckett inc,"758,418",43
Feb 2017,246,Naomi Wakefield inc,"580,125",32
Feb 2017,247,Alex Couzens inc,"1,081,189",58
Feb 2017,247,Charles Doyle inc,"619,538",32
Feb 2017,247,Mary Schultheis inc,"412,752",23
Feb 2017,247,Frederick Uson inc,"331,937",18
Feb 2017,247,Kimberly Morgan 4 inc,"291,226",15
Feb 2017,248,George Wheeler 2 inc,"778,590",38
Feb 2017,248,Nicholas Mixer inc,"642,922",33
Feb 2017,248,Katherine Gonce inc,"602,616",32
Feb 2017,248,Marie Compton inc,"545,743",26
Feb 2017,248,Marie Vaughn inc,"541,896",29
Feb 2017,250,Catherine Ochs inc,"381,733",18
Feb 2017,250,Edward Campbell 2 inc,"337,467",17
Feb 2017,250,David Meler inc,"335,235",17
Feb 2017,250,Chris Fowler 2 inc,"300,330",14
Feb 2017,250,Angela Mcnabb inc,"294,516",14
Feb 2017,251,Lola Cramer inc,"1,159,113",61
Feb 2017,251,Rose Mincey inc,"882,493",41
Feb 2017,251,Vonda Lake inc,"666,613",31
Feb 2017,251,Ryan Harris 2 inc,"621,938",32
Feb 2017,251,Josephine Davis inc,"545,605",25
Feb 2017,252,Jimmy Kelly inc,"190,598",10
Feb 2017,252,Dale Freyermuth inc,"178,672",9
Feb 2017,252,Ilene Young inc,"129,333",7
Feb 2017,252,Aretha Blevins inc,"119,916",6
Feb 2017,252,Patricia Martin 11 inc,"105,536",5
Feb 2017,253,Karen Fiene inc,"604,131",30
Feb 2017,253,Jesse Valazquez inc,"369,267",19
Feb 2017,253,Dillon Renshaw inc,"326,148",14
Feb 2017,253,Agustina Jameson inc,"278,746",12
Feb 2017,253,Gussie Bickford inc,"266,147",15
Feb 2017,254,Michael Newsom inc,"243,951",14
Feb 2017,254,Nannette Wermers inc,"99,720",5
Feb 2017,254,Rachel Jamal inc,"98,099",4
Feb 2017,254,Kermit Davis 2 inc,"85,634",4
Feb 2017,254,Joseph Olson 2 inc,"75,696",4
Feb 2017,255,Harmony Mathis inc,"438,905",24
Feb 2017,255,Joe Hall inc,"172,208",9
Feb 2017,255,Sheryl Wilson inc,"165,886",8
Feb 2017,255,John Cruz 7 inc,"145,363",6
Feb 2017,255,Roger Greer inc,"125,114",5
Feb 2017,256,Leigh Carr inc,"1,127,615",55
Feb 2017,256,Beatrice Graham inc,"363,936",17
Feb 2017,256,Juan Kong inc,"342,637",19
Feb 2017,256,Ryan Kyle inc,"217,849",11
Feb 2017,256,Edward Jones 10 inc,"214,320",9
Feb 2017,258,Michelle Jones 13 inc,"201,684",9
Feb 2017,258,Stacie Lucas inc,"189,250",9
Feb 2017,258,Lina Kelsey inc,"150,796",6
Feb 2017,258,Steven Johnson 10 inc,"140,241",7
Feb 2017,258,Damaris Godwin inc,"135,338",6
Feb 2017,259,Gerald Mccullough inc,"519,097",26
Feb 2017,259,Adrienne Hill inc,"466,905",22
Feb 2017,259,Allen Jackson 2 inc,"423,516",25
Feb 2017,259,Anthony Wheeler 2 inc,"367,631",18
Feb 2017,259,Bertha Long inc,"344,009",14
Feb 2017,260,William Young 10 inc,"419,463",23
Feb 2017,260,Ronald Betcher inc,"249,058",13
Feb 2017,260,Rick Burkett inc,"238,214",10
Feb 2017,260,Juanita Gilliam inc,"219,827",9
Feb 2017,260,Eloise Paoli inc,"193,750",8
Feb 2017,261,Samuel Powell inc,"399,722",20
Feb 2017,261,Phillip Justice 2 inc,"263,150",13
Feb 2017,261,Theodore Thompson 2 inc,"192,756",10
Feb 2017,261,Kay Davis 2 inc,"192,292",8
Feb 2017,261,Renaldo Allen inc,"186,435",8
Feb 2017,262,Lora Harrell inc,"245,761",11
Feb 2017,262,Raymond Sylvester inc,"182,417",9
Feb 2017,262,Michael Davidson 2 inc,"96,963",4
Feb 2017,262,Sylvia Burton 2 inc,"91,326",5
Feb 2017,262,Jean Cheslock inc,"89,806",5
Feb 2017,263,David Millay 2 inc,"178,890",8
Feb 2017,263,Joan Miller 2 inc,"175,079",9
Feb 2017,263,Donnell Cotto inc,"120,769",8
Feb 2017,263,Nicholas Pearsall inc,"82,684",4
Feb 2017,263,Dwayne Joshua inc,"81,804",3
Feb 2017,264,Grace Cox inc,"353,569",18
Feb 2017,264,Erika Legrand inc,"275,410",12
Feb 2017,264,Maria Harris 7 inc,"130,026",6
Feb 2017,264,Zola Mcneil inc,"125,601",5
Feb 2017,264,Sandra Brison inc,"116,919",6
Feb 2017,265,Michelle Dougherty inc,"283,302",16
Feb 2017,265,Aron Chase inc,"221,359",10
Feb 2017,265,Alex Moore inc,"200,834",9
Feb 2017,265,Brandon Beatty inc,"184,722",9
Feb 2017,265,Michael Feinberg inc,"177,629",8
Feb 2017,266,Jerry Anderson 2 inc,"208,421",10
Feb 2017,266,Jeff Darou inc,"132,121",6
Feb 2017,266,Richard Stevenson 2 inc,"114,469",5
Feb 2017,266,Mary Land inc,"108,848",5
Feb 2017,266,Dan Forrest inc,"87,130",4
Feb 2017,267,Rebecca Pollard inc,"172,048",8
Feb 2017,267,Dennis Smith 8 inc,"171,125",8
Feb 2017,267,Patricia Jackson 6 inc,"169,072",8
Feb 2017,267,Genesis Barcia inc,"153,376",7
Feb 2017,267,Michael Little 5 inc,"149,549",6
Feb 2017,268,Roy Mccoy inc,"553,911",26
Feb 2017,268,Trudy Harris inc,"491,058",25
Feb 2017,268,Charleen Lawson inc,"466,500",23
Feb 2017,268,Ernest Garner inc,"372,170",20
Feb 2017,268,Sabine King inc,"292,336",15
Feb 2017,269,Josephine Garrity inc,"92,216",4
Feb 2017,269,James Oliver 6 inc,"87,232",4
Feb 2017,269,Mary Radford 3 inc,"82,195",4
Feb 2017,269,Heather Hopkins inc,"77,239",5
Feb 2017,269,Nancy Rodgers 2 inc,"71,955",4
Feb 2017,270,Patricia Smith 25 inc,"253,519",10
Feb 2017,270,David Park inc,"212,885",8
Feb 2017,270,Cristina Lindsay inc,"158,491",9
Feb 2017,270,Christine Montoro inc,"142,241",9
Feb 2017,270,Jane Vanauken inc,"100,926",5
Feb 2017,271,Sharon Mcdaniel inc,"652,615",34
Feb 2017,271,Jimmy Garcia 2 inc,"594,442",30
Feb 2017,271,Jame Perez inc,"476,895",22
Feb 2017,271,Ann Morrell inc,"444,048",23
Feb 2017,271,Constance White inc,"363,028",18
Feb 2017,272,David Fitzpatrick inc,"486,714",25
Feb 2017,272,Barbara Tvedt inc,"333,794",18
Feb 2017,272,Joseph Olson 3 inc,"306,161",15
Feb 2017,272,Eloise Davis inc,"302,862",16
Feb 2017,272,Gabriela Woods inc,"298,795",12
Feb 2017,273,Antoine Alexander inc,"85,538",4
Feb 2017,273,Ryan Stephens 2 inc,"34,398",2
Feb 2017,273,Philip Capps inc,"5,874",1
Feb 2017,274,Doris Babcock inc,"1,997,498",106
Feb 2017,274,Angela Barrett 2 inc,"997,086",48
Feb 2017,274,Jane Bell inc,"690,115",35
Feb 2017,274,Austin Edmunds inc,"576,224",33
Feb 2017,274,Florence Shockey inc,"549,402",24
Feb 2017,275,Orville Caporiccio inc,"188,271",9
Feb 2017,275,Frederick Mccammon inc,"173,973",8
Feb 2017,275,Jon Hill inc,"154,127",6
Feb 2017,275,Howard Justus inc,"127,204",7
Feb 2017,275,Amy Bertrand inc,"108,286",5
Feb 2017,276,Steven Porter 2 inc,"632,414",34
Feb 2017,276,Odis Hampton inc,"504,323",28
Feb 2017,276,Ladonna Seelbach inc,"463,203",24
Feb 2017,276,Vesta Jackson inc,"352,504",18
Feb 2017,276,Terri Morse inc,"327,739",15
Feb 2017,277,Jonathan Rollins inc,"1,872,154",90
Feb 2017,277,Daniel Phipps 2 inc,"1,670,059",79
Feb 2017,277,Michelle Briscoe inc,"1,661,476",81
Feb 2017,277,Tracie Dempsey inc,"1,456,092",68
Feb 2017,277,Billy Hoffman inc,"1,109,055",53
Feb 2017,278,Sylvia Holler inc,"715,059",37
Feb 2017,278,David Fontaine inc,"577,534",28
Feb 2017,278,Calvin Severy inc,"441,434",20
Feb 2017,278,Berry Cannata inc,"428,945",20
Feb 2017,278,Maria Davis 10 inc,"243,504",15
Feb 2017,279,Mario Powell inc,"805,685",41
Feb 2017,279,Debra Williams 7 inc,"788,585",43
Feb 2017,279,George Williams 20 inc,"641,790",32
Feb 2017,279,Robert Hall 16 inc,"639,751",34
Feb 2017,279,Miguel Walt inc,"485,090",25
Feb 2017,280,Clyde Garland inc,"1,746,302",93
Feb 2017,280,Thomas Adams 6 inc,"400,254",21
Feb 2017,280,John Harris 25 inc,"372,586",21
Feb 2017,280,Matthew Horton 2 inc,"339,549",18
Feb 2017,280,Vivian Howard inc,"268,148",13
Feb 2017,281,Charles Everett inc,"377,548",20
Feb 2017,281,Clayton Palmer inc,"306,029",13
Feb 2017,281,Pierre Weiner inc,"299,889",14
Feb 2017,281,Joy Flaherty inc,"237,864",12
Feb 2017,281,Sandra Staples inc,"203,783",12
Feb 2017,282,Jonathan Crumble inc,"922,348",47
Feb 2017,282,Katherine Cotter inc,"652,765",32
Feb 2017,282,Devon Sanders inc,"644,797",33
Feb 2017,282,Fernando Williams inc,"363,259",17
Feb 2017,282,Daron Corley inc,"360,141",14
Feb 2017,283,Christopher Carter 3 inc,"1,873,079",87
Feb 2017,283,Marlin Stroud inc,"1,059,857",51
Feb 2017,283,Mikki Seburg inc,"940,479",47
Feb 2017,283,Sterling Haskins inc,"842,601",44
Feb 2017,283,Floretta Blankenship inc,"739,567",37
Feb 2017,285,Jefferey Smith inc,"184,062",10
Feb 2017,285,William Duby inc,"127,020",5
Feb 2017,285,Patricia Keith 2 inc,"88,885",5
Feb 2017,285,William Cade inc,"83,998",5
Feb 2017,285,Gary Jenkins 3 inc,"82,538",4
Feb 2017,286,Chris Heath inc,"2,481,662",128
Feb 2017,286,Kevin Hellman inc,"1,722,408",85
Feb 2017,286,Lisa Castillo 2 inc,"1,091,529",52
Feb 2017,286,Jasmin Morataya inc,"1,062,048",52
Feb 2017,286,Rita Elias inc,"1,054,718",60
Feb 2017,287,Sherri Garrison inc,"474,815",28
Feb 2017,287,Wm Evans inc,"360,130",16
Feb 2017,287,John Arlington inc,"335,645",14
Feb 2017,287,Charles Ross 2 inc,"135,696",6
Feb 2017,287,George Peebles inc,"119,075",5
Feb 2017,288,Wallace Bennett inc,"743,156",33
Feb 2017,288,Michael Morgan 3 inc,"662,454",32
Feb 2017,288,Steve Crofton inc,"590,226",26
Feb 2017,288,Emily Batton inc,"416,333",18
Feb 2017,288,Lisa Rollins inc,"307,211",20
Feb 2017,289,Sherri Garrison inc,"1,745,333",79
Feb 2017,289,Karla Reyna inc,"1,730,924",87
Feb 2017,289,John Penn 2 inc,"768,795",39
Feb 2017,289,George Centeno inc,"688,112",34
Feb 2017,289,Elnora Cook inc,"647,733",34
Feb 2017,290,Daniel Jones 11 inc,"201,555",11
Feb 2017,290,Richard Mcgowen inc,"155,292",7
Feb 2017,290,Guadalupe Schoenfeld inc,"108,396",5
Feb 2017,290,Lewis Bourque inc,"103,505",6
Feb 2017,290,Helen Logan inc,"101,059",5
Feb 2017,291,Lisa Bryant 3 inc,"881,277",43
Feb 2017,291,Chad Tobar inc,"877,123",40
Feb 2017,291,Mary Castillo 2 inc,"736,617",39
Feb 2017,291,Elizabeth Gibbs inc,"733,193",33
Feb 2017,291,Efrain Webb inc,"685,439",39
Feb 2017,292,Rebecca Kim 2 inc,"850,811",41
Feb 2017,292,Gilbert Lowell inc,"415,570",21
Feb 2017,292,Susan Washington inc,"246,280",14
Feb 2017,292,Brandon Manns inc,"211,834",9
Feb 2017,292,Scott Uson inc,"208,858",10
Feb 2017,293,Maria Morlan inc,"130,807",6
Feb 2017,293,Lawrence Williams 4 inc,"127,106",7
Feb 2017,293,Aileen Coons inc,"117,799",6
Feb 2017,293,Juanita Johnson 4 inc,"87,813",5
Feb 2017,293,Daniel Johnston 2 inc,"87,445",4
Feb 2017,294,Stephanie Cheatham inc,"289,290",11
Feb 2017,294,Keith Thomas 2 inc,"225,749",12
Feb 2017,294,Andrew Bailey 2 inc,"184,545",8
Feb 2017,294,Mathew Vogus inc,"179,874",6
Feb 2017,294,Ebonie Rodriguez inc,"165,075",7
Feb 2017,295,Darren Brewer inc,"321,341",16
Feb 2017,295,John Mayfield 2 inc,"316,842",14
Feb 2017,295,John Banks 4 inc,"277,696",12
Feb 2017,295,Jody Minor inc,"257,141",13
Feb 2017,295,Christopher Hubbard 3 inc,"222,130",10
Feb 2017,296,Bessie Davis 2 inc,"484,474",24
Feb 2017,296,Laura Carter inc,"399,596",20
Feb 2017,296,Larry Mcmanus inc,"389,352",18
Feb 2017,296,Dorthy Collette inc,"335,470",15
Feb 2017,296,Edward Evanoff inc,"324,543",18
Feb 2017,297,Nicole Borrero inc,"594,073",28
Feb 2017,297,Arlyne Smith inc,"422,428",20
Feb 2017,297,Crystal Marquez inc,"367,645",21
Feb 2017,297,Ehtel Lynn inc,"349,716",16
Feb 2017,297,Pierre Balzer inc,"340,156",15
Feb 2017,298,Marisa Corbin inc,"245,307",9
Feb 2017,298,Chad Tobar inc,"183,430",8
Feb 2017,298,Ella Rose 2 inc,"174,458",9
Feb 2017,298,Guadalupe Blank inc,"115,576",6
Feb 2017,298,Donna Canfield inc,"108,730",7
Feb 2017,299,Gary Hayes inc,"303,289",15
Feb 2017,299,Kim Sutton inc,"271,262",13
Feb 2017,299,Mildred Tilman inc,"206,774",12
Feb 2017,299,Harry Mccauley inc,"197,342",9
Feb 2017,299,Joe Quinn inc,"192,164",9
Feb 2017,300,Rene Roberts 2 inc,"524,185",26
Feb 2017,300,Eddie Coyle 2 inc,"507,515",23
Feb 2017,300,June Morris inc,"393,570",17
Feb 2017,300,Ruben Frantz inc,"390,596",17
Feb 2017,300,Stephen Lay inc,"379,299",17
Feb 2017,301,Jennifer Adams 3 inc,"269,544",11
Feb 2017,301,Brian Ranney inc,"240,020",10
Feb 2017,301,Joyce Perry inc,"201,021",10
Feb 2017,301,Juan Jennrich inc,"169,005",8
Feb 2017,301,Paul Daniel 2 inc,"88,929",3
Feb 2017,302,Colin Canelo inc,"1,023,304",55
Feb 2017,302,Albert Smith 10 inc,"919,739",53
Feb 2017,302,Kevin Starks inc,"410,950",19
Feb 2017,302,Jacob Morrison inc,"352,611",18
Feb 2017,302,Thomas Crouchet inc,"340,446",17
Feb 2017,303,Marvin Peterman inc,"291,978",18
Feb 2017,303,Christine Hill 3 inc,"287,465",17
Feb 2017,303,Bessie Fulmer inc,"274,364",12
Feb 2017,303,Kelly Thomas 4 inc,"254,146",12
Feb 2017,303,Peter Nelson 4 inc,"235,070",11
Feb 2017,304,Heather Brackett inc,"428,395",19
Feb 2017,304,Jill Costa inc,"398,255",20
Feb 2017,304,Annie Coffman inc,"277,907",13
Feb 2017,304,Cordelia Rice inc,"225,518",11
Feb 2017,304,Stefanie Taylor inc,"140,609",8
Feb 2017,306,Timothy Sepulveda inc,"351,592",14
Feb 2017,306,Maurice Robertson inc,"215,790",12
Feb 2017,306,Ruby Armstead inc,"167,782",7
Feb 2017,306,Shannon Depuy inc,"122,379",6
Feb 2017,306,Henry Rosales inc,"114,960",5
Feb 2017,307,John Kluender inc,"318,258",17
Feb 2017,307,Gordon Platt inc,"174,039",10
Feb 2017,307,Theresa Lamb inc,"152,759",8
Feb 2017,307,Ronald Green 2 inc,"117,843",4
Feb 2017,307,Barbara Racine inc,"110,496",6
Feb 2017,308,Alicia Roberts inc,"500,826",21
Feb 2017,308,Shannon Mcdaniel inc,"395,574",19
Feb 2017,308,Fannie Baltimore inc,"373,432",18
Feb 2017,308,Reed Williams inc,"348,484",18
Feb 2017,308,Roy Lavine inc,"339,070",16
Feb 2017,309,David Aucoin inc,"336,473",14
Feb 2017,309,Patricia Jackson 7 inc,"151,633",6
Feb 2017,309,Timothy Dukes inc,"133,490",7
Feb 2017,309,Minnie Wendt inc,"116,698",5
Feb 2017,309,Vernon Zeigler inc,"112,926",6
Feb 2017,310,Alvin Moodie inc,"187,255",9
Feb 2017,310,Frank Muniz inc,"146,320",7
Feb 2017,310,Barbara Thomas 9 inc,"137,312",8
Feb 2017,310,Maxine Rapelyea inc,"125,019",5
Feb 2017,310,Darrick Pendleton inc,"112,648",5
Feb 2017,311,Janet Baker 2 inc,"245,366",13
Feb 2017,311,Annie Bishop inc,"232,629",12
Feb 2017,311,Carole West inc,"210,762",9
Feb 2017,311,Albert Lay inc,"192,403",8
Feb 2017,311,Roger Freitas inc,"173,327",9
Feb 2017,312,Tony Butler inc,"408,055",18
Feb 2017,312,Rebecca Solis inc,"235,167",9
Feb 2017,312,Betty Ratliff inc,"212,272",8
Feb 2017,312,David Taylor 12 inc,"210,499",9
Feb 2017,312,Oscar Carter inc,"150,285",7
Feb 2017,313,Danny Lupien inc,"465,615",22
Feb 2017,313,Catherine Hogan inc,"179,758",9
Feb 2017,313,Judy Richards inc,"175,123",9
Feb 2017,313,Connie Partis inc,"173,439",9
Feb 2017,313,Linda Armendarez inc,"172,989",8
Feb 2017,314,Charles Dallas inc,"882,659",50
Feb 2017,314,Jeffery Aguilar 2 inc,"610,401",33
Feb 2017,314,Florence Shaver inc,"581,309",26
Feb 2017,314,Julio Piner inc,"546,587",26
Feb 2017,314,Lloyd Brink inc,"531,396",28
Feb 2017,315,Lester Marcum inc,"93,780",6
Feb 2017,315,Donald Bacon 2 inc,"63,053",2
Feb 2017,315,Erik Tripp inc,"58,689",2
Feb 2017,315,Andrew Cruz 2 inc,"49,979",3
Feb 2017,315,Gregory Stokes inc,"45,705",2
Feb 2017,318,Valerie Hutchinson inc,"508,812",28
Feb 2017,318,John Young 16 inc,"316,913",18
Feb 2017,318,Jean Vandusen inc,"297,123",13
Feb 2017,318,Ryan Malina inc,"277,274",15
Feb 2017,318,Jimmy Ascencio inc,"221,134",10
Feb 2017,319,Mandy Easton inc,"62,254",3
Feb 2017,319,Leonard Durrance inc,"36,807",1
Feb 2017,319,Carol Martin 4 inc,"35,937",1
Feb 2017,319,Richard Smith 39 inc,"33,775",1
Feb 2017,319,Thomas Then inc,"21,858",1
Feb 2017,320,Tom Benavidez inc,"1,651,035",82
Feb 2017,320,Edwin Riley inc,"535,003",25
Feb 2017,320,Rolande White inc,"473,380",21
Feb 2017,320,Rebecca Harrold inc,"432,124",21
Feb 2017,320,Janice Whiteman inc,"406,450",21
Feb 2017,321,Joseph Funk inc,"121,044",7
Feb 2017,321,John Longoria inc,"89,343",4
Feb 2017,321,Jessica Salinas inc,"73,102",3
Feb 2017,321,James Troise inc,"71,067",4
Feb 2017,321,Cynthia Ciriaco inc,"66,637",3
Feb 2017,322,Quinton Elizarraras inc,"1,699,712",82
Feb 2017,322,Allen Poulton inc,"1,314,229",70
Feb 2017,322,Andrea Hartman inc,"1,121,026",60
Feb 2017,322,Kristin Garrett inc,"721,771",32
Feb 2017,322,William White 20 inc,"571,189",28
Feb 2017,323,Ruben Lopez inc,"665,640",34
Feb 2017,323,Michael Wheeler 8 inc,"555,448",31
Feb 2017,323,Leisa Mahoney inc,"174,658",10
Feb 2017,323,Daniel Gifford inc,"166,384",8
Feb 2017,323,Michael Sosa inc,"152,177",7
Feb 2017,325,Christopher Pinneo inc,"578,205",24
Feb 2017,325,Dennis Terrance inc,"524,525",27
Feb 2017,325,Miriam Cisneros inc,"362,319",17
Feb 2017,325,Alpha Way inc,"275,148",13
Feb 2017,325,Craig Rehm inc,"256,325",13
Feb 2017,326,Robert Ibarra inc,"133,446",5
Feb 2017,326,Richard Markle inc,"98,704",4
Feb 2017,326,Susan Sampson inc,"81,803",3
Feb 2017,326,Irma Fredericks inc,"79,796",4
Feb 2017,326,Renee Smith 2 inc,"79,669",3
Feb 2017,327,Christina Baylon inc,"74,455",4
Feb 2017,327,Charlotte Marley inc,"68,803",5
Feb 2017,327,Clarence Worthington inc,"64,655",3
Feb 2017,327,Daniel Page 2 inc,"63,751",3
Feb 2017,327,Roger Sanders 2 inc,"59,738",3
Feb 2017,328,William Darling inc,"755,120",37
Feb 2017,328,Wendy Donnelly inc,"317,351",16
Feb 2017,328,Luella Jones inc,"225,346",11
Feb 2017,328,Bernadette Padron inc,"174,232",8
Feb 2017,328,Major Bianco inc,"160,643",9
Feb 2017,329,Kristen Woods inc,"706,826",32
Feb 2017,329,Stephanie Bagaoisan inc,"658,368",33
Feb 2017,329,Shirley Ball inc,"296,237",17
Feb 2017,329,John Hunt 4 inc,"268,101",13
Feb 2017,329,Robert Olson 4 inc,"258,963",11
Feb 2017,330,Ricardo Kane inc,"283,008",14
Feb 2017,330,Sandra Buckner inc,"243,778",12
Feb 2017,330,Karen Pate inc,"211,590",9
Feb 2017,330,Alyson Efird inc,"206,770",11
Feb 2017,330,Curtis Pierce inc,"202,616",10
Feb 2017,331,Antoine Alexander inc,"7,164,693",344
Feb 2017,331,Valerie Martin 2 inc,"6,122,213",293
Feb 2017,331,Jean Jolley inc,"4,239,005",205
Feb 2017,331,Ryan Stephens 2 inc,"3,504,893",174
Feb 2017,331,Joann Lilly inc,"2,340,446",116
Feb 2017,333,Joseph Proctor inc,"4,002,909",201
Feb 2017,333,Teresa Begley inc,"2,890,751",144
Feb 2017,333,Naomi Day inc,"1,925,524",92
Feb 2017,333,Clarence Griffin inc,"1,618,479",80
Feb 2017,333,Vincent Peterson 2 inc,"1,525,790",83
Feb 2017,334,Jeffrey Bock inc,"537,247",27
Feb 2017,334,Mary Siegel inc,"506,361",25
Feb 2017,334,Brianna Derrick inc,"420,534",24
Feb 2017,334,Milton Greve inc,"376,969",19
Feb 2017,334,Noella Vansickle inc,"376,553",21
Feb 2017,335,Catherine Tanner inc,"327,681",15
Feb 2017,335,Yolanda Jones 3 inc,"143,631",7
Feb 2017,335,Matthew Soloveichik inc,"114,614",5
Feb 2017,335,Michael Everly inc,"98,182",4
Feb 2017,335,Theresa Martin 3 inc,"73,175",4
Feb 2017,336,Katherine Kirschner inc,"259,314",11
Feb 2017,336,Frank Mcneil inc,"136,881",7
Feb 2017,336,Anthony Wender inc,"105,345",5
Feb 2017,336,Ernestina Woodley inc,"100,212",4
Feb 2017,336,Ashley Conger inc,"84,294",3
Feb 2017,337,Karen Lee 2 inc,"603,793",30
Feb 2017,337,Anthony Everett inc,"258,553",10
Feb 2017,337,William Calvin inc,"115,368",5
Feb 2017,337,Anna Baker 2 inc,"110,861",7
Feb 2017,337,Timothy Robins inc,"103,670",6
Feb 2017,338,Lon Larson inc,"305,557",13
Feb 2017,338,Ruby Dahl inc,"147,571",7
Feb 2017,338,Daniel Leonhart inc,"143,717",7
Feb 2017,338,Lucas Carmona inc,"143,107",7
Feb 2017,338,Sharon Broadfoot inc,"135,522",5
Feb 2017,339,Christopher Greer inc,"835,125",41
Feb 2017,339,Marie Reynolds 4 inc,"643,237",35
Feb 2017,339,Gertrudis Stamps inc,"606,094",29
Feb 2017,339,Robert Caruso inc,"474,075",22
Feb 2017,339,Jeffrey Atherton inc,"363,465",16
Feb 2017,340,Terry Turpin 2 inc,"1,576,138",84
Feb 2017,340,Nancy Jamison 2 inc,"960,158",48
Feb 2017,340,Thomas Smith 35 inc,"871,418",44
Feb 2017,340,Katherine Rovero inc,"785,992",41
Feb 2017,340,Thelma Williams 3 inc,"728,076",36
Feb 2017,341,Bonita Lemons inc,"464,445",25
Feb 2017,341,David Kellam inc,"311,524",17
Feb 2017,341,Luanne Garay inc,"268,017",11
Feb 2017,341,Daniel Huff inc,"194,063",9
Feb 2017,341,Monica Garcia 3 inc,"176,047",9
Feb 2017,342,William Roney inc,"481,108",20
Feb 2017,342,Mary Tierney inc,"142,480",6
Feb 2017,342,Gordon Burdock inc,"122,297",8
Feb 2017,342,Dawn Gunter inc,"111,962",5
Feb 2017,342,Eric Elrod inc,"105,919",5
Feb 2017,343,Joshua Reyna inc,"120,193",5
Feb 2017,343,Christopher Kroll inc,"98,798",6
Feb 2017,343,Roy Hatfield inc,"95,648",4
Feb 2017,343,Mary Norris 6 inc,"89,182",4
Feb 2017,343,Linda Young 6 inc,"87,189",5
Feb 2017,344,Morris Grooms inc,"738,471",35
Feb 2017,344,Ella Rose 2 inc,"575,246",29
Feb 2017,344,Mary Hester 2 inc,"541,640",27
Feb 2017,344,Matthew Bryan inc,"458,095",22
Feb 2017,344,Chad Tobar inc,"423,771",22
Feb 2017,345,Patrick Nunn inc,"227,540",10
Feb 2017,345,Julius Garrett inc,"180,430",7
Feb 2017,345,Joel Daly inc,"101,014",5
Feb 2017,345,Fay Durrant inc,"87,929",4
Feb 2017,345,Margaret Walker 3 inc,"63,035",2
Feb 2017,347,Edna Ledesma inc,"684,268",35
Feb 2017,347,Erma Milligan inc,"673,012",35
Feb 2017,347,Christopher Jackson 5 inc,"601,558",30
Feb 2017,347,Carolyn Hardin inc,"342,305",16
Feb 2017,347,Shirley Lawrence 2 inc,"329,649",18
Feb 2018,1,Kathie Sughrue inc,"265,891,760","13,178"
Feb 2018,1,Cesar Hall inc,"137,686,114","6,842"
Feb 2018,1,Mary Gray 7 inc,"88,942,908","4,426"
Feb 2018,1,David Gunstream inc,"42,530,529","2,129"
Feb 2018,1,Steven Russell inc,"40,507,709","2,016"
Feb 2018,2,William Urena inc,"283,970",15
Feb 2018,2,Ernesto Matthews inc,"223,381",13
Feb 2018,2,Shana Platt inc,"213,349",13
Feb 2018,2,Sally Simonton inc,"201,408",8
Feb 2018,2,Mark Cipolla inc,"170,589",9
Feb 2018,3,Rhonda Cunningham inc,"715,811",38
Feb 2018,3,Dennis Mcmillan inc,"685,880",30
Feb 2018,3,Donnie Sefcovic inc,"614,986",31
Feb 2018,3,Robert Harrison 7 inc,"427,985",20
Feb 2018,3,,"413,937",21
Feb 2018,4,Louise Cole 2 inc,"3,341,992",166
Feb 2018,4,Juan Niemi inc,"2,205,168",109
Feb 2018,4,Carolyn Smith 8 inc,"1,914,385",89
Feb 2018,4,Mary Perry 8 inc,"1,866,355",89
Feb 2018,4,Nathaniel Stewart inc,"1,749,442",87
Feb 2018,6,Eva Mcnear inc,"400,768",19
Feb 2018,6,Elizabeth Mueller inc,"339,773",16
Feb 2018,6,Jack Mcsweeney inc,"318,052",16
Feb 2018,6,Pedro Hill 2 inc,"266,236",14
Feb 2018,6,James Kmiotek inc,"255,209",10
Feb 2018,7,Sheila Bissonnette inc,"609,706",29
Feb 2018,7,Don Lenz inc,"548,923",29
Feb 2018,7,Francesca Nolan inc,"395,389",20
Feb 2018,7,Joe Powell inc,"394,517",20
Feb 2018,7,Elizabeth Miller 10 inc,"352,749",18
Feb 2018,8,Mike Sparks inc,"1,296,064",65
Feb 2018,8,Sandra Crocker inc,"1,291,632",63
Feb 2018,8,Carlotta Schell inc,"1,068,559",57
Feb 2018,8,Larry Stegall 2 inc,"1,058,618",57
Feb 2018,8,Charlene Richter inc,"917,282",50
Feb 2018,9,Rachael Oehler inc,"712,145",38
Feb 2018,9,Scott Brown 6 inc,"581,607",30
Feb 2018,9,Barbara Bishop inc,"580,660",30
Feb 2018,9,Walter Grillo inc,"461,753",20
Feb 2018,9,Helen Rogers inc,"409,589",18
Feb 2018,10,Roger Murach inc,"796,395",38
Feb 2018,10,Iris Key inc,"585,217",31
Feb 2018,10,Alexandra Easton inc,"535,994",29
Feb 2018,10,Kristin Victoria inc,"472,890",23
Feb 2018,10,Maribel Prince inc,"439,012",21
Feb 2018,11,Paula Crumb inc,"1,869,167",94
Feb 2018,11,Kenneth Ramos inc,"1,233,342",64
Feb 2018,11,Matthew Verhoeven inc,"1,031,189",56
Feb 2018,11,Linda Hogan 2 inc,"933,971",42
Feb 2018,11,Rafael Tarr inc,"881,843",42
Feb 2018,12,Joe Cleghorn inc,"2,110,010",111
Feb 2018,12,,"2,036,225",103
Feb 2018,12,Robyn Douglas inc,"1,312,142",63
Feb 2018,12,Delbert Sherlock inc,"1,269,945",64
Feb 2018,12,Emily Jiggetts inc,"1,060,481",51
Feb 2018,13,,"509,139",23
Feb 2018,13,Carol Green inc,"481,771",22
Feb 2018,13,Gary Koehler inc,"448,026",21
Feb 2018,13,Curtis Gregg inc,"433,417",24
Feb 2018,13,Robert Brown 41 inc,"429,603",22
Feb 2018,14,Cynthia Wood 2 inc,"1,994,992",100
Feb 2018,14,John Bielinski inc,"1,263,111",60
Feb 2018,14,Alex Richardson inc,"846,926",42
Feb 2018,14,Stanley Summerville inc,"843,770",37
Feb 2018,14,Norma Rayfield inc,"689,935",35
Feb 2018,16,Cheryl Croom inc,"375,734",17
Feb 2018,16,Willie Walker 4 inc,"260,334",14
Feb 2018,16,Jose Stammel inc,"194,940",9
Feb 2018,16,Veronica Wroblewski inc,"193,414",11
Feb 2018,16,George Oneal 3 inc,"190,132",9
Feb 2018,17,Sharonda Jordan inc,"13,820,332",691
Feb 2018,17,Nick Curtis inc,"10,706,383",525
Feb 2018,17,Beatrice Pears inc,"9,829,656",489
Feb 2018,17,,"8,294,088",417
Feb 2018,17,Samuel Scott 3 inc,"6,713,479",334
Feb 2018,18,Ruth Fuentes inc,"988,173",48
Feb 2018,18,Aisha Hein inc,"364,268",15
Feb 2018,18,Terry Leonard inc,"272,163",13
Feb 2018,18,Susan Rhodes inc,"265,808",13
Feb 2018,18,Kirk Barton inc,"125,809",7
Feb 2018,19,Ella Rose 2 inc,"18,891,501",934
Feb 2018,19,Lori Joseph inc,"17,170,908",873
Feb 2018,19,Chad Tobar inc,"14,871,043",753
Feb 2018,19,,"11,343,509",550
Feb 2018,19,Tony Moore 3 inc,"10,637,555",524
Feb 2018,20,Justin Ganser inc,"4,095,105",217
Feb 2018,20,Natasha Bucher inc,"3,483,817",173
Feb 2018,20,,"1,518,888",77
Feb 2018,20,Sarah Harris 5 inc,"1,471,084",71
Feb 2018,20,Richard West 5 inc,"1,374,291",67
Feb 2018,21,,"1,709,500",84
Feb 2018,21,Eldridge Williams 2 inc,"1,364,461",69
Feb 2018,21,Thelma Cashen inc,"1,284,648",66
Feb 2018,21,Katherine Brown 4 inc,"1,206,624",58
Feb 2018,21,Toni Keith 2 inc,"1,151,356",61
Feb 2018,22,Phyllis Allen 2 inc,"619,977",30
Feb 2018,22,Allen Patrick inc,"475,818",20
Feb 2018,22,Daniel Browning inc,"465,874",19
Feb 2018,22,Paul Harris 6 inc,"392,501",17
Feb 2018,22,Fred Trent inc,"320,144",16
Feb 2018,23,Ellen Tait inc,"961,982",45
Feb 2018,23,Joseph Bailey 2 inc,"371,311",16
Feb 2018,23,Stacey Sharon inc,"291,187",15
Feb 2018,23,George Graham 3 inc,"269,270",12
Feb 2018,23,Bruce Smith 7 inc,"257,045",12
Feb 2018,24,,"1,057,057",51
Feb 2018,24,Cynthia Vargas 2 inc,"1,048,745",53
Feb 2018,24,Mariah Pugh inc,"873,850",44
Feb 2018,24,Dorthea Brewington inc,"660,022",35
Feb 2018,24,Marvin Quinnie inc,"652,194",29
Feb 2018,25,Kay Connolly inc,"5,064,111",253
Feb 2018,25,Kathryn Carson inc,"4,264,575",210
Feb 2018,25,,"3,699,659",182
Feb 2018,25,Rebecca Sales inc,"3,511,861",175
Feb 2018,25,John Taggart inc,"3,060,937",148
Feb 2018,26,Kristy Fonseca inc,"339,715",17
Feb 2018,26,Ivan Spruill inc,"195,015",8
Feb 2018,26,Samuel Miller 3 inc,"178,229",9
Feb 2018,26,Rebecca Kahalehoe inc,"149,397",6
Feb 2018,26,,"123,330",8
Feb 2018,28,,"644,524",33
Feb 2018,28,Lee Hodgkiss inc,"539,574",24
Feb 2018,28,Lauren Ansel inc,"477,131",25
Feb 2018,28,Jo Miland inc,"318,507",13
Feb 2018,28,Jennifer Chadwell inc,"297,787",14
Feb 2018,29,Kirsten Huse inc,"1,187,756",59
Feb 2018,29,,"385,131",19
Feb 2018,29,Tarsha Chance inc,"330,182",14
Feb 2018,29,Raymond Plaza inc,"324,636",14
Feb 2018,29,Robert Robinson 17 inc,"275,234",13
Feb 2018,30,Donald Ireland inc,"1,731,945",84
Feb 2018,30,Doris King 3 inc,"1,711,118",79
Feb 2018,30,Clarence Streater inc,"1,542,066",77
Feb 2018,30,Dennis Johnson 6 inc,"1,351,950",65
Feb 2018,30,,"1,144,962",61
Feb 2018,32,Harriet Reeder inc,"278,847",15
Feb 2018,32,Nellie Sheehan inc,"198,390",11
Feb 2018,32,Kenneth Burnette inc,"179,384",9
Feb 2018,32,Thomas Stone 2 inc,"177,137",10
Feb 2018,32,Mary Long 5 inc,"140,143",7
Feb 2018,33,,"835,108",43
Feb 2018,33,Ronald Johnson 17 inc,"812,922",44
Feb 2018,33,Kathy Manders inc,"649,146",30
Feb 2018,33,Pearl Newport inc,"545,249",26
Feb 2018,33,Douglas Magic inc,"543,229",30
Feb 2018,34,,"946,931",56
Feb 2018,34,Mitchell Kalhorn inc,"765,798",40
Feb 2018,34,Nina Conn inc,"735,292",37
Feb 2018,34,Alysia Ceovantes inc,"682,944",32
Feb 2018,34,Kris Endicott inc,"653,469",33
Feb 2018,35,Debra Stewart 2 inc,"228,275",9
Feb 2018,35,Bobby Ames inc,"210,529",13
Feb 2018,35,Lewis Wiley inc,"176,721",8
Feb 2018,35,Juanita Whitton inc,"130,522",6
Feb 2018,35,Thomas Costello 2 inc,"121,305",7
Feb 2018,36,Esther Diaz inc,"973,864",49
Feb 2018,36,Henrietta Cook inc,"691,878",42
Feb 2018,36,Teresa Volk inc,"505,594",26
Feb 2018,36,Arleen Otero inc,"415,054",20
Feb 2018,36,Ronald Jones 10 inc,"286,805",17
Feb 2018,38,Kris Phelps inc,"561,030",26
Feb 2018,38,Douglas Mccullen inc,"390,094",20
Feb 2018,38,Miranda Tiller inc,"389,036",18
Feb 2018,38,John Osgood inc,"354,349",20
Feb 2018,38,Annie Delrie 2 inc,"303,184",13
Feb 2018,39,Patricia Marble inc,"459,991",22
Feb 2018,39,John Wolfram inc,"249,379",12
Feb 2018,39,Jane Terry 3 inc,"244,459",11
Feb 2018,39,Julia Young 2 inc,"221,866",11
Feb 2018,39,Jonathan Dalley inc,"219,488",11
Feb 2018,40,Kay Tito inc,"284,836",15
Feb 2018,40,Karla Fernandez inc,"263,160",16
Feb 2018,40,Joanne Manning inc,"228,102",10
Feb 2018,40,Jacob Walter inc,"202,448",8
Feb 2018,40,Kenneth Fountain inc,"187,263",9
Feb 2018,41,Joyce Mendez inc,"1,318,770",62
Feb 2018,41,,"1,053,834",51
Feb 2018,41,Stella Walker inc,"955,388",50
Feb 2018,41,Richard Bower inc,"797,403",36
Feb 2018,41,Angela Peterson 3 inc,"633,263",35
Feb 2018,42,Louis Kahn inc,"1,012,332",47
Feb 2018,42,Glenn Richmond inc,"769,939",35
Feb 2018,42,Cynthia Northover inc,"752,862",37
Feb 2018,42,Carlene Phelps inc,"621,642",31
Feb 2018,42,Avis Leday inc,"535,109",25
Feb 2018,44,Bart Carney inc,"571,376",30
Feb 2018,44,Spencer Greenstreet inc,"276,587",15
Feb 2018,44,Jon Moore inc,"253,395",12
Feb 2018,44,Kathleen Parris inc,"162,380",7
Feb 2018,44,Helen Butler 4 inc,"157,680",8
Feb 2018,46,Asuncion Sandmeier inc,"603,758",30
Feb 2018,46,Rachel Carter 2 inc,"349,054",16
Feb 2018,46,Mariano Krenz inc,"331,292",16
Feb 2018,46,Milton Herrera inc,"320,439",16
Feb 2018,46,Josie Parrish inc,"280,415",14
Feb 2018,47,Carlos Cook inc,"248,191",14
Feb 2018,47,Nicole Chamberlain inc,"234,647",12
Feb 2018,47,Myrtle Hendrickson inc,"212,158",10
Feb 2018,47,Marion Whitaker inc,"187,623",8
Feb 2018,47,Andrea Hibner inc,"161,089",6
Feb 2018,48,Zelda Bozell inc,"1,145,603",59
Feb 2018,48,Stanley Cuevas inc,"1,096,362",52
Feb 2018,48,George Brown 11 inc,"710,100",36
Feb 2018,48,George Santos inc,"623,705",28
Feb 2018,48,Robert Wood 9 inc,"623,189",31
Feb 2018,49,Bernice Battles inc,"318,989",15
Feb 2018,49,Dale Nielsen inc,"278,947",14
Feb 2018,49,Carole Lotton inc,"232,823",14
Feb 2018,49,,"227,538",9
Feb 2018,49,Joan Holmes 2 inc,"213,627",10
Feb 2018,51,,"2,017,654",97
Feb 2018,51,Joanne Yannone inc,"1,569,732",79
Feb 2018,51,Micheal Styles inc,"1,518,748",72
Feb 2018,51,Mary Mraz inc,"1,447,349",71
Feb 2018,51,Irene Deschamps inc,"1,335,806",65
Feb 2018,52,Jean Biser inc,"869,033",42
Feb 2018,52,Kurt Sapp inc,"631,068",32
Feb 2018,52,Arthur Noel inc,"531,825",28
Feb 2018,52,Richard Bell 6 inc,"492,439",28
Feb 2018,52,David Young 7 inc,"470,564",23
Feb 2018,53,Cornelius Mattson inc,"4,719,983",249
Feb 2018,53,Keith Conley 3 inc,"4,225,338",198
Feb 2018,53,,"4,071,916",194
Feb 2018,53,Robert Murdock inc,"3,343,923",161
Feb 2018,53,Cynthia Phelps inc,"3,019,415",152
Feb 2018,54,Eloise Sorbo inc,"339,710",17
Feb 2018,54,Donald Hart inc,"151,693",7
Feb 2018,54,Michael Floyd 4 inc,"150,854",7
Feb 2018,54,Barbara Brantly inc,"117,020",6
Feb 2018,54,Michael Gifford inc,"111,417",4
Feb 2018,56,,"1,819,548",88
Feb 2018,56,Courtney Mansfield inc,"857,573",44
Feb 2018,56,Gerald Miller 3 inc,"745,203",36
Feb 2018,56,Robert Ballard 4 inc,"660,182",32
Feb 2018,56,Mary Varos inc,"639,058",32
Feb 2018,57,Jennifer Furr inc,"6,425,017",320
Feb 2018,57,Eddie Plunkett inc,"5,111,249",249
Feb 2018,57,Kenneth Huson inc,"4,993,704",240
Feb 2018,57,Rhonda Wheeler inc,"3,192,901",160
Feb 2018,57,,"3,114,416",159
Feb 2018,58,Trevor Najera inc,"953,036",53
Feb 2018,58,Karen Brendal inc,"600,946",30
Feb 2018,58,Jeannette Russell inc,"313,665",14
Feb 2018,58,Michael Devito inc,"268,103",13
Feb 2018,58,Isaac Senegal inc,"263,317",13
Feb 2018,60,Lucas Ohara inc,"3,671,637",175
Feb 2018,60,,"2,240,699",103
Feb 2018,60,Diane Perez 2 inc,"2,056,517",97
Feb 2018,60,Catherine Hurley inc,"1,843,586",92
Feb 2018,60,Mary James 10 inc,"1,173,268",54
Feb 2018,61,Benjamin Elliott 3 inc,"527,650",23
Feb 2018,61,Audrey Thrash inc,"301,056",15
Feb 2018,61,Carol Ritter 2 inc,"234,273",13
Feb 2018,61,Courtney Stine inc,"183,340",9
Feb 2018,61,Alvin Garrison inc,"175,848",9
Feb 2018,62,Rosemary Silva inc,"551,216",28
Feb 2018,62,,"548,013",26
Feb 2018,62,Richard Jones 18 inc,"490,286",25
Feb 2018,62,Rita Mcreynolds inc,"403,938",19
Feb 2018,62,Richard William inc,"392,970",18
Feb 2018,63,Nestor Wright inc,"674,639",32
Feb 2018,63,Jon Creasey inc,"432,105",21
Feb 2018,63,Robert Boyette inc,"344,413",17
Feb 2018,63,Johnathan Oldham inc,"310,058",15
Feb 2018,63,,"250,473",12
Feb 2018,64,Edgar Johnson 3 inc,"676,577",37
Feb 2018,64,Terri Gamez inc,"614,992",27
Feb 2018,64,Robert Smith 57 inc,"473,644",23
Feb 2018,64,Essie Chapman inc,"468,019",24
Feb 2018,64,Matthew Cassem inc,"445,752",24
Feb 2018,65,Richard Boehm inc,"213,387",12
Feb 2018,65,Melvina Regan inc,"189,866",8
Feb 2018,65,Emma Aikens inc,"169,728",10
Feb 2018,65,Anne Prill inc,"138,310",5
Feb 2018,65,Elton Lemons inc,"123,967",7
Feb 2018,66,Manuel Furlong inc,"639,172",32
Feb 2018,66,Peter Tse inc,"467,233",26
Feb 2018,66,Joel Vermeesch inc,"449,250",23
Feb 2018,66,Dora Tuck inc,"430,911",22
Feb 2018,66,Derrick Phillips 2 inc,"311,568",16
Feb 2018,68,Nola Bulow inc,"759,926",35
Feb 2018,68,Mary Franklin 4 inc,"269,380",12
Feb 2018,68,Jarvis Carrington inc,"265,169",13
Feb 2018,68,Tammy Brown 5 inc,"241,654",12
Feb 2018,68,Rufus Bowman inc,"163,449",9
Feb 2018,69,John Miller 7 inc,"572,143,383","28,523"
Feb 2018,69,Todd Turner 3 inc,"138,237,968","6,873"
Feb 2018,69,Tammy Nieves inc,"106,791,164","5,265"
Feb 2018,69,Henry Barnhill inc,"63,913,297","3,204"
Feb 2018,69,,"46,901,897","2,310"
Feb 2018,70,Ileen Niss inc,"667,482",34
Feb 2018,70,Margie Dillard inc,"537,780",29
Feb 2018,70,,"469,420",24
Feb 2018,70,Lisa Gillen inc,"375,947",18
Feb 2018,70,Gay Park inc,"262,930",15
Feb 2018,71,Edward Neider inc,"160,181",9
Feb 2018,71,Anna Blumberg inc,"154,679",8
Feb 2018,71,Cindy Perry 2 inc,"147,321",8
Feb 2018,71,Lenny Gilley inc,"115,536",4
Feb 2018,71,Walter Cook 3 inc,"111,052",7
Feb 2018,73,Kathleen Lavole inc,"509,078",26
Feb 2018,73,Marilyn Conatser inc,"383,186",16
Feb 2018,73,Tracey Herz inc,"366,360",16
Feb 2018,73,Michael Wiand inc,"281,501",12
Feb 2018,73,Sylvia Carter inc,"252,791",14
Feb 2018,74,Barbara Forney inc,"376,551",22
Feb 2018,74,Donna Talley 2 inc,"366,458",17
Feb 2018,74,John Price 9 inc,"301,848",14
Feb 2018,74,Richard Zelkind inc,"256,891",11
Feb 2018,74,Joshua Salazar inc,"245,414",13
Feb 2018,75,William Gomez 5 inc,"626,193",31
Feb 2018,75,Everett Hertzler inc,"335,071",16
Feb 2018,75,Angel Raper inc,"319,962",17
Feb 2018,75,,"250,141",12
Feb 2018,75,Lyman Gray inc,"207,376",9
Feb 2018,76,Bridget Kisner inc,"8,327,219",422
Feb 2018,76,Valerie Fitch inc,"2,904,447",145
Feb 2018,76,Karen Ohare inc,"2,658,680",128
Feb 2018,76,Bill Prosser inc,"2,007,243",100
Feb 2018,76,Robert Capo inc,"1,917,844",90
Feb 2018,77,David Alto inc,"433,476",21
Feb 2018,77,William Schwerdtfeger inc,"291,222",15
Feb 2018,77,Luis Rembert inc,"277,289",11
Feb 2018,77,Jorge Taber inc,"197,959",8
Feb 2018,77,Janay Mcintire inc,"155,393",8
Feb 2018,78,Kenneth Mullen inc,"1,060,117",51
Feb 2018,78,James Nesbit 2 inc,"746,719",41
Feb 2018,78,Humberto Ruiz inc,"657,778",32
Feb 2018,78,Walter Vanderpool inc,"609,558",30
Feb 2018,78,Richard Hunsaker inc,"567,647",30
Feb 2018,79,Stephen Krummel inc,"968,540",53
Feb 2018,79,Sabrina Arnold 2 inc,"826,456",41
Feb 2018,79,Ronald Miller 5 inc,"820,827",42
Feb 2018,79,Esther Ellard inc,"368,288",17
Feb 2018,79,Martin Adkins inc,"356,363",19
Feb 2018,80,Eugene Pell inc,"356,393",18
Feb 2018,80,Theodore Martine inc,"283,946",14
Feb 2018,80,James Hays inc,"275,928",12
Feb 2018,80,Ethel Hutchison inc,"225,762",12
Feb 2018,80,Bobby Foster 2 inc,"217,682",7
Feb 2018,81,Maria Heller inc,"315,914",16
Feb 2018,81,William Silsby inc,"246,278",10
Feb 2018,81,Debbie Wilkerson inc,"158,176",9
Feb 2018,81,Ronald Huttar inc,"151,069",9
Feb 2018,81,Julie Schultz inc,"112,341",5
Feb 2018,82,Marie Husband inc,"1,183,730",60
Feb 2018,82,Allen Emmons inc,"384,154",20
Feb 2018,82,Joan Buckley inc,"370,525",19
Feb 2018,82,Peter Davis 2 inc,"333,087",14
Feb 2018,82,Robert Broyles 2 inc,"266,813",12
Feb 2018,83,Joyce Whitehead inc,"389,804",19
Feb 2018,83,Tyrone Thompson 2 inc,"278,333",14
Feb 2018,83,Antonio Burdett inc,"246,239",13
Feb 2018,83,Kenneth Hudson inc,"235,110",13
Feb 2018,83,Barry Schuh inc,"181,875",9
Feb 2018,84,Daniel Helmick inc,"328,605",17
Feb 2018,84,Nichole Wilson inc,"289,096",12
Feb 2018,84,Jeff Wyman inc,"200,978",11
Feb 2018,84,Carmen Rapier inc,"160,341",7
Feb 2018,84,,"140,818",7
Feb 2018,85,Bobby Mills inc,"404,388",17
Feb 2018,85,Katherine Beaucage inc,"264,554",11
Feb 2018,85,Joseph Allen 5 inc,"259,861",12
Feb 2018,85,Bernard Nisbett inc,"253,756",14
Feb 2018,85,Michael Smithson inc,"203,085",9
Feb 2018,86,Jim Wheeless inc,"212,286",9
Feb 2018,86,Carol Thomas 2 inc,"185,079",12
Feb 2018,86,Roxanne Conley inc,"126,539",5
Feb 2018,86,Helen Ochoa inc,"119,761",5
Feb 2018,86,David Butler 4 inc,"104,605",4
Feb 2018,87,Doug Moran inc,"6,286,656",302
Feb 2018,87,Frank Garcia 2 inc,"6,225,600",300
Feb 2018,87,Tessie Jaramillo inc,"5,769,320",293
Feb 2018,87,Joe Montgomery inc,"4,978,508",259
Feb 2018,87,,"4,865,762",239
Feb 2018,88,Deidre Bright inc,"10,575,645",529
Feb 2018,88,Heather Ramberg inc,"9,959,749",496
Feb 2018,88,Samantha Jackson inc,"9,665,530",466
Feb 2018,88,Ronald Hussein inc,"7,979,431",390
Feb 2018,88,,"7,138,566",360
Feb 2018,89,Carl Fonseca inc,"322,658",16
Feb 2018,89,Sheila Clayton inc,"319,658",15
Feb 2018,89,George Hicks 2 inc,"168,620",8
Feb 2018,89,James Roderick inc,"123,437",7
Feb 2018,89,Tony Sandoval inc,"110,060",5
Feb 2018,90,,"851,392",39
Feb 2018,90,Araceli Crotts inc,"613,107",26
Feb 2018,90,Brian Moffatt inc,"608,934",27
Feb 2018,90,Kevin Watkins 2 inc,"506,630",26
Feb 2018,90,Brett Dejohn inc,"487,197",23
Feb 2018,91,Robert Rainville inc,"748,736",37
Feb 2018,91,John Flowers 3 inc,"505,832",24
Feb 2018,91,Juana Bouchard inc,"379,560",16
Feb 2018,91,Christine Devine inc,"374,284",18
Feb 2018,91,,"309,249",17
Feb 2018,92,Kenneth Lynn inc,"119,880",6
Feb 2018,92,Laura Coleman inc,"49,969",2
Feb 2018,92,,"29,889",1
Feb 2018,92,Marilyn Kirby inc,"29,065",1
Feb 2018,92,Alex Baker 2 inc,"23,087",1
Feb 2018,94,Zachary Solis inc,"648,452",33
Feb 2018,94,Dora Dermody inc,"610,975",27
Feb 2018,94,Pamela Cook 2 inc,"295,249",12
Feb 2018,94,Christopher Williams 14 inc,"272,320",13
Feb 2018,94,Brian Jones 8 inc,"269,301",16
Feb 2018,96,Quinton Nelson inc,"1,352,851",66
Feb 2018,96,Lane Cross inc,"1,257,733",64
Feb 2018,96,James Walker 16 inc,"1,192,636",55
Feb 2018,96,Karen Holsten inc,"1,051,384",52
Feb 2018,96,,"1,005,101",50
Feb 2018,97,Richard Caskey inc,"1,346,550",69
Feb 2018,97,Beverly Lee inc,"575,721",32
Feb 2018,97,Armando Duke inc,"445,986",21
Feb 2018,97,Louis Rea inc,"417,118",21
Feb 2018,97,David Lightfoot 2 inc,"314,468",14
Feb 2018,98,Marc Standard inc,"764,415",33
Feb 2018,98,,"722,209",33
Feb 2018,98,Mavis Willis inc,"474,303",23
Feb 2018,98,Dwight Alexander inc,"405,466",18
Feb 2018,98,Tara Miller inc,"381,446",19
Feb 2018,100,Shelly Pitts inc,"631,926",33
Feb 2018,100,Candace Morton inc,"579,373",33
Feb 2018,100,Earl Brown 2 inc,"411,351",19
Feb 2018,100,Leon Newell inc,"325,546",15
Feb 2018,100,Billy Jackson inc,"253,723",12
Feb 2018,101,Derek Davis 2 inc,"511,812",24
Feb 2018,101,Scott Delarosa inc,"387,234",21
Feb 2018,101,Andrew Wood 2 inc,"304,789",14
Feb 2018,101,Terry Pool inc,"240,344",14
Feb 2018,101,David Diga inc,"231,320",14
Feb 2018,102,Barry Hart inc,"901,656",45
Feb 2018,102,Cleta Ro inc,"573,773",27
Feb 2018,102,Kimberly Luna inc,"478,226",24
Feb 2018,102,Mary Derby inc,"475,969",24
Feb 2018,102,Kurt Palmer 2 inc,"365,219",17
Feb 2018,103,David Nelson 9 inc,"184,528",10
Feb 2018,103,Felix West inc,"164,764",7
Feb 2018,103,,"135,690",7
Feb 2018,103,Carl Casiano inc,"108,362",5
Feb 2018,103,Austin Talty inc,"104,205",6
Feb 2018,104,Lillian Riffel inc,"544,623",25
Feb 2018,104,Joseph Jacobs inc,"441,112",22
Feb 2018,104,Laura Johnson 8 inc,"435,235",19
Feb 2018,104,Donald Rhode inc,"202,998",9
Feb 2018,104,Jeffery Wills inc,"191,788",12
Feb 2018,105,Eusebio Steese inc,"1,296,170",67
Feb 2018,105,,"290,773",15
Feb 2018,105,Shawna Ward inc,"286,793",16
Feb 2018,105,Manuel Oglesby inc,"238,957",10
Feb 2018,105,Corinne Labeau inc,"223,248",12
Feb 2018,106,Antonia Greenberg inc,"365,461",19
Feb 2018,106,Debbie Mitchell inc,"312,643",16
Feb 2018,106,Tamara Vasquez inc,"293,251",15
Feb 2018,106,Thomas Crowe 2 inc,"291,634",12
Feb 2018,106,Bryan Porterfield inc,"259,612",15
Feb 2018,107,Julius Kutz inc,"3,575,292",178
Feb 2018,107,Tim Crosby inc,"2,792,394",139
Feb 2018,107,Michael Truelove inc,"2,205,550",108
Feb 2018,107,,"1,727,821",85
Feb 2018,107,Mary Duke 3 inc,"1,701,413",86
Feb 2018,108,Suzanne Hammond inc,"334,308",15
Feb 2018,108,Opal Love inc,"198,129",8
Feb 2018,108,Jerry Lingbeek inc,"169,671",9
Feb 2018,108,Delois Mcdaniel inc,"132,451",6
Feb 2018,108,Jeannine Lockett inc,"127,978",5
Feb 2018,109,Jose Ortega inc,"1,188,531",57
Feb 2018,109,,"777,770",36
Feb 2018,109,Lucille Knights inc,"601,625",32
Feb 2018,109,Maria Jobson inc,"516,152",25
Feb 2018,109,Rosemary Lee 4 inc,"358,931",16
Feb 2018,110,Donna Gonzalez 4 inc,"3,926,296",203
Feb 2018,110,,"1,256,497",61
Feb 2018,110,Mae Brown inc,"1,208,906",64
Feb 2018,110,Connie Thompson 2 inc,"1,141,090",59
Feb 2018,110,Wanda Hill inc,"651,670",33
Feb 2018,111,David Kilpatrick inc,"494,112",25
Feb 2018,111,Marlon Braund inc,"455,206",22
Feb 2018,111,Maureen Pereira inc,"434,321",22
Feb 2018,111,Janice Rogers inc,"421,667",19
Feb 2018,111,John Poremski inc,"374,116",18
Feb 2018,112,Douglas Richner inc,"237,070",13
Feb 2018,112,Marcus Davis inc,"185,007",8
Feb 2018,112,Linda Black inc,"146,762",6
Feb 2018,112,Tracy Mathews inc,"117,800",7
Feb 2018,112,Deloris Shetler inc,"89,782",5
Feb 2018,113,Edward Howell inc,"230,151",12
Feb 2018,113,Arlene Lehmberg inc,"217,870",11
Feb 2018,113,Roger Jones 5 inc,"194,584",8
Feb 2018,113,Rosalie Frizell inc,"181,248",8
Feb 2018,113,,"179,113",8
Feb 2018,114,Kellie Aguilar inc,"495,332",25
Feb 2018,114,Joann Vidinha inc,"202,503",11
Feb 2018,114,Holly Stinnett inc,"183,972",9
Feb 2018,114,Leonard Crawford inc,"179,088",10
Feb 2018,114,Joseph Kelley inc,"175,712",7
Feb 2018,115,Gus Augustine inc,"454,005",20
Feb 2018,115,Johnny Ahmed inc,"311,646",15
Feb 2018,115,John Campbell 11 inc,"285,839",14
Feb 2018,115,Virginia Grissom inc,"230,462",12
Feb 2018,115,Alicia King 2 inc,"226,697",11
Feb 2018,116,Mildred Leitheiser inc,"1,622,858",81
Feb 2018,116,Anthony Wangler inc,"1,391,384",69
Feb 2018,116,Novella Yates inc,"1,374,553",70
Feb 2018,116,Mary Perez 10 inc,"942,997",49
Feb 2018,116,Ruby Conley inc,"824,902",43
Feb 2018,117,Theresa Martin 3 inc,"2,890,645",137
Feb 2018,117,Dion Cantu inc,"2,520,928",128
Feb 2018,117,Michael Farruggio inc,"2,380,424",118
Feb 2018,117,Catherine Tanner inc,"1,982,492",98
Feb 2018,117,,"1,519,312",84
Feb 2018,118,Cristy Key inc,"393,985",21
Feb 2018,118,,"190,512",9
Feb 2018,118,Pamela Lamb inc,"157,206",8
Feb 2018,118,Gary Hinde inc,"151,772",7
Feb 2018,118,Thomas Sanchez 3 inc,"109,368",5
Feb 2018,119,Vanessa Thomas 2 inc,"401,267",20
Feb 2018,119,Paul Reigle inc,"350,311",16
Feb 2018,119,Michael Shade 2 inc,"324,347",13
Feb 2018,119,James David 2 inc,"291,812",13
Feb 2018,119,Chastity Lara inc,"279,046",12
Feb 2018,120,Timothy Blackman inc,"581,322",29
Feb 2018,120,Sandra Summers inc,"518,515",27
Feb 2018,120,Denise Fowler 2 inc,"238,394",11
Feb 2018,120,Patricia Nebergall inc,"215,124",12
Feb 2018,120,Beverly Rudd inc,"175,921",8
Feb 2018,122,Karen Holsten inc,"307,798",13
Feb 2018,122,Roberta Malcolm inc,"186,227",9
Feb 2018,122,Kathleen Lansdell inc,"109,376",4
Feb 2018,122,Jordan Desalvo inc,"87,847",3
Feb 2018,122,Terisa Smith inc,"71,918",3
Feb 2018,123,Alan Shannon inc,"724,600",34
Feb 2018,123,Rita Barber inc,"629,457",33
Feb 2018,123,Cecila Ragusa inc,"410,334",19
Feb 2018,123,Linda Stoeffler inc,"406,777",19
Feb 2018,123,Kurt Garcia inc,"290,830",14
Feb 2018,124,Betty Mcdonald 2 inc,"657,336",32
Feb 2018,124,Queen Sawyer inc,"418,254",18
Feb 2018,124,Richard Blevins inc,"408,651",20
Feb 2018,124,Weston Cyree inc,"372,261",17
Feb 2018,124,Micheal Thompson inc,"279,726",15
Feb 2018,125,Brent Higgins inc,"671,720",28
Feb 2018,125,Anthony Cain 2 inc,"605,946",27
Feb 2018,125,Alex Purtell inc,"605,170",30
Feb 2018,125,Bobbi Sartain inc,"535,555",27
Feb 2018,125,Alton Ayala inc,"472,875",25
Feb 2018,126,Kristi Radford inc,"799,214",43
Feb 2018,126,Alice Freitag inc,"673,810",31
Feb 2018,126,Raymond Lansdell inc,"488,397",24
Feb 2018,126,Laura Havard inc,"486,025",24
Feb 2018,126,Kevin Chang inc,"404,231",23
Feb 2018,128,William Benningfield inc,"1,203,463",65
Feb 2018,128,Terri Jackson 2 inc,"927,194",47
Feb 2018,128,Pamela Pickett inc,"414,171",18
Feb 2018,128,Robert Yodis inc,"349,339",21
Feb 2018,128,Eva Moffat inc,"321,579",16
Feb 2018,129,Jackson Tweedy inc,"696,422",33
Feb 2018,129,Barbara Sasaki inc,"596,252",32
Feb 2018,129,,"486,801",22
Feb 2018,129,Robert Dockery inc,"481,181",26
Feb 2018,129,Sabrina Holley inc,"468,352",24
Feb 2018,130,Virginia Mustafa inc,"354,411",14
Feb 2018,130,Kevin Peters inc,"206,465",10
Feb 2018,130,Laura Salazar 2 inc,"161,609",8
Feb 2018,130,Paula Williamson inc,"133,458",5
Feb 2018,130,,"127,113",5
Feb 2018,131,Christian Penn inc,"1,263,358",67
Feb 2018,131,Christen Harlow inc,"1,003,953",50
Feb 2018,131,Bill Brainard inc,"893,100",46
Feb 2018,131,Barry Sutherland inc,"831,205",49
Feb 2018,131,Robert Lehman inc,"721,191",36
Feb 2018,133,Dean Noggle inc,"284,035",14
Feb 2018,133,George Cecchini inc,"151,935",7
Feb 2018,133,Tyler Sharpe inc,"151,659",7
Feb 2018,133,Andrea Grubbs inc,"151,373",7
Feb 2018,133,Peter Shannon inc,"132,499",8
Feb 2018,135,Michael King 9 inc,"840,619",40
Feb 2018,135,Hugh Ford inc,"395,440",22
Feb 2018,135,Isaiah Wilkinson inc,"346,434",16
Feb 2018,135,Armida Mullen inc,"334,813",18
Feb 2018,135,Martha Jacobson inc,"292,816",14
Feb 2018,136,Justin Pellicone inc,"707,652",37
Feb 2018,136,Boyd Delosh inc,"618,968",31
Feb 2018,136,Mark Parrish inc,"539,573",25
Feb 2018,136,Don Kuboushek inc,"470,386",24
Feb 2018,136,Michelle Delrio inc,"448,869",21
Feb 2018,137,Charles Cota inc,"9,154,342",438
Feb 2018,137,Liana Ramos inc,"7,653,832",390
Feb 2018,137,George Caporiccio inc,"7,607,242",376
Feb 2018,137,Rebecca Ross inc,"5,119,762",248
Feb 2018,137,,"3,795,439",186
Feb 2018,138,Barbara Brantly inc,"2,398,880",120
Feb 2018,138,Jessica Wilson inc,"1,633,672",77
Feb 2018,138,Ricardo Simpson inc,"1,522,009",75
Feb 2018,138,,"1,381,613",68
Feb 2018,138,Charlotte Lovell 2 inc,"1,169,479",59
Feb 2018,139,Irene Rutledge inc,"743,943",33
Feb 2018,139,Jean Rogers 2 inc,"499,286",23
Feb 2018,139,Margie Alford inc,"440,052",22
Feb 2018,139,Elaine Chapman inc,"302,753",16
Feb 2018,139,Caroline Green inc,"251,797",13
Feb 2018,140,,"16,703,516",810
Feb 2018,140,Janet Mendiola inc,"3,206,119",152
Feb 2018,140,Robert Molina 2 inc,"1,718,046",85
Feb 2018,140,Eugene Lovelace inc,"1,536,949",72
Feb 2018,140,Raymond Franklin inc,"1,319,241",63
Feb 2018,142,Manuel Lanehart inc,"370,174",20
Feb 2018,142,Steve Swartz inc,"322,598",14
Feb 2018,142,Janet Banks inc,"216,662",11
Feb 2018,142,Alejandro Jenkins 2 inc,"100,244",5
Feb 2018,142,Annette Abston inc,"96,961",5
Feb 2018,143,Helen Kern inc,"19,040,145",951
Feb 2018,143,,"9,996,165",499
Feb 2018,143,Scott Hepburn inc,"9,526,712",475
Feb 2018,143,Rose Garner inc,"9,076,195",454
Feb 2018,143,Alan Eisenhower inc,"7,032,189",355
Feb 2018,144,Andres Knight inc,"462,175",23
Feb 2018,144,Patricia Saucedo inc,"419,226",21
Feb 2018,144,Kristofer Oquinn inc,"407,147",20
Feb 2018,144,Robert Mccain inc,"322,082",17
Feb 2018,144,,"300,791",17
Feb 2018,145,Helen Brown 6 inc,"663,338",36
Feb 2018,145,Courtney Eckert inc,"546,167",26
Feb 2018,145,Martin Long inc,"457,619",28
Feb 2018,145,Matt Harris inc,"324,452",15
Feb 2018,145,Emmett Christian inc,"255,991",14
Feb 2018,146,Mary Kirby 2 inc,"544,176",27
Feb 2018,146,Sandra Kalkman inc,"370,860",19
Feb 2018,146,Charles Turpin 3 inc,"365,521",17
Feb 2018,146,Benjamin Parsley inc,"259,447",14
Feb 2018,146,Karen Bolger inc,"234,148",13
Feb 2018,147,Trevor Dean inc,"1,060,653",57
Feb 2018,147,Thomas Chipps inc,"1,056,069",47
Feb 2018,147,Emma Laird inc,"905,886",47
Feb 2018,147,Patricia Dodson inc,"894,259",43
Feb 2018,147,Rachel Kennedy 2 inc,"704,341",38
Feb 2018,148,Tricia Dozier inc,"902,789",44
Feb 2018,148,Christopher Mcdonald inc,"792,655",36
Feb 2018,148,John Barocio inc,"371,407",21
Feb 2018,148,Floyd Head inc,"366,896",20
Feb 2018,148,Nicolas Flaming inc,"322,608",15
Feb 2018,149,Alexandria Sarmiento inc,"8,334,172",424
Feb 2018,149,Kenneth Larson inc,"5,514,536",267
Feb 2018,149,Jerold Caldwell inc,"5,133,226",251
Feb 2018,149,,"4,352,120",214
Feb 2018,149,Kelly Perez 2 inc,"3,538,980",173
Feb 2018,150,Effie Mayfield inc,"942,384",47
Feb 2018,150,William Trotter inc,"447,703",22
Feb 2018,150,,"356,444",18
Feb 2018,150,Theresa Woods inc,"248,259",11
Feb 2018,150,Joe Joiner 2 inc,"248,172",12
Feb 2018,151,Elfriede Jones inc,"370,652",19
Feb 2018,151,Larry Bush inc,"241,798",13
Feb 2018,151,Shakita Jones inc,"212,582",10
Feb 2018,151,Carlos Morgan 2 inc,"162,753",9
Feb 2018,151,Cleo Shapiro inc,"142,118",8
Feb 2018,153,Martha Goldstein inc,"310,611",16
Feb 2018,153,Gary Neri inc,"271,045",13
Feb 2018,153,Joseph Davanzo inc,"193,229",10
Feb 2018,153,Jimmy Scully inc,"189,617",9
Feb 2018,153,William Smith 46 inc,"168,392",8
Feb 2018,155,,"885,780",42
Feb 2018,155,Susie Wynn inc,"808,356",38
Feb 2018,155,Lena Napolitano inc,"595,280",29
Feb 2018,155,Manuel Edwards inc,"574,505",29
Feb 2018,155,Rene Strickland inc,"531,811",25
Feb 2018,156,Christopher Butts 2 inc,"795,362",43
Feb 2018,156,Gary Finley inc,"582,994",28
Feb 2018,156,Della Dudziak inc,"462,500",23
Feb 2018,156,Bart Massey inc,"425,100",19
Feb 2018,156,,"411,954",23
Feb 2018,157,Helen Burnsworth inc,"2,155,716",95
Feb 2018,157,Loree Hansen inc,"660,783",30
Feb 2018,157,Christopher Mcwilliams inc,"430,756",19
Feb 2018,157,Robert Jenkins 7 inc,"363,376",18
Feb 2018,157,Pearl Stone inc,"336,163",14
Feb 2018,158,Darryl Revak inc,"15,091,153",748
Feb 2018,158,Dee Gallager inc,"14,657,114",723
Feb 2018,158,,"11,280,280",578
Feb 2018,158,Robert Cruz 2 inc,"10,427,344",520
Feb 2018,158,Bridget Patterson inc,"8,882,515",443
Feb 2018,159,Roy Coats inc,"2,715,515",135
Feb 2018,159,Sean Groover inc,"1,005,617",52
Feb 2018,159,Monique Armstrong inc,"615,079",33
Feb 2018,159,Lorenzo Hawkins inc,"589,128",33
Feb 2018,159,Larry Stegall inc,"557,501",29
Feb 2018,160,Tiffany Robinson 2 inc,"47,426,013","2,374"
Feb 2018,160,Richard Mccabe inc,"10,260,758",529
Feb 2018,160,Eliz Prater inc,"5,481,270",273
Feb 2018,160,Laurena Parks inc,"3,609,490",175
Feb 2018,160,Patricia Sharp 2 inc,"3,252,334",156
Feb 2018,161,Joyce Fletcher inc,"2,781,889",133
Feb 2018,161,Delbert Plater inc,"2,008,149",97
Feb 2018,161,Carol Hardy 2 inc,"1,522,509",71
Feb 2018,161,,"1,490,192",77
Feb 2018,161,Claire Mcclendon inc,"1,481,886",80
Feb 2018,162,Pedro Roberts 2 inc,"957,334",51
Feb 2018,162,Jennifer Rudio inc,"886,300",39
Feb 2018,162,Maureen Werre inc,"738,847",33
Feb 2018,162,Emelia Foulk inc,"586,094",27
Feb 2018,162,Sanford Myers inc,"544,635",29
Feb 2018,163,Richard Rosa inc,"967,960",49
Feb 2018,163,Kathy Briggs inc,"582,393",30
Feb 2018,163,Linda Rogers 6 inc,"407,910",24
Feb 2018,163,Helen Mccutchan inc,"405,142",22
Feb 2018,163,Luigi Hammond inc,"303,341",17
Feb 2018,165,Pat Harper inc,"345,985",18
Feb 2018,165,Frank Vue inc,"246,260",12
Feb 2018,165,Michael Mabry inc,"240,903",12
Feb 2018,165,Mary Stamper inc,"229,551",11
Feb 2018,165,Jessie Carey inc,"224,459",11
Feb 2018,166,Michelle Marrero 2 inc,"520,581",26
Feb 2018,166,Opal Siegel inc,"500,008",21
Feb 2018,166,Linda Ready inc,"398,206",19
Feb 2018,166,Rodney Hatton inc,"338,858",16
Feb 2018,166,Ali Newsome inc,"285,157",15
Feb 2018,167,Betty Brown 9 inc,"1,363,790",72
Feb 2018,167,Marion Greer inc,"379,364",19
Feb 2018,167,Wiley Woodlin inc,"271,739",11
Feb 2018,167,Mauricio Couto inc,"247,514",10
Feb 2018,167,Judith Korn inc,"212,577",11
Feb 2018,168,Kim Hartly inc,"763,210",39
Feb 2018,168,Mary Gallegos 2 inc,"635,607",30
Feb 2018,168,Kristin Mcmurray inc,"624,888",31
Feb 2018,168,David Reyes 2 inc,"600,186",29
Feb 2018,168,Richard James 5 inc,"579,124",33
Feb 2018,169,,"3,002,355",149
Feb 2018,169,Tom Judge inc,"2,027,818",101
Feb 2018,169,Son Abraham inc,"2,004,593",97
Feb 2018,169,Helen Mckean inc,"1,994,580",95
Feb 2018,169,Louis Mccall inc,"1,782,695",90
Feb 2018,170,Mamie James inc,"910,614",43
Feb 2018,170,Thelma Metayer inc,"636,512",35
Feb 2018,170,Rebecca Smart inc,"524,977",25
Feb 2018,170,,"330,524",15
Feb 2018,170,Jack Terry 2 inc,"261,826",14
Feb 2018,171,Sandra Wells inc,"2,272,008",109
Feb 2018,171,David Holmes 4 inc,"1,412,365",67
Feb 2018,171,Leanora Marshall inc,"1,101,251",53
Feb 2018,171,Bryan Harris 4 inc,"849,949",40
Feb 2018,171,Sabra Underdown inc,"637,258",27
Feb 2018,172,Jennie Gibbs inc,"775,163",40
Feb 2018,172,Tommy Mcfarland inc,"595,293",31
Feb 2018,172,Carlos Miller inc,"506,429",23
Feb 2018,172,Thomas Howard 3 inc,"492,637",22
Feb 2018,172,Vernon Gross 2 inc,"480,803",23
Feb 2018,173,Robert Doyle 3 inc,"1,509,825",70
Feb 2018,173,Yolanda Panzarella inc,"904,737",46
Feb 2018,173,Robert Warne inc,"775,642",38
Feb 2018,173,Betty Mcelvaine inc,"705,319",34
Feb 2018,173,Ruth Sutherland inc,"597,728",28
Feb 2018,174,Cody Leonard inc,"1,291,937",61
Feb 2018,174,Andrea Claybrook inc,"754,590",37
Feb 2018,174,,"562,436",27
Feb 2018,174,Amy Linton inc,"560,581",27
Feb 2018,174,Karen Coffman inc,"540,220",25
Feb 2018,175,Judy Fujimoto inc,"535,842",26
Feb 2018,175,Betty Larson inc,"506,571",25
Feb 2018,175,Rebecca Kelly 2 inc,"392,205",22
Feb 2018,175,Edward Cook 3 inc,"327,232",17
Feb 2018,175,Eugene Santelli inc,"317,425",16
Feb 2018,178,Maria Allen 4 inc,"461,472",21
Feb 2018,178,Hillary Wells inc,"178,285",8
Feb 2018,178,Sandra Kimball inc,"127,917",7
Feb 2018,178,Lamont Miyashiro inc,"107,824",6
Feb 2018,178,Juanita Mbonu inc,"100,083",5
Feb 2018,179,Michael Swirsky inc,"6,605,925",330
Feb 2018,179,Gladys Castillo inc,"1,960,965",93
Feb 2018,179,Curtis Banks inc,"1,724,785",88
Feb 2018,179,Judy Lutz inc,"1,353,051",68
Feb 2018,179,Alan Poe inc,"1,054,169",50
Feb 2018,180,Anna Harrison inc,"1,331,541",70
Feb 2018,180,Denise Sievers inc,"527,954",25
Feb 2018,180,Alexandra Green inc,"474,548",21
Feb 2018,180,James Mcclendon inc,"232,263",9
Feb 2018,180,Richard Spencer 2 inc,"230,616",12
Feb 2018,181,Juan Walsh 2 inc,"1,191,047",56
Feb 2018,181,,"1,001,373",48
Feb 2018,181,Edith Roll inc,"698,897",36
Feb 2018,181,Gregg Verde inc,"606,428",32
Feb 2018,181,Grant Son inc,"386,688",20
Feb 2018,182,Julia Cope inc,"1,368,727",65
Feb 2018,182,Jason Lopez 2 inc,"501,763",22
Feb 2018,182,Harold Strand inc,"416,722",24
Feb 2018,182,Betty Pew inc,"388,927",19
Feb 2018,182,Janice Wilson 2 inc,"190,650",9
Feb 2018,183,Shanon Battle inc,"790,202",38
Feb 2018,183,Angela Jackson 5 inc,"444,921",22
Feb 2018,183,John Otoole inc,"325,998",17
Feb 2018,183,William Munroe inc,"284,927",14
Feb 2018,183,,"267,836",16
Feb 2018,184,Tracy Webster inc,"429,647",21
Feb 2018,184,Charlotte Valdez inc,"341,419",19
Feb 2018,184,Judith Hewitt inc,"319,802",15
Feb 2018,184,Cheryl Pike inc,"309,018",14
Feb 2018,184,Christopher Waage inc,"291,010",17
Feb 2018,185,Sebastian Molino inc,"7,064",1
Feb 2018,186,Larry Reid inc,"679,720",35
Feb 2018,186,Brett Richardson inc,"432,215",19
Feb 2018,186,Christine Paulino inc,"317,346",16
Feb 2018,186,Cora Brown inc,"291,515",11
Feb 2018,186,Paul Bock inc,"198,029",9
Feb 2018,187,,"772,051",37
Feb 2018,187,Joseph Miles inc,"442,480",21
Feb 2018,187,Ronald Morgan inc,"425,886",21
Feb 2018,187,Terence Harstad inc,"381,102",19
Feb 2018,187,Roberto Alexander inc,"304,768",16
Feb 2018,188,James Pittsley inc,"805,034",38
Feb 2018,188,Linda Alexander inc,"669,124",35
Feb 2018,188,Thomas Thompson 9 inc,"662,806",31
Feb 2018,188,Joseph Jones 15 inc,"654,389",34
Feb 2018,188,Ryan Widell inc,"644,373",30
Feb 2018,189,Andrew Eastman inc,"1,684,179",82
Feb 2018,189,,"1,435,281",69
Feb 2018,189,Gertrude Espinosa inc,"889,694",47
Feb 2018,189,Diane Allen 2 inc,"718,764",33
Feb 2018,189,Christina Chamberlain inc,"683,669",39
Feb 2018,190,Jay Hokanson inc,"682,865",33
Feb 2018,190,Denise Marquez 2 inc,"367,450",16
Feb 2018,190,,"343,473",18
Feb 2018,190,Thomas Voyer inc,"301,342",15
Feb 2018,190,Fletcher Watson inc,"298,749",12
Feb 2018,191,Frank Lundborg inc,"587,565",29
Feb 2018,191,,"490,607",26
Feb 2018,191,Patrick Heiden inc,"437,146",21
Feb 2018,191,Heather Harris 5 inc,"343,419",15
Feb 2018,191,Phillip Lewis 3 inc,"304,209",13
Feb 2018,193,,"522,925",25
Feb 2018,193,Adan Ellis inc,"470,449",22
Feb 2018,193,Lisa Plummer inc,"462,618",24
Feb 2018,193,Donald Davis 9 inc,"420,984",21
Feb 2018,193,Dorothy Woods inc,"398,721",18
Feb 2018,194,Alison Magallanes inc,"812,404",42
Feb 2018,194,Walter Washington 2 inc,"407,363",20
Feb 2018,194,Sandra Patterson 2 inc,"358,090",16
Feb 2018,194,Irma Bales inc,"284,991",15
Feb 2018,194,Kimberly Peterson 2 inc,"271,808",13
Feb 2018,195,Casey Dawkins inc,"628,144",33
Feb 2018,195,Klara Ibanez inc,"386,669",20
Feb 2018,195,Kenneth Situ inc,"283,504",14
Feb 2018,195,James Everhart 2 inc,"257,030",13
Feb 2018,195,Carl Smith 6 inc,"223,079",14
Feb 2018,197,Claudia Rodriguez inc,"739,428",41
Feb 2018,197,Gregory Bettis inc,"355,080",20
Feb 2018,197,Randi Duke inc,"352,956",18
Feb 2018,197,Lori Mize inc,"346,731",17
Feb 2018,197,Chad Tobar inc,"279,587",15
Feb 2018,198,Michael Howe 2 inc,"345,964",16
Feb 2018,198,Jose Emerson inc,"304,894",14
Feb 2018,198,Nancy Foley inc,"240,561",11
Feb 2018,198,Charles Fritter inc,"236,753",11
Feb 2018,198,Barbara Christian inc,"220,483",10
Feb 2018,199,Crystal Dwyer inc,"1,861,732",93
Feb 2018,199,Elbert Six inc,"1,200,742",63
Feb 2018,199,Daryl Taylor inc,"1,016,797",52
Feb 2018,199,Roger Serrano inc,"988,177",48
Feb 2018,199,Judy Evans 3 inc,"857,718",37
Feb 2018,200,,"1,884,889",90
Feb 2018,200,Juan Sojka inc,"1,784,506",86
Feb 2018,200,Latanya Crofton inc,"1,662,894",81
Feb 2018,200,Teresa Ellis inc,"1,575,484",76
Feb 2018,200,Sandra Davenport inc,"1,383,479",69
Feb 2018,201,James Howell 7 inc,"484,316",27
Feb 2018,201,Patricia Cornish inc,"297,391",12
Feb 2018,201,Ryan Black inc,"294,035",12
Feb 2018,201,Edwin Smith 4 inc,"238,163",14
Feb 2018,201,Chad Torres inc,"236,132",11
Feb 2018,203,Albert Cadwell inc,"752,754",39
Feb 2018,203,Ernest Ward inc,"336,790",16
Feb 2018,203,Jeffrey Berryman inc,"322,732",19
Feb 2018,203,,"212,273",8
Feb 2018,203,Kathryn Blais inc,"163,385",8
Feb 2018,204,Ruth Newark inc,"227,967",12
Feb 2018,204,Debora Giles inc,"220,621",9
Feb 2018,204,Nicolas Grove inc,"182,209",10
Feb 2018,204,Josephina Taylor inc,"136,894",6
Feb 2018,204,Antonio Bowler inc,"122,081",5
Feb 2018,205,Tyrone Dwaileebe inc,"317,574",13
Feb 2018,205,Thomas Anderson 10 inc,"204,866",11
Feb 2018,205,Zachary Holzer inc,"189,356",8
Feb 2018,205,Mark Bejar inc,"125,786",6
Feb 2018,205,Todd Ogden inc,"89,775",4
Feb 2018,206,Mary Roberts 6 inc,"284,425",13
Feb 2018,206,Susan Klotz inc,"224,590",11
Feb 2018,206,Tracy Robles inc,"178,204",11
Feb 2018,206,Ryan Gregg inc,"168,730",10
Feb 2018,206,Susan Land inc,"159,438",9
Feb 2018,207,Clarence Griffin inc,"196,052",12
Feb 2018,207,Teresa Begley inc,"164,613",6
Feb 2018,207,Donald Neff inc,"142,355",7
Feb 2018,207,Cynthia Swamp inc,"128,551",6
Feb 2018,207,Glenn Marshall inc,"75,941",3
Feb 2018,208,Michael Abramson inc,"864,868",45
Feb 2018,208,Jason Ho inc,"265,388",12
Feb 2018,208,Paula Santiago inc,"263,158",11
Feb 2018,208,Dale Skalicky inc,"170,790",9
Feb 2018,208,Pearl Takahashi inc,"160,100",7
Feb 2018,209,Ma Rowlands inc,"1,387,711",63
Feb 2018,209,Meaghan Saylor inc,"919,727",49
Feb 2018,209,Cathrine Guerrero inc,"680,401",30
Feb 2018,209,Michael Mincey inc,"646,505",27
Feb 2018,209,,"512,501",24
Feb 2018,210,Felipe Erickson inc,"1,066,871",56
Feb 2018,210,,"900,016",46
Feb 2018,210,Michael Mocher inc,"777,487",33
Feb 2018,210,Angela Parsons inc,"724,007",35
Feb 2018,210,Jamie Remillard inc,"710,568",36
Feb 2018,211,William Darden inc,"622,727",30
Feb 2018,211,Ryan Charles inc,"609,070",28
Feb 2018,211,Nancy Benz inc,"432,365",21
Feb 2018,211,Glenda Obrien inc,"422,041",20
Feb 2018,211,,"336,761",17
Feb 2018,212,Donald Pimental inc,"5,180,790",254
Feb 2018,212,,"4,119,410",200
Feb 2018,212,Rebecca Johnson 9 inc,"3,885,880",191
Feb 2018,212,Anna Risher inc,"3,545,154",171
Feb 2018,212,Bernice Pratt inc,"2,890,233",135
Feb 2018,213,,"2,917,725",151
Feb 2018,213,Katherine Stickel inc,"2,752,362",136
Feb 2018,213,Nichol Gentry inc,"2,478,172",118
Feb 2018,213,Elizabeth Thomas 10 inc,"1,979,735",102
Feb 2018,213,Chad Tobar inc,"1,918,099",92
Feb 2018,214,Daniel Steinbach inc,"866,849",41
Feb 2018,214,Scott Debroux inc,"427,193",19
Feb 2018,214,Christie Poole inc,"413,857",20
Feb 2018,214,Aaron Baker 3 inc,"405,374",20
Feb 2018,214,Miles West inc,"324,196",14
Feb 2018,215,Katherine Caldwell inc,"464,819",24
Feb 2018,215,William Bonenfant inc,"85,142",4
Feb 2018,215,Allison Kingston inc,"84,525",3
Feb 2018,215,Stephanie Wallace 2 inc,"77,094",4
Feb 2018,215,Eric Weeks inc,"74,230",4
Feb 2018,216,Helen Acosta inc,"458,870",24
Feb 2018,216,Andrea Kolb inc,"361,334",17
Feb 2018,216,Deanna Dudley inc,"322,124",18
Feb 2018,216,Mary Donati inc,"311,345",18
Feb 2018,216,Roger Espinoza inc,"289,907",15
Feb 2018,218,Julianne Mchugh inc,"1,197,912",59
Feb 2018,218,Ronald Abbott 2 inc,"480,943",25
Feb 2018,218,Mildred Walton inc,"426,780",20
Feb 2018,218,Nathaniel Buckley inc,"407,767",23
Feb 2018,218,Charles Oneil inc,"377,757",21
Feb 2018,219,,"1,095,019",55
Feb 2018,219,Donald Smith 19 inc,"631,374",30
Feb 2018,219,Wendy Strong inc,"588,803",26
Feb 2018,219,James Henderson 10 inc,"582,492",29
Feb 2018,219,Brian Page 2 inc,"372,783",20
Feb 2018,220,James Jones 47 inc,"480,146",23
Feb 2018,220,Rose Smith 7 inc,"375,162",18
Feb 2018,220,Susan Shields 2 inc,"300,399",15
Feb 2018,220,Jaime Joyce inc,"291,282",14
Feb 2018,220,Megan Robinson 5 inc,"265,418",16
Feb 2018,221,Rose Brewer 2 inc,"279,104",13
Feb 2018,221,Gilberto Washington inc,"95,210",4
Feb 2018,221,William Miller 23 inc,"91,745",4
Feb 2018,221,Vanessa Yepsen inc,"89,291",4
Feb 2018,221,Donna Wallace inc,"75,960",3
Feb 2018,222,Jonathon Morrison inc,"341,587",18
Feb 2018,222,Melvin Hurt inc,"254,707",15
Feb 2018,222,Joan Baggesen inc,"199,175",11
Feb 2018,222,Dennis Clancy inc,"186,318",8
Feb 2018,222,Theresa Martin 3 inc,"157,688",7
Feb 2018,223,Connie Thompson inc,"525,067",27
Feb 2018,223,Judy Turner inc,"460,586",22
Feb 2018,223,Betty Newton 2 inc,"428,994",22
Feb 2018,223,Rodney Reynolds inc,"332,514",15
Feb 2018,223,Gracie Mcmorran inc,"314,773",14
Feb 2018,224,John Sutton 8 inc,"738,231",33
Feb 2018,224,Deborah Harris 5 inc,"366,273",17
Feb 2018,224,Ronald Perkins 2 inc,"269,515",13
Feb 2018,224,,"210,437",9
Feb 2018,224,Charles White 10 inc,"209,224",9
Feb 2018,226,John Rutherford 4 inc,"2,199,035",109
Feb 2018,226,Maggie Rosa inc,"844,270",46
Feb 2018,226,Jaime Marks inc,"758,826",35
Feb 2018,226,Princess White inc,"635,674",33
Feb 2018,226,Joseph Dempsey inc,"611,758",32
Feb 2018,227,Frank Mahler inc,"308,874",15
Feb 2018,227,Frank Dana inc,"137,017",5
Feb 2018,227,Nicholas Hyler inc,"120,435",7
Feb 2018,227,Edward Jones 10 inc,"111,863",5
Feb 2018,227,Robert Baker 8 inc,"103,037",3
Feb 2018,228,Gail Henderson inc,"386,005",17
Feb 2018,228,Pablo Laboy inc,"302,946",15
Feb 2018,228,David Piles inc,"224,943",9
Feb 2018,228,Bobby Wortham inc,"219,652",11
Feb 2018,228,Gregory Harper 2 inc,"200,760",8
Feb 2018,229,Christina Moralez inc,"563,345",29
Feb 2018,229,,"284,761",16
Feb 2018,229,David Estrada 3 inc,"265,194",14
Feb 2018,229,Athena Cook inc,"216,234",11
Feb 2018,229,Jonathan Hahn inc,"213,591",10
Feb 2018,230,Rosie Champagne inc,"377,758",18
Feb 2018,230,John Rivera 9 inc,"374,111",17
Feb 2018,230,James Dillard 5 inc,"365,097",16
Feb 2018,230,Lee Waters inc,"248,601",11
Feb 2018,230,Cortez Shelton inc,"242,486",12
Feb 2018,231,Mary Mattson inc,"4,532,156",228
Feb 2018,231,Joshua Berryhill inc,"1,562,146",80
Feb 2018,231,Javier Crump inc,"1,253,062",61
Feb 2018,231,Robert Barfield inc,"1,210,750",57
Feb 2018,231,Edward Hebert 3 inc,"1,201,484",60
Feb 2018,232,Charles Urias inc,"789,174",42
Feb 2018,232,Whitney Delgado inc,"769,639",39
Feb 2018,232,Russell Fernandez inc,"659,807",30
Feb 2018,232,James Guerrero 2 inc,"626,267",32
Feb 2018,232,Leon Wilson 3 inc,"624,845",30
Feb 2018,233,Chad Tobar inc,"4,166,052",209
Feb 2018,233,Ruth Kohl inc,"3,256,692",162
Feb 2018,233,Ella Rose 2 inc,"3,228,614",155
Feb 2018,233,John Mcneal 2 inc,"3,227,581",159
Feb 2018,233,,"3,097,173",153
Feb 2018,234,Anthony Tobey inc,"666,225",30
Feb 2018,234,Alice Dickerson inc,"656,214",31
Feb 2018,234,,"505,115",27
Feb 2018,234,Daniel Marshall 7 inc,"494,167",23
Feb 2018,234,Lisa Johnson 11 inc,"406,823",20
Feb 2018,235,Peter Adams 3 inc,"259,651",14
Feb 2018,235,Glenn Neblett inc,"228,061",13
Feb 2018,235,Irene Frazier inc,"144,056",6
Feb 2018,235,Ann Charron inc,"142,504",5
Feb 2018,235,David Morris 4 inc,"135,726",8
Feb 2018,236,Jeremy Adams 3 inc,"240,504",12
Feb 2018,236,Nora Saenz inc,"221,186",12
Feb 2018,236,Nick Redenius inc,"173,643",8
Feb 2018,236,,"172,665",8
Feb 2018,236,Marie Boutwell inc,"167,236",7
Feb 2018,237,Julie Hughes inc,"390,651",16
Feb 2018,237,Rebecca Pendergrass inc,"122,380",5
Feb 2018,237,Sarah Seldon inc,"96,430",4
Feb 2018,237,Dennis Coates inc,"82,104",5
Feb 2018,237,Van Vandy inc,"81,044",4
Feb 2018,238,Kenneth Kimbler inc,"1,170,147",60
Feb 2018,238,,"795,802",41
Feb 2018,238,Robin Forbes inc,"732,807",32
Feb 2018,238,Eugene Roberts inc,"554,537",28
Feb 2018,238,Richard Williamson 2 inc,"521,364",25
Feb 2018,239,Ivelisse Cipriani inc,"567,079",26
Feb 2018,239,Leonard Parton inc,"491,936",24
Feb 2018,239,Rosa Daugherty inc,"358,930",19
Feb 2018,239,,"317,612",17
Feb 2018,239,Jackson Tallant inc,"311,863",13
Feb 2018,240,Jessica Baxter inc,"413,483",21
Feb 2018,240,Victoria Brown 3 inc,"277,332",13
Feb 2018,240,Gloria Applin inc,"231,901",10
Feb 2018,240,Erick Porter inc,"227,230",9
Feb 2018,240,Gerald Rivera 2 inc,"163,890",9
Feb 2018,242,Mae Davis 3 inc,"1,120,814",60
Feb 2018,242,Ada Cough inc,"924,943",48
Feb 2018,242,John Bordner inc,"780,501",36
Feb 2018,242,Estella Vidal inc,"734,953",41
Feb 2018,242,,"521,424",26
Feb 2018,244,,"2,918,054",135
Feb 2018,244,Vivian Cawthorne inc,"2,470,956",128
Feb 2018,244,Diane Robbins inc,"1,896,965",99
Feb 2018,244,James Funk 2 inc,"1,407,699",73
Feb 2018,244,Donald Bacon 2 inc,"1,080,553",60
Feb 2018,245,Brenda Green 4 inc,"1,013,952",51
Feb 2018,245,Anton Wilder inc,"695,893",34
Feb 2018,245,James Brown 42 inc,"663,647",34
Feb 2018,245,Bobby Bryce inc,"562,917",32
Feb 2018,245,Debra Moncrief inc,"471,987",20
Feb 2018,246,Clarice Potts inc,"3,493,471",172
Feb 2018,246,,"1,979,272",93
Feb 2018,246,James Holliday inc,"1,835,709",95
Feb 2018,246,Brian Larose inc,"1,486,092",78
Feb 2018,246,Marc Juckett inc,"1,459,130",71
Feb 2018,247,Alex Couzens inc,"1,564,952",82
Feb 2018,247,Mary Schultheis inc,"742,043",37
Feb 2018,247,Charles Doyle inc,"583,309",35
Feb 2018,247,Frederick Uson inc,"455,784",22
Feb 2018,247,Joseph Cox 6 inc,"432,785",19
Feb 2018,248,George Wheeler 2 inc,"1,337,575",64
Feb 2018,248,,"1,224,374",64
Feb 2018,248,Alison Miranda inc,"1,117,430",55
Feb 2018,248,Marie Compton inc,"1,103,208",60
Feb 2018,248,Nicholas Mixer inc,"934,803",53
Feb 2018,250,Edward Campbell 2 inc,"685,127",35
Feb 2018,250,Angela Mcnabb inc,"636,883",31
Feb 2018,250,Catherine Ochs inc,"501,146",23
Feb 2018,250,David Meler inc,"357,617",17
Feb 2018,250,,"342,681",17
Feb 2018,251,Lola Cramer inc,"1,973,231",94
Feb 2018,251,Rose Mincey inc,"1,690,819",86
Feb 2018,251,Charles Bendel inc,"1,366,844",64
Feb 2018,251,Fannie Bittner inc,"1,241,806",61
Feb 2018,251,Leticia Meyer inc,"1,132,064",58
Feb 2018,252,Jimmy Kelly inc,"355,052",18
Feb 2018,252,Raymundo Daniel inc,"232,439",12
Feb 2018,252,Ilene Young inc,"230,828",13
Feb 2018,252,Maria Danna inc,"175,587",8
Feb 2018,252,Thomas Wolfman inc,"173,551",10
Feb 2018,253,,"1,464,783",68
Feb 2018,253,Dillon Renshaw inc,"777,925",39
Feb 2018,253,Karen Fiene inc,"728,711",32
Feb 2018,253,Kathleen Pittman inc,"676,673",31
Feb 2018,253,Walter Hay inc,"569,728",31
Feb 2018,254,Debra Mock inc,"356,515",16
Feb 2018,254,Geneva Cohen inc,"263,623",11
Feb 2018,254,Michael Newsom inc,"259,885",12
Feb 2018,254,Amanda Jara inc,"162,645",8
Feb 2018,254,Dorothy Sharp 2 inc,"103,603",6
Feb 2018,255,Blanche Egan inc,"603,164",27
Feb 2018,255,Harmony Mathis inc,"446,479",24
Feb 2018,255,Sheryl Wilson inc,"356,092",17
Feb 2018,255,Jeffrey Cawley inc,"333,881",16
Feb 2018,255,John Cruz 7 inc,"251,403",11
Feb 2018,256,Leigh Carr inc,"2,181,984",106
Feb 2018,256,Juan Kong inc,"790,717",43
Feb 2018,256,Beatrice Graham inc,"478,829",22
Feb 2018,256,Ryan Kyle inc,"463,629",26
Feb 2018,256,Loretta Shu inc,"327,712",13
Feb 2018,258,Michelle Jones 13 inc,"242,195",11
Feb 2018,258,Derrick Johnson inc,"214,780",11
Feb 2018,258,Lina Kelsey inc,"197,919",10
Feb 2018,258,Steven Johnson 10 inc,"177,313",9
Feb 2018,258,Randall Mccarty inc,"164,355",6
Feb 2018,259,Anthony Wheeler 2 inc,"774,480",37
Feb 2018,259,Gerald Mccullough inc,"769,003",40
Feb 2018,259,Allen Jackson 2 inc,"695,047",36
Feb 2018,259,Stephanie Reeves inc,"508,703",29
Feb 2018,259,Frederick Sowinski inc,"365,914",16
Feb 2018,260,Eloise Paoli inc,"388,436",19
Feb 2018,260,William Young 10 inc,"336,925",19
Feb 2018,260,Jordan Johnson inc,"312,465",17
Feb 2018,260,Steven Zeman inc,"294,741",17
Feb 2018,260,Ronald Betcher inc,"291,179",16
Feb 2018,261,Samuel Powell inc,"537,292",24
Feb 2018,261,Theresa Ocasio inc,"430,201",21
Feb 2018,261,Phillip Justice 2 inc,"366,864",17
Feb 2018,261,Renaldo Allen inc,"364,377",16
Feb 2018,261,Marie Koch inc,"340,352",19
Feb 2018,262,Kevin Wolfrum inc,"435,975",23
Feb 2018,262,Raymond Sylvester inc,"414,238",20
Feb 2018,262,Lora Harrell inc,"352,966",17
Feb 2018,262,Joshua Finchum inc,"189,158",7
Feb 2018,262,Wayne James 2 inc,"123,646",8
Feb 2018,263,David Millay 2 inc,"287,874",15
Feb 2018,263,Joan Miller 2 inc,"194,596",8
Feb 2018,263,Donnell Cotto inc,"169,490",9
Feb 2018,263,Nicholas Pearsall inc,"147,783",6
Feb 2018,263,Marvin Soto inc,"129,020",7
Feb 2018,264,Erika Legrand inc,"459,405",24
Feb 2018,264,Sandra Brison inc,"260,531",14
Feb 2018,264,,"241,194",11
Feb 2018,264,Grace Cox inc,"213,210",10
Feb 2018,264,Stefan Hall inc,"201,927",9
Feb 2018,265,Michael Feinberg inc,"546,843",25
Feb 2018,265,David Adkins 7 inc,"516,251",24
Feb 2018,265,Michelle Dougherty inc,"309,418",16
Feb 2018,265,Brandon Beatty inc,"295,580",16
Feb 2018,265,John Mai inc,"290,167",15
Feb 2018,266,Jerry Anderson 2 inc,"532,808",24
Feb 2018,266,Darryl Servin inc,"213,879",9
Feb 2018,266,Laureen Talton inc,"168,890",8
Feb 2018,266,Goldie Burrage inc,"154,258",8
Feb 2018,266,Christa Vega inc,"135,551",6
Feb 2018,267,Genesis Barcia inc,"433,987",20
Feb 2018,267,Kimberly Brown 6 inc,"392,116",17
Feb 2018,267,Michael Little 5 inc,"289,417",12
Feb 2018,267,Dong Kimbrough inc,"248,759",12
Feb 2018,267,Maurice Ehret inc,"242,254",10
Feb 2018,268,Trudy Harris inc,"1,149,729",53
Feb 2018,268,Timothy Lewis 8 inc,"807,317",42
Feb 2018,268,Roy Mccoy inc,"709,477",34
Feb 2018,268,Sabine King inc,"659,152",36
Feb 2018,268,Carmen Lewis inc,"642,895",33
Feb 2018,269,Josephine Garrity inc,"587,696",30
Feb 2018,269,Mary Radford 3 inc,"375,165",17
Feb 2018,269,Heather Hopkins inc,"339,602",17
Feb 2018,269,James Oliver 6 inc,"208,484",9
Feb 2018,269,Jose Graham 2 inc,"138,659",8
Feb 2018,270,Douglas Massie inc,"436,347",18
Feb 2018,270,Patricia Smith 25 inc,"382,109",22
Feb 2018,270,Jane Vanauken inc,"365,392",16
Feb 2018,270,David Park inc,"304,799",17
Feb 2018,270,Kendall Esposito inc,"261,769",12
Feb 2018,271,Ann Morrell inc,"1,256,653",62
Feb 2018,271,Jimmy Garcia 2 inc,"1,084,659",50
Feb 2018,271,Jame Perez inc,"859,113",43
Feb 2018,271,Sharon Mcdaniel inc,"817,478",40
Feb 2018,271,Christopher Castro 2 inc,"632,049",31
Feb 2018,272,David Fitzpatrick inc,"1,224,123",63
Feb 2018,272,Joseph Olson 3 inc,"718,216",34
Feb 2018,272,Gabriela Woods inc,"651,985",37
Feb 2018,272,Jeanne Bell 2 inc,"501,620",27
Feb 2018,272,,"481,087",24
Feb 2018,273,Philip Capps inc,"56,255",2
Feb 2018,273,David Houchin inc,"51,368",3
Feb 2018,273,Ryan Stephens 2 inc,"47,675",2
Feb 2018,273,Ruth Signs inc,"34,477",3
Feb 2018,273,,"27,992",1
Feb 2018,274,Doris Babcock inc,"4,159,176",198
Feb 2018,274,Austin Edmunds inc,"1,571,414",78
Feb 2018,274,,"1,241,330",57
Feb 2018,274,Jane Bell inc,"1,173,152",58
Feb 2018,274,William Hummel 2 inc,"1,151,299",55
Feb 2018,275,Howard Justus inc,"288,697",15
Feb 2018,275,Frederick Mccammon inc,"277,688",13
Feb 2018,275,Orville Caporiccio inc,"264,157",11
Feb 2018,275,Doris Bullard inc,"244,898",12
Feb 2018,275,,"242,746",12
Feb 2018,276,Steven Porter 2 inc,"1,014,651",52
Feb 2018,276,Odis Hampton inc,"1,010,853",49
Feb 2018,276,Vesta Jackson inc,"743,220",33
Feb 2018,276,Terri Morse inc,"546,587",28
Feb 2018,276,Michelle Piermont inc,"487,935",22
Feb 2018,277,Jonathan Rollins inc,"3,992,248",203
Feb 2018,277,Tracie Dempsey inc,"3,038,631",153
Feb 2018,277,Daniel Phipps 2 inc,"2,704,654",129
Feb 2018,277,Michelle Briscoe inc,"2,488,993",137
Feb 2018,277,James Mastin inc,"2,106,548",103
Feb 2018,278,,"1,325,721",62
Feb 2018,278,David Fontaine inc,"1,325,036",65
Feb 2018,278,Maria Davis 10 inc,"1,233,887",57
Feb 2018,278,Sylvia Holler inc,"1,036,507",51
Feb 2018,278,Calvin Severy inc,"511,087",31
Feb 2018,279,George Williams 20 inc,"1,478,237",74
Feb 2018,279,Jocelyn Dixon inc,"1,223,022",62
Feb 2018,279,,"1,020,022",52
Feb 2018,279,Debra Williams 7 inc,"954,369",49
Feb 2018,279,Miguel Walt inc,"935,182",48
Feb 2018,280,Clyde Garland inc,"1,715,912",83
Feb 2018,280,John Harris 25 inc,"840,733",46
Feb 2018,280,Cynthia Morton inc,"613,137",30
Feb 2018,280,Vivian Howard inc,"601,263",30
Feb 2018,280,Michael Anderson 16 inc,"525,164",25
Feb 2018,281,Charles Everett inc,"803,197",42
Feb 2018,281,Christine Hernandez inc,"508,363",24
Feb 2018,281,Pierre Weiner inc,"362,948",20
Feb 2018,281,Sandra Staples inc,"296,746",14
Feb 2018,281,Shelli Thom inc,"270,952",12
Feb 2018,282,Jonathan Crumble inc,"1,631,757",86
Feb 2018,282,Devon Sanders inc,"1,308,396",65
Feb 2018,282,Katherine Cotter inc,"864,306",44
Feb 2018,282,Robert Karst inc,"648,917",31
Feb 2018,282,Bradley Meczywor inc,"608,038",31
Feb 2018,283,Christopher Carter 3 inc,"3,662,577",176
Feb 2018,283,Marlin Stroud inc,"1,917,625",99
Feb 2018,283,Jennifer Moody inc,"1,678,674",78
Feb 2018,283,,"1,418,766",73
Feb 2018,283,Sterling Haskins inc,"1,217,851",63
Feb 2018,285,Jefferey Smith inc,"416,694",20
Feb 2018,285,William Cade inc,"192,612",10
Feb 2018,285,Mark Medina 2 inc,"188,083",8
Feb 2018,285,Juanita Moss inc,"172,003",10
Feb 2018,285,Carolyn Hardy inc,"167,799",9
Feb 2018,286,Chris Heath inc,"5,661,881",286
Feb 2018,286,Kevin Hellman inc,"4,088,270",205
Feb 2018,286,Rita Elias inc,"3,050,395",149
Feb 2018,286,Jasmin Morataya inc,"2,435,222",124
Feb 2018,286,George Warnock inc,"1,895,040",92
Feb 2018,287,Wm Evans inc,"358,389",16
Feb 2018,287,John Cobar 2 inc,"231,894",13
Feb 2018,287,George Peebles inc,"191,714",11
Feb 2018,287,John Arlington inc,"181,958",9
Feb 2018,287,Anita Herman inc,"154,954",9
Feb 2018,288,,"2,689,131",129
Feb 2018,288,Steve Crofton inc,"831,310",39
Feb 2018,288,Michael Morgan 3 inc,"744,275",38
Feb 2018,288,Wallace Bennett inc,"633,853",31
Feb 2018,288,Lisa Rollins inc,"526,091",28
Feb 2018,289,Sherri Garrison inc,"4,234,134",204
Feb 2018,289,,"1,898,181",96
Feb 2018,289,Willard Conditt inc,"1,343,664",68
Feb 2018,289,John Penn 2 inc,"1,153,921",55
Feb 2018,289,George Centeno inc,"902,081",44
Feb 2018,290,Shane Nelson inc,"221,314",11
Feb 2018,290,Irene Blake inc,"212,298",11
Feb 2018,290,Charles Harris 11 inc,"200,983",9
Feb 2018,290,Maryann Booth inc,"200,941",10
Feb 2018,290,Guadalupe Schoenfeld inc,"197,010",15
Feb 2018,291,Cesar Hall inc,"29,632,488","1,476"
Feb 2018,291,,"1,821,835",92
Feb 2018,291,Elizabeth Gibbs inc,"1,382,443",67
Feb 2018,291,Charles Ventura inc,"1,366,058",62
Feb 2018,291,Efrain Webb inc,"1,309,546",68
Feb 2018,292,Rebecca Kim 2 inc,"1,174,410",58
Feb 2018,292,Gilbert Lowell inc,"886,429",39
Feb 2018,292,Scott Uson inc,"657,713",34
Feb 2018,292,,"489,603",25
Feb 2018,292,Ralph Phillips 2 inc,"439,990",22
Feb 2018,293,Aileen Coons inc,"212,431",12
Feb 2018,293,Jessica Blackwood inc,"126,433",6
Feb 2018,293,Lawrence Williams 4 inc,"107,327",6
Feb 2018,293,Juanita Johnson 4 inc,"106,324",5
Feb 2018,293,Ruth Munger inc,"95,533",5
Feb 2018,294,Keith Thomas 2 inc,"331,295",17
Feb 2018,294,Tina Leflore inc,"260,655",14
Feb 2018,294,Mathew Vogus inc,"257,334",12
Feb 2018,294,Phyllis Matthews inc,"232,632",11
Feb 2018,294,Anthony Sutton inc,"184,095",8
Feb 2018,295,Jody Minor inc,"400,364",20
Feb 2018,295,Sterling Wing inc,"369,773",21
Feb 2018,295,Angela Johnson 7 inc,"346,264",16
Feb 2018,295,Christopher Hubbard 3 inc,"324,803",14
Feb 2018,295,Annie Camacho inc,"318,124",15
Feb 2018,296,Larry Mcmanus inc,"767,576",37
Feb 2018,296,,"767,156",38
Feb 2018,296,Randall Howard inc,"714,021",35
Feb 2018,296,Terry Guillory inc,"421,537",21
Feb 2018,296,Julie Thomas 2 inc,"393,679",19
Feb 2018,297,,"1,045,097",53
Feb 2018,297,Crystal Marquez inc,"864,377",40
Feb 2018,297,Melissa Eldridge inc,"851,805",44
Feb 2018,297,Arlyne Smith inc,"660,030",31
Feb 2018,297,Nicole Borrero inc,"565,463",30
Feb 2018,298,Guadalupe Blank inc,"328,607",15
Feb 2018,298,Marisa Corbin inc,"299,428",16
Feb 2018,298,Chad Tobar inc,"279,896",13
Feb 2018,298,Nicole Perrotta inc,"168,587",8
Feb 2018,298,Zachary Mayle inc,"166,953",7
Feb 2018,299,Gary Hayes inc,"495,400",27
Feb 2018,299,Murray Shaw inc,"402,856",21
Feb 2018,299,Jennifer Dudek inc,"372,309",16
Feb 2018,299,Edna Ramirez 2 inc,"337,090",15
Feb 2018,299,Joe Quinn inc,"314,387",14
Feb 2018,300,Lorene Johnson 3 inc,"932,384",44
Feb 2018,300,,"889,013",45
Feb 2018,300,Rene Roberts 2 inc,"754,829",38
Feb 2018,300,Ruben Frantz inc,"690,876",32
Feb 2018,300,Louise Cheever inc,"509,718",25
Feb 2018,301,Juan Jennrich inc,"568,089",27
Feb 2018,301,Gabrielle Caudel inc,"493,745",27
Feb 2018,301,Laurie Trexler inc,"352,495",17
Feb 2018,301,Joyce Perry inc,"319,641",21
Feb 2018,301,Brian Ranney inc,"297,637",14
Feb 2018,302,Colin Canelo inc,"1,420,306",76
Feb 2018,302,Albert Smith 10 inc,"1,265,452",65
Feb 2018,302,Thomas Crouchet inc,"1,127,576",53
Feb 2018,302,,"1,124,118",54
Feb 2018,302,Linnie Millar inc,"852,635",42
Feb 2018,303,Christine Hill 3 inc,"494,049",27
Feb 2018,303,Marvin Peterman inc,"483,442",24
Feb 2018,303,Bessie Fulmer inc,"475,173",21
Feb 2018,303,,"421,988",18
Feb 2018,303,Peter Nelson 4 inc,"398,446",22
Feb 2018,304,Cordelia Rice inc,"830,877",42
Feb 2018,304,Heather Brackett inc,"743,136",35
Feb 2018,304,,"713,393",39
Feb 2018,304,Douglas Mackin inc,"644,112",31
Feb 2018,304,Jill Costa inc,"560,073",26
Feb 2018,306,Martha Williams 5 inc,"372,907",17
Feb 2018,306,Maurice Robertson inc,"284,695",13
Feb 2018,306,Timothy Sepulveda inc,"256,777",12
Feb 2018,306,Ruby Armstead inc,"256,718",13
Feb 2018,306,Shannon Depuy inc,"178,041",9
Feb 2018,307,John Kluender inc,"783,689",42
Feb 2018,307,Victor Sandquist inc,"156,936",7
Feb 2018,307,Theresa Lamb inc,"152,917",7
Feb 2018,307,Allie Lynch inc,"148,505",8
Feb 2018,307,Jamal Moore inc,"146,298",7
Feb 2018,308,Roy Lavine inc,"874,052",43
Feb 2018,308,Fannie Baltimore inc,"844,793",44
Feb 2018,308,Reed Williams inc,"811,425",40
Feb 2018,308,Anthony Lewis 5 inc,"631,035",36
Feb 2018,308,,"621,599",27
Feb 2018,309,Marian Mann inc,"340,380",16
Feb 2018,309,Stan Numbers inc,"304,216",13
Feb 2018,309,Patricia Jackson 7 inc,"275,665",13
Feb 2018,309,Quinton Hargrove inc,"229,039",15
Feb 2018,309,Ernest Turner 2 inc,"226,102",13
Feb 2018,310,,"396,321",18
Feb 2018,310,Darrick Pendleton inc,"328,513",15
Feb 2018,310,Briana Powell inc,"215,132",10
Feb 2018,310,Carl Durbin inc,"213,955",11
Feb 2018,310,Barbara Thomas 9 inc,"197,429",9
Feb 2018,311,Janet Baker 2 inc,"510,132",27
Feb 2018,311,Michael Dunlop inc,"335,341",16
Feb 2018,311,Walter May inc,"313,614",16
Feb 2018,311,Carole West inc,"306,559",14
Feb 2018,311,Annie Bishop inc,"267,816",11
Feb 2018,312,Tony Butler inc,"414,970",22
Feb 2018,312,Joann Net inc,"368,947",17
Feb 2018,312,Oscar Carter inc,"333,599",16
Feb 2018,312,David Taylor 12 inc,"284,542",14
Feb 2018,312,Virginia Long inc,"197,030",9
Feb 2018,313,Danny Lupien inc,"607,657",33
Feb 2018,313,Catherine Hogan inc,"314,713",17
Feb 2018,313,Jason Butler 2 inc,"283,755",13
Feb 2018,313,Judy Richards inc,"254,984",10
Feb 2018,313,Connie Partis inc,"235,330",13
Feb 2018,314,Julio Piner inc,"1,121,479",58
Feb 2018,314,Erna Dahlgren inc,"1,046,250",49
Feb 2018,314,Jeffery Aguilar 2 inc,"970,348",50
Feb 2018,314,Lloyd Brink inc,"958,380",46
Feb 2018,314,David Wallace inc,"853,981",39
Feb 2018,315,Lester Marcum inc,"244,393",11
Feb 2018,315,Harriet Miller inc,"204,967",11
Feb 2018,315,William Howlin inc,"137,483",5
Feb 2018,315,Alfred Walters inc,"109,939",5
Feb 2018,315,Brenda Jackson 3 inc,"107,252",4
Feb 2018,316,Tammy Perotti inc,"52,541",3
Feb 2018,316,Lourdes Wilson 2 inc,"39,462",2
Feb 2018,318,Ryan Malina inc,"641,205",30
Feb 2018,318,,"512,107",25
Feb 2018,318,Jimmy Ascencio inc,"382,994",20
Feb 2018,318,Jean Vandusen inc,"323,221",18
Feb 2018,318,John Young 16 inc,"283,921",13
Feb 2018,319,John Carrousal inc,"139,603",7
Feb 2018,319,Patricia Jackson 4 inc,"52,864",3
Feb 2018,319,Mandy Easton inc,"43,363",3
Feb 2018,319,,"43,314",2
Feb 2018,319,Carol Martin 4 inc,"41,694",2
Feb 2018,320,Tom Benavidez inc,"3,309,686",175
Feb 2018,320,Edwin Riley inc,"1,117,572",56
Feb 2018,320,Janice Whiteman inc,"709,306",37
Feb 2018,320,Judith Russell inc,"540,882",28
Feb 2018,320,Arthur Dove inc,"532,485",26
Feb 2018,321,Steven Hisey inc,"260,731",12
Feb 2018,321,Mark Awalt inc,"260,259",13
Feb 2018,321,Timothy Mays inc,"246,461",14
Feb 2018,321,John Longoria inc,"214,493",11
Feb 2018,321,Joseph Funk inc,"208,630",12
Feb 2018,322,Quinton Elizarraras inc,"2,560,114",131
Feb 2018,322,Andrea Hartman inc,"2,449,417",121
Feb 2018,322,Allen Poulton inc,"1,953,771",96
Feb 2018,322,,"1,113,772",56
Feb 2018,322,Kristin Garrett inc,"905,615",46
Feb 2018,323,Ruben Lopez inc,"1,203,548",56
Feb 2018,323,Michael Wheeler 8 inc,"999,918",47
Feb 2018,323,,"772,846",41
Feb 2018,323,Willie Hudson inc,"422,082",20
Feb 2018,323,Kenneth Chevrier inc,"323,052",13
Feb 2018,325,Dennis Terrance inc,"1,143,662",60
Feb 2018,325,Craig Rehm inc,"631,158",29
Feb 2018,325,Christopher Pinneo inc,"511,585",24
Feb 2018,325,Francine Legions inc,"442,999",21
Feb 2018,325,Miriam Cisneros inc,"370,360",18
Feb 2018,326,Ronald Halligan inc,"190,992",9
Feb 2018,326,Pamela Brown 5 inc,"182,760",11
Feb 2018,326,John Mclendon inc,"150,951",7
Feb 2018,326,Nancy Hill 5 inc,"128,921",6
Feb 2018,326,Cecil Confer inc,"128,919",6
Feb 2018,327,Arthur Cobb 3 inc,"180,667",10
Feb 2018,327,Lydia Eyre inc,"147,467",8
Feb 2018,327,,"135,709",6
Feb 2018,327,Charlotte Marley inc,"127,790",6
Feb 2018,327,Ramon Lord inc,"120,168",4
Feb 2018,328,William Darling inc,"1,066,579",52
Feb 2018,328,,"434,982",22
Feb 2018,328,Samira Cervantes inc,"339,900",18
Feb 2018,328,Wendy Donnelly inc,"333,817",15
Feb 2018,328,Matthew Seldon inc,"270,250",13
Feb 2018,329,Kristen Woods inc,"677,336",37
Feb 2018,329,Stephanie Bagaoisan inc,"555,480",26
Feb 2018,329,Robert Olson 4 inc,"483,413",22
Feb 2018,329,John Hunt 4 inc,"390,480",20
Feb 2018,329,Jose Brice inc,"344,351",17
Feb 2018,330,Sandra Buckner inc,"710,817",34
Feb 2018,330,Karen Pate inc,"633,867",26
Feb 2018,330,Hugh Gale inc,"468,295",24
Feb 2018,330,,"448,488",21
Feb 2018,330,Ricardo Kane inc,"356,358",17
Feb 2018,331,Antoine Alexander inc,"11,432,579",581
Feb 2018,331,Valerie Martin 2 inc,"10,577,998",517
Feb 2018,331,Jean Jolley inc,"8,551,770",426
Feb 2018,331,Ryan Stephens 2 inc,"7,166,821",361
Feb 2018,331,,"5,660,639",284
Feb 2018,333,Joseph Proctor inc,"5,406,525",274
Feb 2018,333,Teresa Begley inc,"4,658,264",237
Feb 2018,333,,"3,249,443",170
Feb 2018,333,Clarence Griffin inc,"2,696,591",131
Feb 2018,333,Andrew Hernandez 2 inc,"2,625,988",133
Feb 2018,334,Mary Siegel inc,"2,161,785",105
Feb 2018,334,,"2,016,450",102
Feb 2018,334,Brianna Derrick inc,"1,247,713",62
Feb 2018,334,Noella Vansickle inc,"1,079,731",57
Feb 2018,334,Jeffrey Bock inc,"1,068,918",54
Feb 2018,335,Catherine Tanner inc,"519,935",28
Feb 2018,335,Yolanda Jones 3 inc,"291,836",14
Feb 2018,335,Sandra Belvins inc,"280,222",16
Feb 2018,335,Jennifer Fleming 3 inc,"237,466",13
Feb 2018,335,Donovan Teel inc,"219,143",9
Feb 2018,336,Katherine Kirschner inc,"408,829",19
Feb 2018,336,Frank Mcneil inc,"186,345",11
Feb 2018,336,Helen Stubbendeck inc,"155,008",8
Feb 2018,336,Roberto Mundy inc,"135,855",7
Feb 2018,336,Ronald Lopez 4 inc,"132,787",6
Feb 2018,337,Karen Lee 2 inc,"473,534",23
Feb 2018,337,,"404,950",18
Feb 2018,337,Benjamin French inc,"276,679",11
Feb 2018,337,Nancy Hagee inc,"226,522",13
Feb 2018,337,Marjorie Walker 2 inc,"218,897",10
Feb 2018,338,Lucas Carmona inc,"456,074",24
Feb 2018,338,Lon Larson inc,"278,922",16
Feb 2018,338,Daniel Leonhart inc,"231,636",13
Feb 2018,338,Wilhelmina Price inc,"191,816",8
Feb 2018,338,James Morin inc,"191,612",9
Feb 2018,339,Gertrudis Stamps inc,"1,061,346",50
Feb 2018,339,Larry Culbert inc,"998,375",47
Feb 2018,339,Jeffrey Atherton inc,"819,742",37
Feb 2018,339,Mireya Smith inc,"808,192",40
Feb 2018,339,Marie Reynolds 4 inc,"691,937",34
Feb 2018,340,Terry Turpin 2 inc,"3,619,882",183
Feb 2018,340,,"1,721,622",85
Feb 2018,340,Thelma Williams 3 inc,"1,629,134",80
Feb 2018,340,Nancy Jamison 2 inc,"1,604,759",78
Feb 2018,340,Janet Johnson 3 inc,"1,438,267",68
Feb 2018,341,Bonita Lemons inc,"430,138",21
Feb 2018,341,Joan Cuevas inc,"416,204",21
Feb 2018,341,,"307,899",13
Feb 2018,341,James Calendine inc,"247,606",12
Feb 2018,341,Luanne Garay inc,"198,919",9
Feb 2018,342,William Roney inc,"1,169,972",56
Feb 2018,342,,"648,396",33
Feb 2018,342,Gordon Burdock inc,"311,730",17
Feb 2018,342,Vida Smith inc,"252,586",11
Feb 2018,342,Dawn Gunter inc,"168,396",8
Feb 2018,343,James Kinkelaar inc,"409,927",18
Feb 2018,343,Michael Broadwater inc,"292,233",14
Feb 2018,343,Christopher Kroll inc,"287,593",16
Feb 2018,343,Elaine Jarecki inc,"214,112",9
Feb 2018,343,Joshua Reyna inc,"211,790",10
Feb 2018,344,Morris Grooms inc,"1,775,611",84
Feb 2018,344,,"1,539,133",72
Feb 2018,344,Lawrence Young 4 inc,"1,145,774",52
Feb 2018,344,Jerry Facer inc,"851,473",43
Feb 2018,344,David Vives inc,"698,453",33
Feb 2018,345,Eugene Mcalexander inc,"310,821",15
Feb 2018,345,Patrick Nunn inc,"284,436",18
Feb 2018,345,Susan Campbell inc,"192,414",9
Feb 2018,345,Donna White 7 inc,"177,524",10
Feb 2018,345,John Hyett inc,"160,085",7
Feb 2018,347,Edna Ledesma inc,"1,261,759",64
Feb 2018,347,Erma Milligan inc,"921,177",43
Feb 2018,347,Carolyn Hardin inc,"615,284",33
Feb 2018,347,Shirley Lawrence 2 inc,"584,425",28
Feb 2018,347,Christopher Jackson 5 inc,"452,667",22
Jan 2017,1,Cesar Hall inc,"41,693,919","2,076"
Jan 2017,1,Mary Gray 7 inc,"24,014,490","1,206"
Jan 2017,1,Kathie Sughrue inc,"22,636,282","1,131"
Jan 2017,1,Steven Russell inc,"19,316,188",953
Jan 2017,1,Maxine Flores inc,"15,509,701",756
Jan 2017,2,Mark Cipolla inc,"396,768",19
Jan 2017,2,Shana Platt inc,"271,194",14
Jan 2017,2,Ernesto Matthews inc,"218,560",11
Jan 2017,2,James Luhman inc,"207,421",11
Jan 2017,2,Salvador Adderley inc,"203,994",9
Jan 2017,3,Rhonda Cunningham inc,"719,653",35
Jan 2017,3,Dennis Mcmillan inc,"438,990",22
Jan 2017,3,Solomon Deshayes inc,"291,376",16
Jan 2017,3,Donnie Sefcovic inc,"275,845",17
Jan 2017,3,Lisa Stulce inc,"265,200",14
Jan 2017,4,Louise Cole 2 inc,"1,730,987",88
Jan 2017,4,Nathaniel Stewart inc,"1,245,798",63
Jan 2017,4,Enriqueta Barbour inc,"1,147,061",57
Jan 2017,4,Carolyn Smith 8 inc,"929,497",46
Jan 2017,4,Juan Niemi inc,"864,320",43
Jan 2017,6,Eva Mcnear inc,"267,348",14
Jan 2017,6,Guillermo Angelilli inc,"206,034",11
Jan 2017,6,Jack Mcsweeney inc,"179,408",10
Jan 2017,6,Terrell Dueno inc,"151,386",11
Jan 2017,6,Lorraine Thurman inc,"149,894",7
Jan 2017,7,Sheila Bissonnette inc,"291,941",17
Jan 2017,7,Don Lenz inc,"290,927",14
Jan 2017,7,Kathy Briggs inc,"220,038",10
Jan 2017,7,Mable Galarza inc,"209,030",10
Jan 2017,7,Rose Hart 2 inc,"189,396",11
Jan 2017,8,Mike Sparks inc,"971,432",44
Jan 2017,8,Larry Stegall 2 inc,"816,934",37
Jan 2017,8,Carlotta Schell inc,"593,485",30
Jan 2017,8,Sandra Crocker inc,"561,113",30
Jan 2017,8,Mary Alas inc,"454,877",23
Jan 2017,9,Scott Brown 6 inc,"411,737",18
Jan 2017,9,Barbara Bishop inc,"385,920",18
Jan 2017,9,Rachael Oehler inc,"341,217",17
Jan 2017,9,Heather Mezzatesta inc,"239,666",10
Jan 2017,9,Deborah Mendoza 2 inc,"236,621",12
Jan 2017,10,Roger Murach inc,"597,207",28
Jan 2017,10,Socorro Stevens inc,"285,157",16
Jan 2017,10,Iris Key inc,"264,218",13
Jan 2017,10,Maribel Prince inc,"254,540",11
Jan 2017,10,Kristin Victoria inc,"243,697",11
Jan 2017,11,Paula Crumb inc,"1,020,796",53
Jan 2017,11,Linda Hogan 2 inc,"546,415",26
Jan 2017,11,Matthew Verhoeven inc,"479,033",24
Jan 2017,11,Ruth Shambo inc,"459,786",22
Jan 2017,11,Grant Mayers inc,"440,468",21
Jan 2017,12,Delbert Sherlock inc,"845,825",39
Jan 2017,12,Joe Cleghorn inc,"833,313",42
Jan 2017,12,Catherine Martin 7 inc,"661,465",27
Jan 2017,12,Emily Jiggetts inc,"492,544",26
Jan 2017,12,Robyn Douglas inc,"451,637",24
Jan 2017,13,Carol Green inc,"449,281",21
Jan 2017,13,Curtis Gregg inc,"297,704",12
Jan 2017,13,Robert Brown 41 inc,"288,790",13
Jan 2017,13,Natalie Durate inc,"241,051",12
Jan 2017,13,Ida Cox 2 inc,"222,707",10
Jan 2017,14,Cynthia Wood 2 inc,"1,225,486",62
Jan 2017,14,James Mayoka inc,"634,347",28
Jan 2017,14,Norma Rayfield inc,"600,113",29
Jan 2017,14,Joshua Matthews 2 inc,"411,221",19
Jan 2017,14,Stanley Summerville inc,"397,625",21
Jan 2017,16,Cheryl Croom inc,"129,931",6
Jan 2017,16,Willie Walker 4 inc,"107,510",7
Jan 2017,16,Ramon Morris inc,"98,308",5
Jan 2017,16,Michael Cichy inc,"91,542",4
Jan 2017,16,Jessica Piper inc,"84,402",3
Jan 2017,17,Sharonda Jordan inc,"9,694,569",483
Jan 2017,17,Beatrice Pears inc,"6,091,961",306
Jan 2017,17,Nick Curtis inc,"6,062,687",310
Jan 2017,17,Virgil Lemon inc,"4,353,995",214
Jan 2017,17,Samuel Scott 3 inc,"4,131,018",200
Jan 2017,18,Ruth Fuentes inc,"349,776",18
Jan 2017,18,Richard Mahoney inc,"106,550",5
Jan 2017,18,Kenneth Patrick 2 inc,"103,155",6
Jan 2017,18,Barton Garland inc,"87,208",4
Jan 2017,18,Leon Foster inc,"76,878",3
Jan 2017,19,Ella Rose 2 inc,"11,507,744",584
Jan 2017,19,Lori Joseph inc,"10,212,267",526
Jan 2017,19,Chad Tobar inc,"9,171,565",451
Jan 2017,19,Tony Moore 3 inc,"5,901,878",301
Jan 2017,19,Zachary Mayle inc,"5,100,625",251
Jan 2017,20,Justin Ganser inc,"3,746,217",182
Jan 2017,20,Natasha Bucher inc,"2,503,617",124
Jan 2017,20,Richard West 5 inc,"925,953",48
Jan 2017,20,Craig Miller 4 inc,"864,146",40
Jan 2017,20,Luisa Goldstein inc,"699,564",36
Jan 2017,21,Thelma Cashen inc,"811,048",39
Jan 2017,21,Eldridge Williams 2 inc,"800,963",37
Jan 2017,21,Toni Keith 2 inc,"778,909",41
Jan 2017,21,John Boschert inc,"772,141",36
Jan 2017,21,Steven Nagle inc,"598,775",30
Jan 2017,22,Daniel Browning inc,"332,167",16
Jan 2017,22,Aileen Rivera inc,"308,729",14
Jan 2017,22,Phyllis Allen 2 inc,"232,990",11
Jan 2017,22,Allen Laban inc,"225,354",10
Jan 2017,22,Allen Patrick inc,"199,062",9
Jan 2017,23,Ellen Tait inc,"378,198",18
Jan 2017,23,Rosemary Walker 3 inc,"312,775",16
Jan 2017,23,Joseph Bailey 2 inc,"240,657",13
Jan 2017,23,Bruce Smith 7 inc,"206,233",9
Jan 2017,23,Stacey Sharon inc,"148,204",6
Jan 2017,24,Cynthia Vargas 2 inc,"707,108",32
Jan 2017,24,Francisco Hopper inc,"547,113",27
Jan 2017,24,Donald Sullivan 5 inc,"430,685",19
Jan 2017,24,Dorthea Brewington inc,"392,172",17
Jan 2017,24,Marvin Quinnie inc,"381,049",18
Jan 2017,25,Kathryn Carson inc,"2,694,928",135
Jan 2017,25,Kay Connolly inc,"2,551,533",124
Jan 2017,25,Rebecca Sales inc,"2,263,897",115
Jan 2017,25,John Taggart inc,"1,306,276",65
Jan 2017,25,Jeffrey Belcher 2 inc,"1,285,120",64
Jan 2017,26,Kristy Fonseca inc,"326,035",16
Jan 2017,26,Cesar Ross inc,"237,840",11
Jan 2017,26,Nathaniel Gray inc,"131,332",7
Jan 2017,26,Ivan Spruill inc,"128,086",5
Jan 2017,26,Janice Stevens 2 inc,"127,126",6
Jan 2017,28,Jo Miland inc,"315,917",14
Jan 2017,28,Maureen Colony inc,"292,387",14
Jan 2017,28,Charles Simonson inc,"282,012",17
Jan 2017,28,Jennifer Chadwell inc,"279,245",12
Jan 2017,28,Henry Anderson 4 inc,"268,573",13
Jan 2017,29,Kirsten Huse inc,"621,369",35
Jan 2017,29,Eric Nettles inc,"230,664",13
Jan 2017,29,Tarsha Chance inc,"211,877",12
Jan 2017,29,Charles Harkless inc,"198,829",10
Jan 2017,29,Robert Guerrero 4 inc,"192,017",10
Jan 2017,30,Clarence Streater inc,"1,112,996",54
Jan 2017,30,Donald Ireland inc,"1,033,431",56
Jan 2017,30,Dennis Johnson 6 inc,"901,059",41
Jan 2017,30,Doris King 3 inc,"898,347",46
Jan 2017,30,Debra Burdell inc,"626,977",30
Jan 2017,32,Harriet Reeder inc,"291,346",14
Jan 2017,32,Felix Scipio inc,"129,522",5
Jan 2017,32,Anthony Bjorkman inc,"126,522",6
Jan 2017,32,Adrian Rollin inc,"109,299",5
Jan 2017,32,Karen Smith 17 inc,"102,494",6
Jan 2017,33,Nicole Crowder inc,"486,842",25
Jan 2017,33,Douglas Magic inc,"462,237",20
Jan 2017,33,Ronald Johnson 17 inc,"455,781",20
Jan 2017,33,Kathy Manders inc,"377,875",17
Jan 2017,33,Richard Smith 43 inc,"377,640",17
Jan 2017,34,Nina Conn inc,"527,716",25
Jan 2017,34,Mitchell Kalhorn inc,"511,414",24
Jan 2017,34,Kris Endicott inc,"422,840",23
Jan 2017,34,Alysia Ceovantes inc,"416,012",21
Jan 2017,34,Danny Martinez inc,"342,198",17
Jan 2017,35,Lewis Wiley inc,"244,315",12
Jan 2017,35,Bobby Ames inc,"173,881",8
Jan 2017,35,Juanita Whitton inc,"126,428",5
Jan 2017,35,Nellie Kelly inc,"112,020",4
Jan 2017,35,Joann Ferguson inc,"94,549",4
Jan 2017,36,Esther Diaz inc,"528,165",27
Jan 2017,36,Teresa Volk inc,"375,263",18
Jan 2017,36,Henrietta Cook inc,"351,620",18
Jan 2017,36,Austin Lopez inc,"219,803",10
Jan 2017,36,Ronald Jones 10 inc,"205,010",11
Jan 2017,38,Patricia Odonnell inc,"174,415",9
Jan 2017,38,Miranda Tiller inc,"125,336",7
Jan 2017,38,Kris Phelps inc,"112,846",6
Jan 2017,38,Annie Delrie 2 inc,"102,263",5
Jan 2017,38,Roberta Peery inc,"98,861",4
Jan 2017,39,Jane Terry 3 inc,"382,636",16
Jan 2017,39,John Wolfram inc,"351,977",15
Jan 2017,39,Jonathan Dalley inc,"183,327",11
Jan 2017,39,James Angles inc,"163,937",9
Jan 2017,39,Jose Hightower inc,"147,431",7
Jan 2017,40,Karla Fernandez inc,"199,508",9
Jan 2017,40,Maureen Toevs inc,"91,408",3
Jan 2017,40,Joanne Manning inc,"74,069",3
Jan 2017,40,Michael Campbell 14 inc,"72,148",3
Jan 2017,40,Kay Tito inc,"67,583",3
Jan 2017,41,Joyce Mendez inc,"429,190",20
Jan 2017,41,Annie Brownell inc,"276,816",12
Jan 2017,41,Richard Bower inc,"194,077",9
Jan 2017,41,Andrew White 5 inc,"190,005",9
Jan 2017,41,Kia Moore inc,"148,044",6
Jan 2017,42,Carlene Phelps inc,"570,605",30
Jan 2017,42,Glenn Richmond inc,"472,027",27
Jan 2017,42,Louis Kahn inc,"400,194",19
Jan 2017,42,Cynthia Northover inc,"381,086",21
Jan 2017,42,Janet Bigelow inc,"317,140",14
Jan 2017,44,Bart Carney inc,"290,280",13
Jan 2017,44,Blaine Pride inc,"147,048",8
Jan 2017,44,Jon Moore inc,"142,586",8
Jan 2017,44,Nancy Dubow inc,"131,226",5
Jan 2017,44,Ashley Krupa inc,"129,128",6
Jan 2017,46,Asuncion Sandmeier inc,"363,296",21
Jan 2017,46,Suzanne Greene inc,"356,115",18
Jan 2017,46,Paul Ross 3 inc,"192,420",7
Jan 2017,46,Andrew Jones 9 inc,"171,716",9
Jan 2017,46,Rachel Carter 2 inc,"170,844",8
Jan 2017,47,Nicole Chamberlain inc,"274,424",15
Jan 2017,47,Jessica Munoz 2 inc,"230,239",10
Jan 2017,47,Jeff Carr 2 inc,"195,407",12
Jan 2017,47,Carlos Cook inc,"175,042",10
Jan 2017,47,Walter Jorgensen inc,"164,238",8
Jan 2017,48,Zelda Bozell inc,"547,119",29
Jan 2017,48,Stanley Cuevas inc,"517,711",26
Jan 2017,48,Maria Bugg inc,"471,056",24
Jan 2017,48,George Brown 11 inc,"403,846",19
Jan 2017,48,Bryan Vasquez inc,"400,981",18
Jan 2017,49,Carole Lotton inc,"246,863",12
Jan 2017,49,Bernice Battles inc,"241,046",12
Jan 2017,49,Joan Holmes 2 inc,"209,160",10
Jan 2017,49,April Johnson 3 inc,"151,799",7
Jan 2017,49,Paul Luffy inc,"142,510",10
Jan 2017,51,Micheal Styles inc,"953,321",43
Jan 2017,51,Joshua Kuehnert inc,"851,401",40
Jan 2017,51,Joanne Yannone inc,"784,905",39
Jan 2017,51,Irene Deschamps inc,"779,243",35
Jan 2017,51,Raul Gribble inc,"718,611",35
Jan 2017,52,Jean Biser inc,"531,218",26
Jan 2017,52,Kurt Sapp inc,"379,642",19
Jan 2017,52,Frederick Meade inc,"290,024",13
Jan 2017,52,Richard Bell 6 inc,"280,393",14
Jan 2017,52,Daniel Pearce inc,"233,150",10
Jan 2017,53,Cornelius Mattson inc,"2,904,575",145
Jan 2017,53,Keith Conley 3 inc,"2,070,501",103
Jan 2017,53,Cynthia Phelps inc,"1,304,259",69
Jan 2017,53,Debra Wilczynski inc,"1,233,411",73
Jan 2017,53,Robert Murdock inc,"1,091,154",54
Jan 2017,54,Eloise Sorbo inc,"121,422",7
Jan 2017,54,Ricardo Simpson inc,"102,778",5
Jan 2017,54,Jessica Wilson inc,"94,479",4
Jan 2017,54,Donald Hart inc,"71,370",5
Jan 2017,54,Mary Lamb inc,"51,792",2
Jan 2017,56,Gerald Miller 3 inc,"710,403",38
Jan 2017,56,Courtney Mansfield inc,"553,598",26
Jan 2017,56,Mae Bourgeois inc,"327,780",17
Jan 2017,56,Mary Varos inc,"322,950",16
Jan 2017,56,Mary Visser inc,"228,735",10
Jan 2017,57,Jennifer Furr inc,"3,709,458",176
Jan 2017,57,Eddie Plunkett inc,"3,478,355",166
Jan 2017,57,Kenneth Huson inc,"2,325,943",112
Jan 2017,57,Rhonda Wheeler inc,"1,640,750",82
Jan 2017,57,Eloise Montgomery inc,"1,586,648",74
Jan 2017,58,Karen Brendal inc,"292,385",13
Jan 2017,58,Trevor Najera inc,"177,870",9
Jan 2017,58,Ricky Forker inc,"145,009",6
Jan 2017,58,Gregory Pollard inc,"99,962",4
Jan 2017,58,Jeannette Russell inc,"92,281",4
Jan 2017,60,Lucas Ohara inc,"1,840,116",97
Jan 2017,60,Catherine Quisenberry inc,"668,527",32
Jan 2017,60,Diane Perez 2 inc,"623,718",32
Jan 2017,60,Mary James 10 inc,"588,314",29
Jan 2017,60,Rafael Goss inc,"560,509",26
Jan 2017,61,Benjamin Elliott 3 inc,"207,037",10
Jan 2017,61,Audrey Thrash inc,"186,881",11
Jan 2017,61,Terry Mullins inc,"125,604",6
Jan 2017,61,Alvin Garrison inc,"84,282",5
Jan 2017,61,Susan Edwards inc,"73,105",3
Jan 2017,62,Richard Jones 18 inc,"406,298",20
Jan 2017,62,John Banks 5 inc,"344,178",19
Jan 2017,62,Rita Mcreynolds inc,"329,138",16
Jan 2017,62,Amy Locke inc,"273,103",15
Jan 2017,62,Richard William inc,"266,942",12
Jan 2017,63,Nestor Wright inc,"564,197",28
Jan 2017,63,Johnathan Oldham inc,"219,580",12
Jan 2017,63,Jon Creasey inc,"219,035",11
Jan 2017,63,Amanda Mccloud inc,"197,337",8
Jan 2017,63,Annie Yasutake inc,"181,731",9
Jan 2017,64,Richard Armstrong 2 inc,"492,214",23
Jan 2017,64,Matthew Cassem inc,"470,101",25
Jan 2017,64,Terri Gamez inc,"414,955",20
Jan 2017,64,Edgar Johnson 3 inc,"294,713",15
Jan 2017,64,James Norris 5 inc,"274,338",13
Jan 2017,65,Emma Aikens inc,"174,355",8
Jan 2017,65,Richard Boehm inc,"146,606",8
Jan 2017,65,Elton Lemons inc,"129,893",6
Jan 2017,65,Jennifer Ferry inc,"94,116",5
Jan 2017,65,Richard Fetter inc,"79,939",3
Jan 2017,66,Manuel Furlong inc,"948,871",48
Jan 2017,66,Dora Tuck inc,"411,171",18
Jan 2017,66,Derrick Phillips 2 inc,"361,067",17
Jan 2017,66,Marie Serbus inc,"340,635",13
Jan 2017,66,Joseph Butler 3 inc,"230,150",9
Jan 2017,68,Nola Bulow inc,"802,381",38
Jan 2017,68,Jarvis Carrington inc,"350,374",17
Jan 2017,68,Mary Franklin 4 inc,"179,532",10
Jan 2017,68,Lucille Burnside inc,"146,056",6
Jan 2017,68,Mitzi Shaffer inc,"138,958",7
Jan 2017,69,John Miller 7 inc,"75,002,344","3,729"
Jan 2017,69,Henry Barnhill inc,"33,787,652","1,678"
Jan 2017,69,June Gray inc,"22,671,669","1,099"
Jan 2017,69,Weston Hendon inc,"20,720,184","1,033"
Jan 2017,69,Pamela Glass 2 inc,"15,672,753",775
Jan 2017,70,Ileen Niss inc,"394,535",17
Jan 2017,70,Margie Dillard inc,"275,811",14
Jan 2017,70,Stephen Wilburn inc,"109,817",5
Jan 2017,70,Yolanda Carlock inc,"96,978",5
Jan 2017,70,Tony Hilderbrandt inc,"94,415",4
Jan 2017,71,Harold Buster inc,"180,206",8
Jan 2017,71,Anna Blumberg inc,"119,825",5
Jan 2017,71,Timothy Mussell inc,"69,105",4
Jan 2017,71,John Marshall 5 inc,"64,047",2
Jan 2017,71,Thomas Hawes inc,"61,614",2
Jan 2017,73,Kathleen Lavole inc,"748,212",37
Jan 2017,73,Marilyn Conatser inc,"250,720",13
Jan 2017,73,Tracey Herz inc,"234,421",11
Jan 2017,73,Cynthia Burks inc,"156,341",7
Jan 2017,73,Christopher Kerns inc,"145,330",6
Jan 2017,74,Jeanette Mcmilliam inc,"192,513",11
Jan 2017,74,Donna Talley 2 inc,"162,210",7
Jan 2017,74,Joseph Wang inc,"140,406",8
Jan 2017,74,Jean Boles inc,"132,594",5
Jan 2017,74,Barbara Forney inc,"131,537",6
Jan 2017,75,William Gomez 5 inc,"573,300",26
Jan 2017,75,Angel Raper inc,"316,313",17
Jan 2017,75,Everett Hertzler inc,"165,748",10
Jan 2017,75,Kevin Williams 10 inc,"159,797",8
Jan 2017,75,James Funk 2 inc,"139,720",8
Jan 2017,76,Bridget Kisner inc,"3,338,852",168
Jan 2017,76,Karen Ohare inc,"1,410,656",71
Jan 2017,76,Valerie Fitch inc,"1,370,608",64
Jan 2017,76,Carolyn Reeves 2 inc,"1,065,357",51
Jan 2017,76,Brandon Lodi inc,"1,038,099",56
Jan 2017,77,David Alto inc,"252,388",12
Jan 2017,77,William Schwerdtfeger inc,"139,094",10
Jan 2017,77,Gary Hyzer inc,"82,842",4
Jan 2017,77,Luis Rembert inc,"69,405",4
Jan 2017,77,Fred Tomas inc,"66,399",4
Jan 2017,78,James Nesbit 2 inc,"623,900",29
Jan 2017,78,Richard Hunsaker inc,"540,295",26
Jan 2017,78,Kenneth Mullen inc,"508,269",29
Jan 2017,78,Humberto Ruiz inc,"339,883",17
Jan 2017,78,John Offerdahl inc,"334,439",17
Jan 2017,79,Ronald Miller 5 inc,"770,883",38
Jan 2017,79,Sabrina Arnold 2 inc,"563,523",26
Jan 2017,79,Stephen Krummel inc,"525,632",22
Jan 2017,79,Gregory Edwards inc,"417,070",19
Jan 2017,79,Mollie Green inc,"290,550",12
Jan 2017,80,Clara Leung 2 inc,"225,449",9
Jan 2017,80,Eugene Pell inc,"187,825",11
Jan 2017,80,Grace Bond inc,"129,542",5
Jan 2017,80,Theodore Martine inc,"117,432",6
Jan 2017,80,Lillian Bailey inc,"80,850",4
Jan 2017,81,Maria Heller inc,"167,899",9
Jan 2017,81,John Landor inc,"123,651",4
Jan 2017,81,Anna Perez 2 inc,"116,433",5
Jan 2017,81,Marcy Gahagan inc,"104,987",4
Jan 2017,81,Randall Kaufman inc,"75,706",4
Jan 2017,82,Allen Emmons inc,"204,813",12
Jan 2017,82,Joan Buckley inc,"181,378",10
Jan 2017,82,Robert Broyles 2 inc,"124,356",6
Jan 2017,82,Marie Husband inc,"109,972",5
Jan 2017,82,Juan Hopkins inc,"103,528",5
Jan 2017,83,Chad Robinson 4 inc,"313,930",15
Jan 2017,83,Virgil Cooper inc,"176,382",7
Jan 2017,83,Esther Gottlieb inc,"149,609",7
Jan 2017,83,Barry Schuh inc,"134,803",7
Jan 2017,83,Antonio Burdett inc,"133,624",7
Jan 2017,84,Nichole Wilson inc,"119,300",7
Jan 2017,84,Michael Wingham inc,"114,198",6
Jan 2017,84,Daniel Helmick inc,"81,171",4
Jan 2017,84,Virginia Ross 2 inc,"77,434",5
Jan 2017,84,Mark Legault inc,"66,075",3
Jan 2017,85,Bernard Nisbett inc,"214,808",12
Jan 2017,85,Kathleen Hodgson inc,"160,345",8
Jan 2017,85,Joseph Allen 5 inc,"131,988",5
Jan 2017,85,Matthew Fain inc,"123,066",6
Jan 2017,85,Katherine Beaucage inc,"88,758",3
Jan 2017,86,Jared Kirk inc,"337,228",17
Jan 2017,86,David Butler 4 inc,"132,974",4
Jan 2017,86,Christine Blackwell inc,"119,242",6
Jan 2017,86,Diana Seide inc,"106,910",5
Jan 2017,86,Jeffrey Dess inc,"106,702",4
Jan 2017,87,Frank Garcia 2 inc,"3,210,685",165
Jan 2017,87,Doug Moran inc,"3,179,675",156
Jan 2017,87,Joe Montgomery inc,"3,011,470",145
Jan 2017,87,Tessie Jaramillo inc,"2,629,316",127
Jan 2017,87,Betty Hunter 2 inc,"2,195,082",115
Jan 2017,88,Heather Ramberg inc,"5,559,289",276
Jan 2017,88,Ronald Hussein inc,"5,088,690",251
Jan 2017,88,Deidre Bright inc,"4,465,247",223
Jan 2017,88,Samantha Jackson inc,"4,190,456",218
Jan 2017,88,Kristen Hurtado inc,"4,168,944",207
Jan 2017,89,George Hicks 2 inc,"178,764",8
Jan 2017,89,Carl Fonseca inc,"83,281",4
Jan 2017,89,James White 21 inc,"79,448",4
Jan 2017,89,Sheila Clayton inc,"65,927",4
Jan 2017,89,Alejandro Ng inc,"65,870",3
Jan 2017,90,Brian Moffatt inc,"434,482",22
Jan 2017,90,Raymond Gray 3 inc,"349,845",17
Jan 2017,90,Araceli Crotts inc,"337,925",16
Jan 2017,90,Brett Dejohn inc,"329,211",14
Jan 2017,90,Lee Vazquez inc,"325,873",14
Jan 2017,91,Robert Rainville inc,"616,942",31
Jan 2017,91,Juana Bouchard inc,"535,617",23
Jan 2017,91,John Flowers 3 inc,"460,954",21
Jan 2017,91,Christine Devine inc,"392,971",18
Jan 2017,91,Hyman Sison inc,"176,712",8
Jan 2017,92,Gail Smith 3 inc,"107,608",5
Jan 2017,92,William Wimberly inc,"43,163",2
Jan 2017,92,Alex Baker 2 inc,"35,265",1
Jan 2017,92,Charles Berg inc,"31,405",1
Jan 2017,92,Jennifer Pancoast inc,"18,004",1
Jan 2017,94,Dora Dermody inc,"387,987",18
Jan 2017,94,Zachary Solis inc,"259,033",12
Jan 2017,94,Ron Miles inc,"228,045",11
Jan 2017,94,Tony Cole 2 inc,"178,150",7
Jan 2017,94,Glenn Russell inc,"174,438",8
Jan 2017,96,Karen Holsten inc,"735,075",35
Jan 2017,96,Lane Cross inc,"669,378",35
Jan 2017,96,Wendy Meyer inc,"494,852",23
Jan 2017,96,Joel Hayward inc,"452,089",24
Jan 2017,96,Quinton Nelson inc,"441,842",21
Jan 2017,97,Richard Caskey inc,"551,155",27
Jan 2017,97,Beverly Lee inc,"488,665",22
Jan 2017,97,David Lightfoot 2 inc,"454,064",21
Jan 2017,97,James Mitchell 17 inc,"266,453",13
Jan 2017,97,Matthew Robles inc,"168,091",8
Jan 2017,98,Marc Standard inc,"624,917",31
Jan 2017,98,Mavis Willis inc,"504,555",25
Jan 2017,98,Bobby Rogers inc,"454,221",22
Jan 2017,98,Tara Miller inc,"363,843",18
Jan 2017,98,Dwight Alexander inc,"287,011",13
Jan 2017,100,Steven Epps inc,"336,378",18
Jan 2017,100,Edward Moore 8 inc,"331,684",15
Jan 2017,100,Leon Newell inc,"286,869",13
Jan 2017,100,Candace Morton inc,"219,226",13
Jan 2017,100,Shelly Pitts inc,"201,921",9
Jan 2017,101,Derek Davis 2 inc,"386,510",17
Jan 2017,101,Walter Villarreal 2 inc,"224,571",11
Jan 2017,101,Lance Sanos inc,"204,992",8
Jan 2017,101,Angela Puskar inc,"197,505",9
Jan 2017,101,Carol Tate inc,"194,217",12
Jan 2017,102,Barry Hart inc,"553,776",30
Jan 2017,102,Troy Centeno inc,"285,924",12
Jan 2017,102,Wendell Morey inc,"217,221",9
Jan 2017,102,Venus Kennedy inc,"205,185",9
Jan 2017,102,Mary Derby inc,"188,719",10
Jan 2017,103,Sam Werner inc,"152,791",8
Jan 2017,103,Steven Flores 3 inc,"152,113",8
Jan 2017,103,William Murray 5 inc,"139,076",6
Jan 2017,103,Kevin Odom inc,"130,972",6
Jan 2017,103,Austin Talty inc,"100,903",5
Jan 2017,104,Lillian Riffel inc,"286,612",12
Jan 2017,104,James Thomas 20 inc,"266,874",13
Jan 2017,104,Stanley Larue inc,"180,533",8
Jan 2017,104,Joseph Jacobs inc,"154,906",9
Jan 2017,104,Laura Johnson 8 inc,"105,253",6
Jan 2017,105,Eusebio Steese inc,"349,760",20
Jan 2017,105,Jan Lenton inc,"234,716",11
Jan 2017,105,Wendy Schwartzkopf inc,"185,901",9
Jan 2017,105,Steve Haward inc,"175,481",9
Jan 2017,105,Shawna Ward inc,"173,809",8
Jan 2017,106,Antonia Greenberg inc,"170,180",10
Jan 2017,106,Bryan Porterfield inc,"138,936",7
Jan 2017,106,Debbie Mitchell inc,"133,210",8
Jan 2017,106,Tamara Vasquez inc,"115,972",7
Jan 2017,106,Elizabeth Fisher 3 inc,"95,547",4
Jan 2017,107,Julius Kutz inc,"1,685,143",92
Jan 2017,107,Tim Crosby inc,"1,380,872",63
Jan 2017,107,Michael Truelove inc,"1,224,613",59
Jan 2017,107,Denise Gomez inc,"532,140",28
Jan 2017,107,Mary Duke 3 inc,"456,554",21
Jan 2017,108,Suzanne Hammond inc,"214,960",9
Jan 2017,108,Jeannie Tambe inc,"114,932",6
Jan 2017,108,Jeffery Nelson 2 inc,"99,432",4
Jan 2017,108,Opal Love inc,"94,555",4
Jan 2017,108,Luis Smith 3 inc,"87,192",4
Jan 2017,109,Lucille Knights inc,"742,569",42
Jan 2017,109,Jose Ortega inc,"617,163",30
Jan 2017,109,Maria Jobson inc,"360,065",18
Jan 2017,109,Nina Washington inc,"232,976",11
Jan 2017,109,Dorothy Park inc,"226,441",14
Jan 2017,110,Donna Gonzalez 4 inc,"2,409,958",121
Jan 2017,110,Mae Brown inc,"894,719",40
Jan 2017,110,Wanda Hill inc,"599,824",27
Jan 2017,110,Connie Thompson 2 inc,"560,952",27
Jan 2017,110,Alvin Lucero inc,"517,217",21
Jan 2017,111,David Kilpatrick inc,"364,674",18
Jan 2017,111,Beatrice Doire inc,"246,048",11
Jan 2017,111,Bertha Walton inc,"236,895",13
Jan 2017,111,Robert Flores 6 inc,"209,559",10
Jan 2017,111,Maureen Pereira inc,"191,813",10
Jan 2017,112,Douglas Richner inc,"215,912",12
Jan 2017,112,Linda Black inc,"174,616",9
Jan 2017,112,Tracy Mathews inc,"151,580",8
Jan 2017,112,Billy Lorino inc,"100,409",5
Jan 2017,112,Michael Brotherton inc,"80,085",3
Jan 2017,113,Rosalie Frizell inc,"241,945",12
Jan 2017,113,Edward Howell inc,"135,958",7
Jan 2017,113,Roger Jones 5 inc,"120,517",5
Jan 2017,113,Erika Slowe inc,"93,732",4
Jan 2017,113,Arlene Lehmberg inc,"91,210",4
Jan 2017,114,Joann Vidinha inc,"221,354",9
Jan 2017,114,Leonard Crawford inc,"204,653",9
Jan 2017,114,Estella Bewick inc,"168,941",8
Jan 2017,114,Leslie Pipkin inc,"148,402",7
Jan 2017,114,Aaron Torgersen inc,"122,173",7
Jan 2017,115,Alicia King 2 inc,"253,850",12
Jan 2017,115,John Campbell 11 inc,"224,141",10
Jan 2017,115,Virginia Grissom inc,"197,092",10
Jan 2017,115,Holly Roper inc,"151,101",6
Jan 2017,115,Jose Griffith 2 inc,"145,794",7
Jan 2017,116,Mildred Leitheiser inc,"998,906",51
Jan 2017,116,Shannon Puckett inc,"673,472",36
Jan 2017,116,Harriet Fields inc,"658,838",34
Jan 2017,116,Matthew Barnett 3 inc,"605,348",33
Jan 2017,116,Novella Yates inc,"529,776",25
Jan 2017,117,Michael Farruggio inc,"1,355,453",64
Jan 2017,117,Theresa Martin 3 inc,"1,115,425",56
Jan 2017,117,Dion Cantu inc,"1,007,850",48
Jan 2017,117,Catherine Tanner inc,"978,083",49
Jan 2017,117,Janet Hackney inc,"952,827",47
Jan 2017,118,Richard Burrows inc,"102,888",5
Jan 2017,118,Brenda Bonney inc,"91,071",3
Jan 2017,118,Mike Colbert inc,"89,481",5
Jan 2017,118,John Mcgovern inc,"87,025",4
Jan 2017,118,Cristy Key inc,"86,979",5
Jan 2017,119,Betty Sanford inc,"316,976",16
Jan 2017,119,Jason Pappas inc,"306,226",16
Jan 2017,119,James David 2 inc,"255,048",13
Jan 2017,119,Lamar Gates inc,"207,040",10
Jan 2017,119,Marlon Evans inc,"163,099",8
Jan 2017,120,Sandra Summers inc,"242,195",12
Jan 2017,120,Timothy Blackman inc,"206,110",7
Jan 2017,120,Denise Fowler 2 inc,"115,049",5
Jan 2017,120,Matthew Martinez 4 inc,"111,560",5
Jan 2017,120,Patricia Nebergall inc,"107,032",6
Jan 2017,122,Karen Holsten inc,"300,607",16
Jan 2017,122,Elaine Ternullo inc,"99,172",5
Jan 2017,122,Sonya Hatch inc,"85,155",3
Jan 2017,122,Margaret Murphy 4 inc,"55,996",2
Jan 2017,122,Erma Vaden inc,"52,232",2
Jan 2017,123,Katharine Mathews inc,"290,101",17
Jan 2017,123,Rita Barber inc,"287,943",16
Jan 2017,123,Alan Shannon inc,"227,488",10
Jan 2017,123,Cecila Ragusa inc,"206,399",10
Jan 2017,123,Gail Stern inc,"125,456",6
Jan 2017,124,Micheal Thompson inc,"397,772",21
Jan 2017,124,Richard Blevins inc,"304,659",16
Jan 2017,124,Weston Cyree inc,"288,013",14
Jan 2017,124,Kara Cotner inc,"285,613",11
Jan 2017,124,Queen Sawyer inc,"234,738",10
Jan 2017,125,Alex Purtell inc,"343,424",17
Jan 2017,125,Brent Higgins inc,"279,142",15
Jan 2017,125,John Tippens inc,"259,366",13
Jan 2017,125,Jay Maxfield inc,"220,659",11
Jan 2017,125,Bobbi Sartain inc,"212,292",10
Jan 2017,126,Kristi Radford inc,"326,987",16
Jan 2017,126,Laura Havard inc,"311,232",15
Jan 2017,126,Oscar Nelson 2 inc,"289,915",15
Jan 2017,126,Ellen Battle inc,"282,127",15
Jan 2017,126,Diane Soule inc,"248,999",11
Jan 2017,128,Lisa Macki inc,"427,947",20
Jan 2017,128,Pamela Pickett inc,"248,509",12
Jan 2017,128,Eva Moffat inc,"214,760",13
Jan 2017,128,Richard Ward 7 inc,"157,545",6
Jan 2017,128,Stacy Williams 3 inc,"135,349",6
Jan 2017,129,Sabrina Holley inc,"524,966",24
Jan 2017,129,Barbara Sasaki inc,"360,703",20
Jan 2017,129,Violet Ransom inc,"255,450",11
Jan 2017,129,Robert Dockery inc,"253,709",13
Jan 2017,129,Donald Scuderi inc,"216,749",12
Jan 2017,130,John Taylor 21 inc,"103,865",5
Jan 2017,130,Johnny Corriveau inc,"78,755",3
Jan 2017,130,Horace Scianna inc,"68,686",4
Jan 2017,130,Michele Walters inc,"63,570",3
Jan 2017,130,Stephen Blanchard 2 inc,"53,435",3
Jan 2017,131,Christian Penn inc,"1,248,441",60
Jan 2017,131,Bill Brainard inc,"832,279",38
Jan 2017,131,Christen Harlow inc,"549,485",26
Jan 2017,131,Barry Sutherland inc,"507,104",25
Jan 2017,131,Susan Jones 12 inc,"429,467",22
Jan 2017,133,Berry Aponte inc,"248,313",9
Jan 2017,133,George Cecchini inc,"158,286",8
Jan 2017,133,Stephanie Obrien inc,"120,152",8
Jan 2017,133,Dean Noggle inc,"106,937",6
Jan 2017,133,Sarah Cabrales inc,"104,499",4
Jan 2017,135,Michael King 9 inc,"933,744",45
Jan 2017,135,Phillip Carlson inc,"323,616",14
Jan 2017,135,Erik Tovar inc,"305,893",17
Jan 2017,135,James Mccarty inc,"252,370",11
Jan 2017,135,Hugh Ford inc,"249,166",11
Jan 2017,136,Justin Pellicone inc,"502,642",22
Jan 2017,136,John Marsaw inc,"382,720",17
Jan 2017,136,Boyd Delosh inc,"348,587",15
Jan 2017,136,Reid Johnson inc,"304,640",14
Jan 2017,136,Michelle Delrio inc,"256,346",13
Jan 2017,137,Liana Ramos inc,"5,931,385",301
Jan 2017,137,Charles Cota inc,"5,056,850",248
Jan 2017,137,George Caporiccio inc,"4,923,343",240
Jan 2017,137,Rebecca Ross inc,"2,493,049",130
Jan 2017,137,Claudia Frazier inc,"2,042,090",110
Jan 2017,138,Barbara Brantly inc,"1,581,069",71
Jan 2017,138,Jessica Wilson inc,"1,408,444",67
Jan 2017,138,Ricardo Simpson inc,"932,022",50
Jan 2017,138,Elizabeth Pennington inc,"804,991",40
Jan 2017,138,Eloise Sorbo inc,"699,660",35
Jan 2017,139,Irene Rutledge inc,"410,071",23
Jan 2017,139,Caroline Green inc,"276,244",12
Jan 2017,139,Jean Rogers 2 inc,"254,027",14
Jan 2017,139,Sparkle Morales inc,"214,980",9
Jan 2017,139,Robert Horstman inc,"201,122",9
Jan 2017,140,Janet Mendiola inc,"2,158,426",108
Jan 2017,140,Robert Molina 2 inc,"1,046,029",48
Jan 2017,140,Chad Tobar inc,"705,746",33
Jan 2017,140,Ella Rose 2 inc,"702,155",34
Jan 2017,140,Lorraine Bittner inc,"679,465",34
Jan 2017,142,Manuel Lanehart inc,"486,484",25
Jan 2017,142,Steve Swartz inc,"193,763",10
Jan 2017,142,Adrian Farley inc,"113,275",5
Jan 2017,142,Melba Dasilva inc,"95,697",4
Jan 2017,142,Annette Abston inc,"86,381",4
Jan 2017,143,Scott Hepburn inc,"4,835,097",242
Jan 2017,143,Rose Garner inc,"4,156,523",204
Jan 2017,143,Alan Eisenhower inc,"3,953,558",195
Jan 2017,143,Rashida Hernandez inc,"2,679,641",134
Jan 2017,143,Marcus Stemp inc,"2,597,631",122
Jan 2017,144,Robert Mccain inc,"251,586",13
Jan 2017,144,Kristofer Oquinn inc,"245,179",12
Jan 2017,144,Patricia Saucedo inc,"238,947",13
Jan 2017,144,Andres Knight inc,"221,160",13
Jan 2017,144,Garth Catchings inc,"96,171",5
Jan 2017,145,Helen Brown 6 inc,"389,674",17
Jan 2017,145,Martin Long inc,"268,888",13
Jan 2017,145,Andrew Powers 3 inc,"256,087",10
Jan 2017,145,Courtney Eckert inc,"241,443",12
Jan 2017,145,Murray Perry inc,"191,478",10
Jan 2017,146,Mary Kirby 2 inc,"311,046",13
Jan 2017,146,Jeffery Lemon inc,"256,587",12
Jan 2017,146,John Powell 7 inc,"190,393",12
Jan 2017,146,Sandra Kalkman inc,"189,772",10
Jan 2017,146,Charles Turpin 3 inc,"168,681",7
Jan 2017,147,Thomas Chipps inc,"743,253",36
Jan 2017,147,Emma Laird inc,"539,569",29
Jan 2017,147,Patricia Dodson inc,"521,639",24
Jan 2017,147,Trevor Dean inc,"405,789",20
Jan 2017,147,Richard Chavez 3 inc,"353,716",17
Jan 2017,148,Tricia Dozier inc,"735,140",39
Jan 2017,148,Christopher Mcdonald inc,"722,295",36
Jan 2017,148,Floyd Head inc,"292,801",16
Jan 2017,148,Scott Sheldon inc,"253,876",14
Jan 2017,148,Nicolas Flaming inc,"236,307",12
Jan 2017,149,Alexandria Sarmiento inc,"4,395,501",216
Jan 2017,149,Kenneth Larson inc,"4,001,290",195
Jan 2017,149,Jerold Caldwell inc,"3,225,377",169
Jan 2017,149,Kelly Perez 2 inc,"2,506,351",120
Jan 2017,149,George Asante inc,"1,696,971",80
Jan 2017,150,Effie Mayfield inc,"346,067",18
Jan 2017,150,Deborah Stewart 3 inc,"310,751",13
Jan 2017,150,George Schwenke inc,"301,405",13
Jan 2017,150,William Trotter inc,"164,500",8
Jan 2017,150,Theresa Woods inc,"134,984",7
Jan 2017,151,Cleo Shapiro inc,"177,979",9
Jan 2017,151,Kevin Weske inc,"112,782",6
Jan 2017,151,Susie Pritchett inc,"103,533",4
Jan 2017,151,Victor Robbins inc,"102,251",6
Jan 2017,151,Cindy Uttley inc,"99,837",4
Jan 2017,153,Jimmy Scully inc,"334,154",16
Jan 2017,153,Gary Neri inc,"233,308",12
Jan 2017,153,Martha Goldstein inc,"205,617",11
Jan 2017,153,Glenda Garcia 2 inc,"144,370",10
Jan 2017,153,Howard Mitchell inc,"132,715",7
Jan 2017,155,Tracie Pennington inc,"414,235",17
Jan 2017,155,Andrew Doherty inc,"407,634",22
Jan 2017,155,David Hagen 2 inc,"385,142",15
Jan 2017,155,Jon Pumphrey inc,"349,018",15
Jan 2017,155,Donald Barros inc,"340,958",14
Jan 2017,156,Pamela Griffin inc,"578,141",30
Jan 2017,156,Christopher Butts 2 inc,"450,747",21
Jan 2017,156,Gary Finley inc,"360,897",17
Jan 2017,156,Della Dudziak inc,"326,930",15
Jan 2017,156,Dorothy Miesch inc,"325,622",16
Jan 2017,157,Helen Burnsworth inc,"1,292,160",65
Jan 2017,157,Robert Jenkins 7 inc,"350,627",16
Jan 2017,157,Ricardo Gonzalez inc,"285,500",15
Jan 2017,157,Loree Hansen inc,"190,770",9
Jan 2017,157,Pearl Stone inc,"171,948",10
Jan 2017,158,Dee Gallager inc,"10,692,275",529
Jan 2017,158,Darryl Revak inc,"9,420,843",485
Jan 2017,158,Robert Cruz 2 inc,"5,679,897",289
Jan 2017,158,Domingo Harper inc,"4,698,080",221
Jan 2017,158,Mary Huff 2 inc,"4,564,016",227
Jan 2017,159,Roy Coats inc,"1,905,401",90
Jan 2017,159,Sean Groover inc,"845,383",41
Jan 2017,159,Larry Stegall inc,"694,821",34
Jan 2017,159,Lorenzo Hawkins inc,"494,890",25
Jan 2017,159,Mary Hudspeth inc,"490,422",27
Jan 2017,160,Richard Mccabe inc,"5,509,175",275
Jan 2017,160,Eliz Prater inc,"3,072,927",162
Jan 2017,160,Donna Croshaw inc,"2,050,696",101
Jan 2017,160,Laurena Parks inc,"1,812,788",89
Jan 2017,160,Patricia Sharp 2 inc,"1,748,165",92
Jan 2017,161,Delbert Plater inc,"1,230,040",61
Jan 2017,161,Claire Mcclendon inc,"1,079,551",49
Jan 2017,161,Joyce Fletcher inc,"1,072,726",51
Jan 2017,161,William Boyle inc,"571,187",27
Jan 2017,161,Laura Chapman 2 inc,"560,716",30
Jan 2017,162,Christopher Servais inc,"630,035",33
Jan 2017,162,Maureen Werre inc,"494,730",25
Jan 2017,162,Jennifer Rudio inc,"385,646",17
Jan 2017,162,Allen Wiersma inc,"361,774",18
Jan 2017,162,Sanford Myers inc,"331,906",16
Jan 2017,163,Helen Mccutchan inc,"375,076",20
Jan 2017,163,Dale Lotzer inc,"280,568",14
Jan 2017,163,Tom Aslam inc,"270,962",12
Jan 2017,163,Luigi Hammond inc,"234,039",13
Jan 2017,163,Linda Rogers 6 inc,"222,619",12
Jan 2017,165,Tyrone Malone inc,"358,980",18
Jan 2017,165,Michael Mabry inc,"286,714",13
Jan 2017,165,Pat Harper inc,"184,413",9
Jan 2017,165,Gerald Pickett inc,"179,009",8
Jan 2017,165,Vern Cohen inc,"146,322",8
Jan 2017,166,Rodney Hatton inc,"271,217",11
Jan 2017,166,Cheryl Boone inc,"242,351",12
Jan 2017,166,Gina Sichler inc,"185,737",9
Jan 2017,166,Jason Wallenbrock inc,"176,203",9
Jan 2017,166,William Shattuck inc,"133,429",7
Jan 2017,167,Betty Brown 9 inc,"406,400",22
Jan 2017,167,Lan Brown inc,"129,638",5
Jan 2017,167,Allan Clark inc,"120,373",6
Jan 2017,167,Katharine Gutierrez inc,"114,342",5
Jan 2017,167,Stephen Wyss inc,"107,203",4
Jan 2017,168,Mary Gallegos 2 inc,"662,573",30
Jan 2017,168,Kristin Mcmurray inc,"468,925",22
Jan 2017,168,Kim Hartly inc,"465,279",22
Jan 2017,168,David Reyes 2 inc,"448,161",23
Jan 2017,168,Donald Holzer inc,"435,698",19
Jan 2017,169,Helen Mckean inc,"1,014,344",49
Jan 2017,169,Pamela Wright 3 inc,"852,737",40
Jan 2017,169,Tom Judge inc,"793,266",41
Jan 2017,169,Louis Mccall inc,"744,984",36
Jan 2017,169,Son Abraham inc,"700,641",34
Jan 2017,170,Thelma Metayer inc,"705,652",35
Jan 2017,170,Mamie James inc,"445,963",20
Jan 2017,170,Reyes Milford inc,"259,445",13
Jan 2017,170,Joey Barrett inc,"230,783",12
Jan 2017,170,Thomas Phillips 5 inc,"184,302",9
Jan 2017,171,Sandra Wells inc,"840,148",43
Jan 2017,171,David Holmes 4 inc,"509,923",25
Jan 2017,171,Sarah Palmieri inc,"424,118",19
Jan 2017,171,Bryan Harris 4 inc,"390,302",20
Jan 2017,171,Joseph Mcnamara inc,"357,312",16
Jan 2017,172,Jennie Gibbs inc,"473,678",20
Jan 2017,172,Blake Varrone inc,"225,584",10
Jan 2017,172,Bobby Schaff inc,"217,598",11
Jan 2017,172,Thomas Howard 3 inc,"200,763",10
Jan 2017,172,Tommy Mcfarland inc,"187,761",9
Jan 2017,173,Robert Doyle 3 inc,"953,668",44
Jan 2017,173,Betty Mcelvaine inc,"702,272",34
Jan 2017,173,Yolanda Panzarella inc,"584,835",30
Jan 2017,173,Kelly Bunting inc,"448,184",18
Jan 2017,173,Donald Rode inc,"342,896",18
Jan 2017,174,Cody Leonard inc,"1,153,138",53
Jan 2017,174,Karen Coffman inc,"524,977",26
Jan 2017,174,Nancy Mckeown inc,"486,953",23
Jan 2017,174,Andrea Claybrook inc,"444,078",19
Jan 2017,174,Ann Mcgarey inc,"350,978",20
Jan 2017,175,Judy Fujimoto inc,"279,867",17
Jan 2017,175,Pauline Burdette inc,"273,240",15
Jan 2017,175,Karen Wallace 2 inc,"214,574",12
Jan 2017,175,Rebecca Kelly 2 inc,"173,787",8
Jan 2017,175,David Mayfield inc,"118,236",6
Jan 2017,178,Maria Allen 4 inc,"130,587",6
Jan 2017,178,Sandra Kimball inc,"64,736",3
Jan 2017,178,Lamont Miyashiro inc,"59,549",3
Jan 2017,178,Jesse Brooker inc,"49,850",3
Jan 2017,178,Hillary Wells inc,"37,236",2
Jan 2017,179,Michael Swirsky inc,"3,093,019",163
Jan 2017,179,Curtis Banks inc,"1,044,725",53
Jan 2017,179,Gladys Castillo inc,"871,452",46
Jan 2017,179,Judy Lutz inc,"744,644",37
Jan 2017,179,Alan Poe inc,"744,417",38
Jan 2017,180,Anna Harrison inc,"440,528",23
Jan 2017,180,Ila Mcgrath inc,"280,745",13
Jan 2017,180,Arthur Coker inc,"272,637",10
Jan 2017,180,Alexandra Green inc,"240,801",12
Jan 2017,180,Denise Sievers inc,"187,893",9
Jan 2017,181,Juan Walsh 2 inc,"705,105",37
Jan 2017,181,Ella Harding inc,"242,368",12
Jan 2017,181,Grant Son inc,"220,999",10
Jan 2017,181,Gregg Verde inc,"172,404",9
Jan 2017,181,Kathleen Gau inc,"167,608",7
Jan 2017,182,Julia Cope inc,"883,308",46
Jan 2017,182,Misty Slaugh inc,"389,304",18
Jan 2017,182,Arthur Howell inc,"342,706",14
Jan 2017,182,Betty Pew inc,"315,847",18
Jan 2017,182,Harold Strand inc,"296,768",15
Jan 2017,183,Shanon Battle inc,"291,953",14
Jan 2017,183,William Munroe inc,"206,981",9
Jan 2017,183,Francis Casey inc,"206,348",9
Jan 2017,183,Justin Johnstone 2 inc,"188,952",12
Jan 2017,183,Angela Jackson 5 inc,"173,919",9
Jan 2017,184,Ralph Nava inc,"694,945",30
Jan 2017,184,Harold Ames inc,"456,732",22
Jan 2017,184,Julie Hambrick inc,"366,566",17
Jan 2017,184,Cheryl Pike inc,"277,406",14
Jan 2017,184,Charlotte Valdez inc,"219,894",10
Jan 2017,186,Larry Reid inc,"347,570",17
Jan 2017,186,David Zapata inc,"311,645",15
Jan 2017,186,Cora Brown inc,"263,682",12
Jan 2017,186,Christine Paulino inc,"225,265",10
Jan 2017,186,Kathryn Clermont inc,"205,534",9
Jan 2017,187,Ronald Morgan inc,"356,226",17
Jan 2017,187,Joseph Miles inc,"330,327",17
Jan 2017,187,Trudie Baker inc,"239,186",11
Jan 2017,187,Marvin Tucker 2 inc,"175,036",11
Jan 2017,187,Terence Harstad inc,"168,291",8
Jan 2017,188,Linda Alexander inc,"600,449",25
Jan 2017,188,Joseph Jones 15 inc,"450,735",23
Jan 2017,188,Ryan Widell inc,"368,763",20
Jan 2017,188,Barbara Waldorf inc,"352,482",17
Jan 2017,188,James Pittsley inc,"333,107",16
Jan 2017,189,Andrew Eastman inc,"783,923",38
Jan 2017,189,Christina Chamberlain inc,"530,103",27
Jan 2017,189,Esther Rodriguez 2 inc,"429,595",23
Jan 2017,189,Jack Huffman inc,"375,972",19
Jan 2017,189,Gertrude Espinosa inc,"294,247",15
Jan 2017,190,Jay Hokanson inc,"303,290",15
Jan 2017,190,Denise Marquez 2 inc,"193,753",11
Jan 2017,190,Billy Adderley inc,"134,887",6
Jan 2017,190,Diana Post inc,"129,371",6
Jan 2017,190,Thomas Voyer inc,"128,408",6
Jan 2017,191,Patrick Heiden inc,"452,381",22
Jan 2017,191,Brenda Gagnon inc,"307,546",14
Jan 2017,191,Virginia Greer inc,"296,776",14
Jan 2017,191,Frank Lundborg inc,"279,873",14
Jan 2017,191,Laura James 2 inc,"220,037",12
Jan 2017,193,Renate Snyder inc,"210,025",8
Jan 2017,193,Dorothy Woods inc,"206,671",12
Jan 2017,193,Donald Davis 9 inc,"183,141",11
Jan 2017,193,Ann Nicholas inc,"179,710",8
Jan 2017,193,Lisa Plummer inc,"179,583",9
Jan 2017,194,Alison Magallanes inc,"494,896",26
Jan 2017,194,John Piper 2 inc,"228,929",10
Jan 2017,194,Glenda Short inc,"211,619",10
Jan 2017,194,Irma Bales inc,"208,868",9
Jan 2017,194,Walter Washington 2 inc,"188,938",11
Jan 2017,195,Sally Elliott inc,"171,836",7
Jan 2017,195,Kayla Newsham inc,"163,737",8
Jan 2017,195,Scott Williamson inc,"137,664",7
Jan 2017,195,James Everhart 2 inc,"134,024",6
Jan 2017,195,Klara Ibanez inc,"126,841",5
Jan 2017,197,Claudia Rodriguez inc,"437,301",20
Jan 2017,197,Randi Duke inc,"390,225",16
Jan 2017,197,Lori Mize inc,"161,888",8
Jan 2017,197,Ella Rose 2 inc,"150,989",7
Jan 2017,197,Lori Joseph inc,"148,266",8
Jan 2017,198,Charles Fritter inc,"340,346",15
Jan 2017,198,Nancy Foley inc,"311,845",14
Jan 2017,198,Michael Howe 2 inc,"271,211",13
Jan 2017,198,Stacia Benavides inc,"232,321",10
Jan 2017,198,Walter Barbieri inc,"227,617",11
Jan 2017,199,Elbert Six inc,"955,096",44
Jan 2017,199,Crystal Dwyer inc,"859,360",44
Jan 2017,199,Carolyn Flanagan inc,"591,524",27
Jan 2017,199,Roger Serrano inc,"549,637",25
Jan 2017,199,Daryl Taylor inc,"442,611",23
Jan 2017,200,Sandra Davenport inc,"1,721,273",83
Jan 2017,200,Juan Sojka inc,"1,258,455",63
Jan 2017,200,Sabrina Oleary inc,"806,131",39
Jan 2017,200,Latanya Crofton inc,"691,610",34
Jan 2017,200,Gregory Matthews 3 inc,"661,009",32
Jan 2017,201,James Howell 7 inc,"342,479",19
Jan 2017,201,Andrew Johnson 5 inc,"195,714",10
Jan 2017,201,Patricia Hernandez 4 inc,"157,131",7
Jan 2017,201,Rosemary Clark inc,"152,658",6
Jan 2017,201,Edwin Smith 4 inc,"142,145",6
Jan 2017,203,Albert Cadwell inc,"261,314",14
Jan 2017,203,Mark Cottrill inc,"133,122",6
Jan 2017,203,Robin Flores 2 inc,"132,080",5
Jan 2017,203,Ernest Ward inc,"127,899",7
Jan 2017,203,Wayne Bird inc,"109,934",4
Jan 2017,204,Ruth Newark inc,"187,241",10
Jan 2017,204,Debora Giles inc,"100,004",5
Jan 2017,204,Yvonne Mallory inc,"99,332",4
Jan 2017,204,Josephina Taylor inc,"92,787",5
Jan 2017,204,James Sommerfield inc,"73,501",3
Jan 2017,205,Zachary Holzer inc,"68,654",3
Jan 2017,205,Lawrence Ness inc,"66,919",4
Jan 2017,205,Julian Rangel inc,"62,421",3
Jan 2017,205,Gerard Watkins inc,"61,048",3
Jan 2017,205,Mark Bejar inc,"59,607",2
Jan 2017,206,Louise Owens inc,"126,742",6
Jan 2017,206,Etta Mcdonald inc,"123,787",6
Jan 2017,206,Treva Padilla inc,"112,143",5
Jan 2017,206,Mary Roberts 6 inc,"110,330",6
Jan 2017,206,Ryan Gregg inc,"105,767",6
Jan 2017,207,Clarence Griffin inc,"104,016",6
Jan 2017,207,Teresa Begley inc,"100,776",4
Jan 2017,207,Vada Wheeler inc,"90,339",3
Jan 2017,207,Jaclyn Bradford inc,"56,253",2
Jan 2017,207,Joseph Proctor inc,"55,271",2
Jan 2017,208,Michael Abramson inc,"388,803",20
Jan 2017,208,Jason Ho inc,"227,272",9
Jan 2017,208,Jacqueline Henry inc,"208,011",8
Jan 2017,208,Gail Costello inc,"148,254",6
Jan 2017,208,Dale Skalicky inc,"115,039",6
Jan 2017,209,Ma Rowlands inc,"1,046,952",52
Jan 2017,209,Meaghan Saylor inc,"729,125",32
Jan 2017,209,Joe Stevens inc,"318,139",14
Jan 2017,209,Michael Mincey inc,"306,615",17
Jan 2017,209,Tempie Guardado inc,"275,814",15
Jan 2017,210,Angela Parsons inc,"710,319",30
Jan 2017,210,Timothy Godwin inc,"604,839",26
Jan 2017,210,Felipe Erickson inc,"539,774",29
Jan 2017,210,Jamie Remillard inc,"469,284",26
Jan 2017,210,Michael Mocher inc,"399,337",24
Jan 2017,211,William Darden inc,"438,547",19
Jan 2017,211,Margaret Niceswander inc,"323,347",16
Jan 2017,211,Karren Gibson inc,"243,066",12
Jan 2017,211,Ryan Charles inc,"227,597",10
Jan 2017,211,Glenda Obrien inc,"211,526",8
Jan 2017,212,Donald Pimental inc,"3,076,040",149
Jan 2017,212,Mary Velazquez inc,"1,643,129",85
Jan 2017,212,Bernice Pratt inc,"1,608,663",82
Jan 2017,212,Gilbert Knapp inc,"1,553,674",73
Jan 2017,212,Anna Risher inc,"1,423,781",63
Jan 2017,213,Elizabeth Thomas 10 inc,"1,143,125",54
Jan 2017,213,Lori Joseph inc,"1,119,355",56
Jan 2017,213,Ella Rose 2 inc,"1,116,776",52
Jan 2017,213,Katherine Stickel inc,"1,033,796",49
Jan 2017,213,Chad Tobar inc,"820,641",40
Jan 2017,214,Evelyn Reynoso 2 inc,"203,767",10
Jan 2017,214,Scott Debroux inc,"159,969",8
Jan 2017,214,Melissa Schmidt inc,"154,286",7
Jan 2017,214,Daniel Steinbach inc,"114,752",7
Jan 2017,214,Beatrice Thomas inc,"111,235",5
Jan 2017,215,Katherine Caldwell inc,"151,528",7
Jan 2017,215,John Walton 3 inc,"91,237",3
Jan 2017,215,Kirk Adams inc,"85,091",3
Jan 2017,215,Leonard Tyner inc,"84,316",4
Jan 2017,215,Joanne Webb inc,"64,691",3
Jan 2017,216,Helen Acosta inc,"288,931",16
Jan 2017,216,James Nelson 9 inc,"227,490",11
Jan 2017,216,Mary Donati inc,"181,398",8
Jan 2017,216,Claudia Henderson inc,"135,273",6
Jan 2017,216,Roger Espinoza inc,"130,419",7
Jan 2017,218,Julianne Mchugh inc,"539,571",25
Jan 2017,218,Ronald Abbott 2 inc,"209,123",11
Jan 2017,218,Gerald Stump inc,"203,589",9
Jan 2017,218,Anna Nii inc,"185,839",8
Jan 2017,218,Mildred Walton inc,"154,880",8
Jan 2017,219,Wendy Strong inc,"476,190",22
Jan 2017,219,Donald Smith 19 inc,"418,145",21
Jan 2017,219,Rodney Lichtenberg inc,"290,266",13
Jan 2017,219,Christopher Marinaccio inc,"277,794",11
Jan 2017,219,James Henderson 10 inc,"267,299",15
Jan 2017,220,Rose Smith 7 inc,"251,746",15
Jan 2017,220,Grace Gorman inc,"220,860",9
Jan 2017,220,Marvin Rivera 2 inc,"208,202",11
Jan 2017,220,Lee Daniels inc,"174,383",8
Jan 2017,220,Michael Bishop 3 inc,"150,282",8
Jan 2017,221,Linda Harrist inc,"68,147",3
Jan 2017,221,Anastasia Croft inc,"62,626",3
Jan 2017,221,Antonio Schmitmeyer inc,"60,126",2
Jan 2017,221,Rose Brewer 2 inc,"59,312",4
Jan 2017,221,Woodrow James inc,"43,180",2
Jan 2017,222,Joan Baggesen inc,"177,758",7
Jan 2017,222,Tammy Willman inc,"166,028",8
Jan 2017,222,Jeffery Brennan inc,"163,635",10
Jan 2017,222,Dennis Clancy inc,"134,885",7
Jan 2017,222,Jonathon Morrison inc,"90,370",6
Jan 2017,223,Judy Turner inc,"521,389",26
Jan 2017,223,Gracie Mcmorran inc,"257,463",13
Jan 2017,223,William Quinn 2 inc,"219,582",10
Jan 2017,223,Travis Stafford inc,"188,665",9
Jan 2017,223,Kim Cardwell inc,"185,968",9
Jan 2017,224,John Sutton 8 inc,"538,187",25
Jan 2017,224,Ronald Perkins 2 inc,"231,105",12
Jan 2017,224,Guillermo Wasson inc,"174,787",9
Jan 2017,224,Deborah Harris 5 inc,"135,652",6
Jan 2017,224,Virginia Porter 2 inc,"135,380",5
Jan 2017,226,John Rutherford 4 inc,"1,098,519",53
Jan 2017,226,Joseph Dempsey inc,"480,443",21
Jan 2017,226,Maggie Rosa inc,"433,467",24
Jan 2017,226,Jaime Marks inc,"348,891",18
Jan 2017,226,Kori Butler inc,"286,815",13
Jan 2017,227,Frank Mahler inc,"150,418",6
Jan 2017,227,Eugene Zubia inc,"86,990",4
Jan 2017,227,Frank Dana inc,"79,589",4
Jan 2017,227,Domingo Mcarthur inc,"69,105",3
Jan 2017,227,Robert Baker 8 inc,"63,603",4
Jan 2017,228,Pablo Laboy inc,"115,056",7
Jan 2017,228,Regina Tanner inc,"98,781",4
Jan 2017,228,Susan Watson 4 inc,"92,400",4
Jan 2017,228,James Jones 45 inc,"81,652",4
Jan 2017,228,Bobby Wortham inc,"74,224",4
Jan 2017,229,Christina Moralez inc,"402,229",21
Jan 2017,229,Carol Armstrong inc,"258,134",16
Jan 2017,229,Roy Hann inc,"212,849",11
Jan 2017,229,Amanda Robinson 2 inc,"185,870",9
Jan 2017,229,Reyes Fay inc,"171,404",8
Jan 2017,230,John Rivera 9 inc,"361,797",15
Jan 2017,230,Allison Burgess inc,"197,084",10
Jan 2017,230,Terry Morris inc,"195,717",12
Jan 2017,230,Weldon Murphy inc,"152,368",9
Jan 2017,230,Cortez Shelton inc,"138,766",7
Jan 2017,231,Robert Barfield inc,"872,328",43
Jan 2017,231,Martha Griffin inc,"816,100",42
Jan 2017,231,Gladys Perry inc,"548,981",26
Jan 2017,231,Florence Mitchell 2 inc,"534,841",27
Jan 2017,231,Edward Hebert 3 inc,"530,559",25
Jan 2017,232,Whitney Delgado inc,"577,585",25
Jan 2017,232,Truman Garcia inc,"475,595",20
Jan 2017,232,Charles Urias inc,"411,438",21
Jan 2017,232,Alice Bullinger inc,"324,096",20
Jan 2017,232,Adam Schey inc,"277,346",12
Jan 2017,233,Chad Tobar inc,"2,252,444",116
Jan 2017,233,Ella Rose 2 inc,"1,910,824",93
Jan 2017,233,John Mcneal 2 inc,"1,636,693",75
Jan 2017,233,Lori Joseph inc,"1,316,997",64
Jan 2017,233,Ruth Kohl inc,"1,125,194",58
Jan 2017,234,Roslyn Lamb inc,"463,998",21
Jan 2017,234,Daniel Marshall 7 inc,"374,273",16
Jan 2017,234,Anthony Tobey inc,"328,594",17
Jan 2017,234,Alice Dickerson inc,"245,806",12
Jan 2017,234,Johnnie Elliott inc,"234,546",13
Jan 2017,235,Myra Abron inc,"239,397",11
Jan 2017,235,Peter Adams 3 inc,"178,069",9
Jan 2017,235,David Morris 4 inc,"174,345",9
Jan 2017,235,Glenn Neblett inc,"171,254",7
Jan 2017,235,Darrin Rivett inc,"111,570",5
Jan 2017,236,Nick Redenius inc,"148,942",9
Jan 2017,236,Nora Saenz inc,"119,875",4
Jan 2017,236,Chester Franzese inc,"88,444",3
Jan 2017,236,Yolanda Holland inc,"86,374",4
Jan 2017,236,Alice Joyal inc,"80,494",5
Jan 2017,237,Julie Hughes inc,"160,630",9
Jan 2017,237,Joseph Utley inc,"138,695",7
Jan 2017,237,Bernice Batz inc,"117,229",5
Jan 2017,237,Craig Osborne inc,"69,619",3
Jan 2017,237,Nereida Duckett inc,"64,915",5
Jan 2017,238,Kenneth Kimbler inc,"764,916",42
Jan 2017,238,Greg Myers inc,"350,583",16
Jan 2017,238,Eugene Roberts inc,"315,773",17
Jan 2017,238,Duane Stafford inc,"294,243",14
Jan 2017,238,Christopher Smith 19 inc,"275,881",14
Jan 2017,239,Leonard Parton inc,"347,897",17
Jan 2017,239,Nadine Briley inc,"163,734",7
Jan 2017,239,Wayne Reynolds inc,"151,864",7
Jan 2017,239,Ivelisse Cipriani inc,"148,637",7
Jan 2017,239,James Bloomer inc,"125,568",6
Jan 2017,240,Gloria Applin inc,"153,515",7
Jan 2017,240,Victoria Brown 3 inc,"114,013",5
Jan 2017,240,Jessica Baxter inc,"104,799",6
Jan 2017,240,Heather Kaeo inc,"70,105",3
Jan 2017,240,Carol Galbraith inc,"63,038",5
Jan 2017,242,Mae Davis 3 inc,"730,345",39
Jan 2017,242,Ada Cough inc,"496,941",25
Jan 2017,242,John Bordner inc,"444,409",21
Jan 2017,242,Estella Vidal inc,"259,485",14
Jan 2017,242,Rubin Terrance inc,"220,448",11
Jan 2017,244,Diane Robbins inc,"1,187,752",56
Jan 2017,244,Vivian Cawthorne inc,"1,166,795",57
Jan 2017,244,James Funk 2 inc,"1,075,957",47
Jan 2017,244,Donald Bacon 2 inc,"642,108",33
Jan 2017,244,Pauline Hakes inc,"619,683",30
Jan 2017,245,Brenda Green 4 inc,"417,693",22
Jan 2017,245,Judy Rice inc,"306,090",13
Jan 2017,245,Anton Wilder inc,"296,304",14
Jan 2017,245,Thomas Cassidy inc,"261,709",14
Jan 2017,245,Debra Moncrief inc,"205,863",8
Jan 2017,246,Clarice Potts inc,"2,340,826",110
Jan 2017,246,James Holliday inc,"1,010,081",49
Jan 2017,246,Brian Larose inc,"910,081",44
Jan 2017,246,Gabriel Allen inc,"754,055",35
Jan 2017,246,Marc Juckett inc,"607,812",33
Jan 2017,247,Charles Doyle inc,"847,074",43
Jan 2017,247,Frederick Uson inc,"753,192",35
Jan 2017,247,Alex Couzens inc,"685,192",37
Jan 2017,247,Mary Schultheis inc,"464,440",23
Jan 2017,247,Kimberly Morgan 4 inc,"340,683",16
Jan 2017,248,Nicholas Mixer inc,"683,217",35
Jan 2017,248,Marie Vaughn inc,"664,677",32
Jan 2017,248,Katherine Gonce inc,"601,863",30
Jan 2017,248,George Wheeler 2 inc,"554,253",25
Jan 2017,248,Alison Miranda inc,"501,162",24
Jan 2017,250,Catherine Ochs inc,"514,485",22
Jan 2017,250,Edward Campbell 2 inc,"444,579",22
Jan 2017,250,Angela Mcnabb inc,"322,793",17
Jan 2017,250,Mary Ruddy inc,"289,748",12
Jan 2017,250,Chris Fowler 2 inc,"275,310",12
Jan 2017,251,Lola Cramer inc,"1,189,496",57
Jan 2017,251,Rose Mincey inc,"758,725",37
Jan 2017,251,Ryan Harris 2 inc,"749,875",36
Jan 2017,251,Charles Bendel inc,"628,550",33
Jan 2017,251,Leticia Meyer inc,"539,882",30
Jan 2017,252,Jimmy Kelly inc,"247,788",13
Jan 2017,252,Felicia Pickle inc,"129,344",7
Jan 2017,252,Ilene Young inc,"116,746",6
Jan 2017,252,Susan Carlson inc,"103,100",5
Jan 2017,252,Terry Hiles inc,"99,753",5
Jan 2017,253,Karen Fiene inc,"655,090",32
Jan 2017,253,Jesse Valazquez inc,"490,115",22
Jan 2017,253,Gussie Bickford inc,"468,225",23
Jan 2017,253,Dillon Renshaw inc,"351,584",22
Jan 2017,253,Kathleen Pittman inc,"337,708",19
Jan 2017,254,Michael Newsom inc,"199,849",9
Jan 2017,254,Dorothy Sharp 2 inc,"166,775",9
Jan 2017,254,Winfred Canfield inc,"143,479",7
Jan 2017,254,Debra Mock inc,"108,048",4
Jan 2017,254,Nannette Wermers inc,"94,596",4
Jan 2017,255,Harmony Mathis inc,"411,951",18
Jan 2017,255,Jeffrey Cawley inc,"206,243",8
Jan 2017,255,Roger Thibodeaux inc,"201,132",9
Jan 2017,255,Joe Hall inc,"196,718",9
Jan 2017,255,Sheryl Wilson inc,"163,857",8
Jan 2017,256,Leigh Carr inc,"1,124,589",56
Jan 2017,256,Edward Jones 10 inc,"530,237",24
Jan 2017,256,Juan Kong inc,"357,159",16
Jan 2017,256,Ralph Palmer inc,"239,068",12
Jan 2017,256,Ryan Kyle inc,"180,588",9
Jan 2017,258,Derrick Johnson inc,"150,148",8
Jan 2017,258,Lina Kelsey inc,"134,041",8
Jan 2017,258,Chantel Goodermote inc,"114,388",6
Jan 2017,258,Charlotte Shouse inc,"111,630",4
Jan 2017,258,Stacie Lucas inc,"87,495",3
Jan 2017,259,Gerald Mccullough inc,"594,665",27
Jan 2017,259,Allen Jackson 2 inc,"591,722",30
Jan 2017,259,Adrienne Hill inc,"356,590",17
Jan 2017,259,Anthony Wheeler 2 inc,"287,370",15
Jan 2017,259,Carol Patton inc,"246,170",11
Jan 2017,260,William Young 10 inc,"247,368",13
Jan 2017,260,Jordan Johnson inc,"204,894",10
Jan 2017,260,Eloise Paoli inc,"172,606",7
Jan 2017,260,Carol Yow inc,"170,139",6
Jan 2017,260,Lynelle Wilson inc,"137,767",6
Jan 2017,261,Donald Lowe inc,"219,715",9
Jan 2017,261,Samuel Powell inc,"219,324",12
Jan 2017,261,Kay Davis 2 inc,"192,667",9
Jan 2017,261,Maria Brown 13 inc,"192,189",9
Jan 2017,261,Marie Koch inc,"150,164",8
Jan 2017,262,Lora Harrell inc,"266,565",12
Jan 2017,262,Raymond Sylvester inc,"226,711",10
Jan 2017,262,Joshua Finchum inc,"197,464",9
Jan 2017,262,Bonnie Thomas 5 inc,"124,193",6
Jan 2017,262,Dale Truax inc,"118,961",5
Jan 2017,263,Donnell Cotto inc,"111,262",6
Jan 2017,263,Joan Miller 2 inc,"96,771",5
Jan 2017,263,David Millay 2 inc,"90,468",5
Jan 2017,263,Bryant Campbell inc,"80,443",5
Jan 2017,263,Mary Stroup inc,"74,057",3
Jan 2017,264,Grace Cox inc,"214,660",10
Jan 2017,264,Judith Roth inc,"204,094",10
Jan 2017,264,Erika Legrand inc,"151,134",8
Jan 2017,264,Maria Harris 7 inc,"126,241",7
Jan 2017,264,Stacey Smith 5 inc,"106,506",5
Jan 2017,265,Michelle Dougherty inc,"409,164",18
Jan 2017,265,Michael Feinberg inc,"290,485",15
Jan 2017,265,John Mai inc,"238,593",12
Jan 2017,265,Aron Chase inc,"216,166",8
Jan 2017,265,Angel Berry inc,"194,770",11
Jan 2017,266,Jerry Anderson 2 inc,"268,055",13
Jan 2017,266,Darryl Servin inc,"164,949",7
Jan 2017,266,Jeff Darou inc,"164,192",8
Jan 2017,266,Laureen Talton inc,"106,945",4
Jan 2017,266,George Sebastian inc,"93,367",4
Jan 2017,267,Genesis Barcia inc,"147,697",11
Jan 2017,267,Patricia Jackson 6 inc,"147,507",8
Jan 2017,267,Kimberly Brown 6 inc,"132,229",6
Jan 2017,267,Dennis Smith 8 inc,"89,682",4
Jan 2017,267,Gary Saling inc,"88,848",5
Jan 2017,268,Ernest Garner inc,"573,285",30
Jan 2017,268,Trudy Harris inc,"544,773",26
Jan 2017,268,Sabine King inc,"474,694",25
Jan 2017,268,Roy Mccoy inc,"472,172",24
Jan 2017,268,Carmen Lewis inc,"331,332",15
Jan 2017,269,Nancy Rodgers 2 inc,"94,029",5
Jan 2017,269,Arlene Gan inc,"88,143",4
Jan 2017,269,Josephine Garrity inc,"77,120",5
Jan 2017,269,Hershel Sass inc,"62,654",3
Jan 2017,269,Heather Hopkins inc,"59,869",3
Jan 2017,270,Douglas Massie inc,"302,301",14
Jan 2017,270,Jane Vanauken inc,"187,176",9
Jan 2017,270,Cristina Lindsay inc,"165,585",10
Jan 2017,270,Frances Beasley inc,"148,316",6
Jan 2017,270,Trevor Rodriquez inc,"127,932",5
Jan 2017,271,Sharon Mcdaniel inc,"597,964",30
Jan 2017,271,Christopher Castro 2 inc,"385,464",18
Jan 2017,271,George Joesph inc,"359,823",17
Jan 2017,271,Jame Perez inc,"347,061",15
Jan 2017,271,Jimmy Garcia 2 inc,"337,802",18
Jan 2017,272,David Fitzpatrick inc,"396,430",21
Jan 2017,272,Joseph Olson 3 inc,"295,544",14
Jan 2017,272,Francis Sanford 2 inc,"281,277",14
Jan 2017,272,Jeanne Bell 2 inc,"263,265",11
Jan 2017,272,Mark Layne inc,"262,100",13
Jan 2017,274,Doris Babcock inc,"2,331,469",106
Jan 2017,274,Jane Bell inc,"878,154",43
Jan 2017,274,William Hummel 2 inc,"750,577",37
Jan 2017,274,Juanita Crick inc,"637,391",27
Jan 2017,274,Florence Shockey inc,"630,961",32
Jan 2017,275,Marina Harper inc,"194,257",9
Jan 2017,275,Orville Caporiccio inc,"191,828",9
Jan 2017,275,James Mcmilliam inc,"181,181",8
Jan 2017,275,Frederick Mccammon inc,"169,910",9
Jan 2017,275,Clayton Mueller inc,"134,753",7
Jan 2017,276,Odis Hampton inc,"585,660",32
Jan 2017,276,Terri Morse inc,"487,779",26
Jan 2017,276,Kathleen Marchiori inc,"355,560",18
Jan 2017,276,Steven Porter 2 inc,"341,693",18
Jan 2017,276,Joey Johnson inc,"282,789",16
Jan 2017,277,Jonathan Rollins inc,"2,261,948",107
Jan 2017,277,Michelle Briscoe inc,"1,366,309",67
Jan 2017,277,Daniel Phipps 2 inc,"1,315,947",66
Jan 2017,277,Tracie Dempsey inc,"1,256,383",64
Jan 2017,277,Amira Jefferson inc,"1,127,126",52
Jan 2017,278,Sylvia Holler inc,"622,683",34
Jan 2017,278,David Fontaine inc,"534,250",25
Jan 2017,278,Abigail Jefferis inc,"500,509",20
Jan 2017,278,Maria Davis 10 inc,"459,979",21
Jan 2017,278,Darrell Friedrich inc,"299,366",16
Jan 2017,279,George Williams 20 inc,"807,048",41
Jan 2017,279,Jocelyn Dixon inc,"742,138",37
Jan 2017,279,Debra Williams 7 inc,"739,858",33
Jan 2017,279,Miguel Walt inc,"414,323",20
Jan 2017,279,Robert Hall 16 inc,"394,276",24
Jan 2017,280,Clyde Garland inc,"1,506,001",74
Jan 2017,280,Matthew Horton 2 inc,"327,710",16
Jan 2017,280,John Harris 25 inc,"293,896",14
Jan 2017,280,Michael Anderson 16 inc,"267,494",13
Jan 2017,280,Cynthia Morton inc,"260,158",12
Jan 2017,281,Charles Everett inc,"492,374",25
Jan 2017,281,Pierre Weiner inc,"263,514",17
Jan 2017,281,Sandra Staples inc,"236,876",12
Jan 2017,281,Joy Flaherty inc,"196,007",12
Jan 2017,281,Ceola Morris inc,"191,622",10
Jan 2017,282,Jonathan Crumble inc,"715,535",35
Jan 2017,282,Devon Sanders inc,"475,751",23
Jan 2017,282,Katherine Cotter inc,"343,532",21
Jan 2017,282,Daron Corley inc,"293,236",15
Jan 2017,282,Bradley Meczywor inc,"225,745",13
Jan 2017,283,Christopher Carter 3 inc,"1,385,083",72
Jan 2017,283,Marlin Stroud inc,"793,145",44
Jan 2017,283,Floretta Blankenship inc,"793,082",39
Jan 2017,283,Jennifer Moody inc,"726,142",36
Jan 2017,283,Chad Tobar inc,"718,338",33
Jan 2017,285,Jefferey Smith inc,"365,154",19
Jan 2017,285,William Cade inc,"140,604",6
Jan 2017,285,Patricia Brown 5 inc,"136,039",7
Jan 2017,285,Gary Jenkins 3 inc,"126,799",8
Jan 2017,285,William Duby inc,"108,576",5
Jan 2017,286,Chris Heath inc,"2,306,870",113
Jan 2017,286,Kevin Hellman inc,"1,716,096",86
Jan 2017,286,Rita Elias inc,"1,111,680",54
Jan 2017,286,Lisa Castillo 2 inc,"1,016,558",50
Jan 2017,286,Jasmin Morataya inc,"919,295",44
Jan 2017,287,Wm Evans inc,"194,876",9
Jan 2017,287,John Arlington inc,"140,725",8
Jan 2017,287,Oliver Kim inc,"86,827",3
Jan 2017,287,George Peebles inc,"74,608",4
Jan 2017,287,Adrianna Smith inc,"74,353",4
Jan 2017,288,Wallace Bennett inc,"937,855",47
Jan 2017,288,Steve Crofton inc,"775,949",39
Jan 2017,288,Michael Morgan 3 inc,"647,727",35
Jan 2017,288,Lynn Brown 6 inc,"353,789",18
Jan 2017,288,Daniel Trevino inc,"350,710",13
Jan 2017,289,Karla Reyna inc,"2,150,394",101
Jan 2017,289,Sherri Garrison inc,"1,588,042",84
Jan 2017,289,John Penn 2 inc,"565,773",26
Jan 2017,289,Elnora Cook inc,"530,082",25
Jan 2017,289,George Centeno inc,"438,615",23
Jan 2017,290,Shane Nelson inc,"210,243",10
Jan 2017,290,Daniel Jones 11 inc,"177,948",8
Jan 2017,290,Helen Logan inc,"152,491",8
Jan 2017,290,Guadalupe Schoenfeld inc,"144,382",6
Jan 2017,290,Kendall Leigh inc,"105,965",4
Jan 2017,291,Elizabeth Gibbs inc,"746,187",34
Jan 2017,291,Lisa Bryant 3 inc,"718,592",40
Jan 2017,291,Paul Dietrich inc,"662,502",31
Jan 2017,291,Chad Tobar inc,"621,079",32
Jan 2017,291,Efrain Webb inc,"596,083",29
Jan 2017,292,Rebecca Kim 2 inc,"604,758",30
Jan 2017,292,Ralph Phillips 2 inc,"428,988",22
Jan 2017,292,Gilbert Lowell inc,"382,671",16
Jan 2017,292,Scott Uson inc,"308,601",15
Jan 2017,292,Sue Hopkins 2 inc,"299,977",13
Jan 2017,293,Joseph Phillips 6 inc,"84,621",3
Jan 2017,293,Clifford Jimenez inc,"79,266",4
Jan 2017,293,Richard Duhe inc,"76,350",3
Jan 2017,293,Maria Morlan inc,"69,785",3
Jan 2017,293,Juanita Johnson 4 inc,"60,074",2
Jan 2017,294,Keith Thomas 2 inc,"255,131",11
Jan 2017,294,Stephanie Cheatham inc,"168,177",10
Jan 2017,294,Melissa Mackenzie 2 inc,"122,147",6
Jan 2017,294,Mathew Vogus inc,"108,969",5
Jan 2017,294,Anthony Sutton inc,"104,931",5
Jan 2017,295,Darren Brewer inc,"307,829",16
Jan 2017,295,James Svec 2 inc,"238,700",12
Jan 2017,295,William Harrington 3 inc,"211,614",9
Jan 2017,295,John Mayfield 2 inc,"210,214",10
Jan 2017,295,Jody Minor inc,"179,415",9
Jan 2017,296,Laura Carter inc,"401,497",19
Jan 2017,296,Randall Howard inc,"401,124",19
Jan 2017,296,Dale Crowder inc,"360,466",19
Jan 2017,296,Kimberly Jones 11 inc,"328,435",15
Jan 2017,296,Bessie Davis 2 inc,"281,532",12
Jan 2017,297,Daisy Hunt inc,"416,921",23
Jan 2017,297,Crystal Marquez inc,"321,319",19
Jan 2017,297,Nicole Borrero inc,"294,663",14
Jan 2017,297,Melanie Outlaw inc,"260,554",12
Jan 2017,297,Cyril Bolen inc,"250,532",12
Jan 2017,298,Chad Tobar inc,"249,649",13
Jan 2017,298,Lori Joseph inc,"194,078",8
Jan 2017,298,Marisa Corbin inc,"121,838",7
Jan 2017,298,George Wilson 8 inc,"93,505",5
Jan 2017,298,Donna Canfield inc,"92,047",4
Jan 2017,299,Eric Autrey inc,"304,621",16
Jan 2017,299,Michelle Thomas 6 inc,"250,430",12
Jan 2017,299,Mildred Tilman inc,"245,280",12
Jan 2017,299,Gary Hayes inc,"205,543",11
Jan 2017,299,Kim Sutton inc,"195,548",9
Jan 2017,300,Ruben Frantz inc,"557,008",29
Jan 2017,300,Stephen Lay inc,"470,250",22
Jan 2017,300,Rene Roberts 2 inc,"458,327",24
Jan 2017,300,Eddie Coyle 2 inc,"349,968",20
Jan 2017,300,Robert Barnard 2 inc,"306,707",13
Jan 2017,301,Juan Jennrich inc,"382,972",16
Jan 2017,301,Joyce Perry inc,"310,277",15
Jan 2017,301,Jennifer Adams 3 inc,"185,614",7
Jan 2017,301,Christopher Gray 4 inc,"161,707",9
Jan 2017,301,Carol Bentley inc,"153,586",7
Jan 2017,302,Albert Smith 10 inc,"549,549",31
Jan 2017,302,Mary Wells 6 inc,"500,684",25
Jan 2017,302,Colin Canelo inc,"487,734",23
Jan 2017,302,Jacob Morrison inc,"368,977",17
Jan 2017,302,Thomas Crouchet inc,"367,153",19
Jan 2017,303,Marvin Peterman inc,"525,265",29
Jan 2017,303,Christine Hill 3 inc,"313,186",14
Jan 2017,303,Bessie Fulmer inc,"312,497",17
Jan 2017,303,Josue Britt inc,"251,646",11
Jan 2017,303,Kelly Thomas 4 inc,"208,419",10
Jan 2017,304,Jill Costa inc,"412,963",22
Jan 2017,304,Cordelia Rice inc,"340,846",18
Jan 2017,304,Heather Brackett inc,"310,327",15
Jan 2017,304,Douglas Mackin inc,"259,858",15
Jan 2017,304,Jeanette Kmiecik inc,"178,924",8
Jan 2017,306,Maurice Robertson inc,"341,708",18
Jan 2017,306,Timothy Sepulveda inc,"199,852",10
Jan 2017,306,Linda Zawacki inc,"141,740",7
Jan 2017,306,Martha Williams 5 inc,"138,387",8
Jan 2017,306,Ruby Armstead inc,"124,252",6
Jan 2017,307,John Kluender inc,"363,413",23
Jan 2017,307,Victor Sandquist inc,"242,936",11
Jan 2017,307,Allie Lynch inc,"151,690",7
Jan 2017,307,Larry Hicks 4 inc,"133,051",7
Jan 2017,307,Thomas Smith 28 inc,"132,046",7
Jan 2017,308,Reed Williams inc,"509,266",25
Jan 2017,308,Fannie Baltimore inc,"472,069",26
Jan 2017,308,Roy Lavine inc,"385,705",18
Jan 2017,308,Amy Fleetwood inc,"374,633",16
Jan 2017,308,Alicia Roberts inc,"371,833",19
Jan 2017,309,David Aucoin inc,"217,027",12
Jan 2017,309,Christopher Frazier 2 inc,"187,715",8
Jan 2017,309,Ernest Turner 2 inc,"126,525",7
Jan 2017,309,Minnie Wendt inc,"105,199",4
Jan 2017,309,Carolyn Tooley inc,"100,871",4
Jan 2017,310,Briana Powell inc,"257,113",11
Jan 2017,310,Jayson Skeels inc,"192,730",10
Jan 2017,310,Geoffrey Trease inc,"154,582",6
Jan 2017,310,Darrick Pendleton inc,"106,951",4
Jan 2017,310,Kent Mccullough inc,"101,032",4
Jan 2017,311,Janet Baker 2 inc,"391,685",19
Jan 2017,311,Annie Bishop inc,"210,409",10
Jan 2017,311,Walter May inc,"194,294",10
Jan 2017,311,Joseph Wade 2 inc,"163,334",7
Jan 2017,311,Nancy Rogers 2 inc,"162,716",6
Jan 2017,312,Joann Net inc,"191,589",8
Jan 2017,312,Brandon Whitman inc,"185,892",8
Jan 2017,312,Oscar Carter inc,"163,598",9
Jan 2017,312,Rebecca Solis inc,"143,965",7
Jan 2017,312,Tawana Louie inc,"130,541",6
Jan 2017,313,Danny Lupien inc,"262,777",15
Jan 2017,313,Judy Richards inc,"192,559",10
Jan 2017,313,Stanley Adair inc,"137,918",5
Jan 2017,313,Brian Garza inc,"130,286",6
Jan 2017,313,Jason Butler 2 inc,"129,523",6
Jan 2017,314,Jeffery Aguilar 2 inc,"750,822",34
Jan 2017,314,Charles Dallas inc,"730,324",34
Jan 2017,314,Julio Piner inc,"721,077",36
Jan 2017,314,Carl Black inc,"608,490",32
Jan 2017,314,Ruth Dillard inc,"531,061",26
Jan 2017,315,Lester Marcum inc,"115,342",5
Jan 2017,315,Lisa Garza inc,"76,864",3
Jan 2017,315,Kenneth Robbin inc,"47,052",2
Jan 2017,315,Evelyn Leis inc,"41,213",2
Jan 2017,315,Kathryn Berthold inc,"32,619",2
Jan 2017,316,Shelia Mains inc,"17,592",1
Jan 2017,318,Jean Vandusen inc,"301,912",16
Jan 2017,318,Valerie Hutchinson inc,"246,869",12
Jan 2017,318,Jimmy Ascencio inc,"245,257",12
Jan 2017,318,Jose Penn inc,"220,546",10
Jan 2017,318,Thomas Dubie inc,"201,185",8
Jan 2017,319,Jessica Wilson inc,"45,939",2
Jan 2017,319,Joshua Margo inc,"31,698",1
Jan 2017,319,Richard Smith 39 inc,"23,846",1
Jan 2017,319,Patricia Jackson 4 inc,"22,719",1
Jan 2017,319,Christopher Rodgers inc,"22,020",1
Jan 2017,320,Tom Benavidez inc,"1,565,227",82
Jan 2017,320,Edwin Riley inc,"412,683",19
Jan 2017,320,Janice Whiteman inc,"360,643",19
Jan 2017,320,Rebecca Harrold inc,"353,387",17
Jan 2017,320,Derek Loftis inc,"266,451",11
Jan 2017,321,Cynthia Ciriaco inc,"167,935",9
Jan 2017,321,Timothy Mays inc,"152,524",7
Jan 2017,321,Arthur Cobb inc,"117,122",5
Jan 2017,321,Karl Watts inc,"90,185",4
Jan 2017,321,John Longoria inc,"81,604",4
Jan 2017,322,Quinton Elizarraras inc,"1,759,035",89
Jan 2017,322,Andrea Hartman inc,"1,466,213",78
Jan 2017,322,Allen Poulton inc,"719,952",41
Jan 2017,322,Kristin Garrett inc,"713,502",35
Jan 2017,322,Dana Anderson inc,"622,876",31
Jan 2017,323,Ruben Lopez inc,"608,769",30
Jan 2017,323,Michael Wheeler 8 inc,"576,898",29
Jan 2017,323,Kathleen Holmes inc,"185,058",11
Jan 2017,323,Eric Kennedy 2 inc,"152,779",6
Jan 2017,323,Leisa Mahoney inc,"151,478",7
Jan 2017,325,Dennis Terrance inc,"564,243",28
Jan 2017,325,Christopher Pinneo inc,"447,616",24
Jan 2017,325,Miriam Cisneros inc,"279,985",13
Jan 2017,325,Francine Legions inc,"272,746",13
Jan 2017,325,Craig Rehm inc,"225,708",13
Jan 2017,326,Irma Fredericks inc,"118,046",5
Jan 2017,326,Nancy Hill 5 inc,"105,013",4
Jan 2017,326,Todd Ballance inc,"81,950",3
Jan 2017,326,Shirley Armstead inc,"81,555",3
Jan 2017,326,Renee Smith 2 inc,"81,257",4
Jan 2017,327,Arthur Cobb 3 inc,"106,793",6
Jan 2017,327,James Ellsworth inc,"95,023",3
Jan 2017,327,Christina Baylon inc,"82,645",5
Jan 2017,327,Gerald August inc,"81,309",4
Jan 2017,327,Dorothy Loftus inc,"64,921",3
Jan 2017,328,William Darling inc,"604,132",30
Jan 2017,328,Sharon Burke inc,"266,752",11
Jan 2017,328,Bernadette Padron inc,"246,032",13
Jan 2017,328,Wendy Donnelly inc,"211,888",12
Jan 2017,328,Jo Davis inc,"188,285",11
Jan 2017,329,Stephanie Bagaoisan inc,"456,620",25
Jan 2017,329,Kristen Woods inc,"413,908",21
Jan 2017,329,John Hunt 4 inc,"294,685",13
Jan 2017,329,Sylvia Bass 2 inc,"253,656",12
Jan 2017,329,Robert Olson 4 inc,"251,188",11
Jan 2017,330,Sandra Buckner inc,"341,456",16
Jan 2017,330,Karen Pate inc,"265,707",12
Jan 2017,330,Hugh Gale inc,"192,641",9
Jan 2017,330,Bettie Manriquez inc,"177,099",9
Jan 2017,330,Lois Miller 2 inc,"128,741",5
Jan 2017,331,Valerie Martin 2 inc,"6,023,139",303
Jan 2017,331,Antoine Alexander inc,"5,905,031",283
Jan 2017,331,Jean Jolley inc,"4,083,736",203
Jan 2017,331,Joann Lilly inc,"2,489,935",121
Jan 2017,331,Ryan Stephens 2 inc,"2,464,170",121
Jan 2017,333,Joseph Proctor inc,"4,513,563",219
Jan 2017,333,Teresa Begley inc,"3,748,667",184
Jan 2017,333,Vincent Peterson 2 inc,"2,102,317",103
Jan 2017,333,Naomi Day inc,"1,536,341",74
Jan 2017,333,Andrew Hernandez 2 inc,"1,366,288",63
Jan 2017,334,Mary Siegel inc,"816,735",39
Jan 2017,334,Brianna Derrick inc,"681,476",32
Jan 2017,334,Jeffrey Bock inc,"522,974",22
Jan 2017,334,Milton Greve inc,"435,633",20
Jan 2017,334,Megan Brackeen inc,"405,011",20
Jan 2017,335,Catherine Tanner inc,"333,226",17
Jan 2017,335,Yolanda Jones 3 inc,"294,513",13
Jan 2017,335,Jeffrey Bird inc,"241,844",10
Jan 2017,335,Matthew Soloveichik inc,"171,150",8
Jan 2017,335,Jennifer Fleming 3 inc,"127,683",6
Jan 2017,336,Frank Mcneil inc,"201,199",9
Jan 2017,336,Jack Turner inc,"125,390",5
Jan 2017,336,Angie Ewald inc,"86,205",4
Jan 2017,336,Stephanie Kirtley inc,"81,261",4
Jan 2017,336,Katherine Kirschner inc,"81,257",4
Jan 2017,337,Karen Lee 2 inc,"409,075",20
Jan 2017,337,Anna Baker 2 inc,"260,660",11
Jan 2017,337,Timothy Robins inc,"145,135",6
Jan 2017,337,Sherry Schiller inc,"116,454",5
Jan 2017,337,Melvin Perez 2 inc,"115,777",6
Jan 2017,338,Lucas Carmona inc,"201,676",10
Jan 2017,338,Sharon Haley 2 inc,"172,507",9
Jan 2017,338,Andrew Caponigro inc,"160,428",7
Jan 2017,338,Russell Sexton inc,"134,612",7
Jan 2017,338,Lon Larson inc,"93,046",4
Jan 2017,339,Christopher Greer inc,"532,322",30
Jan 2017,339,Cecilia Drath inc,"452,628",21
Jan 2017,339,Gertrudis Stamps inc,"412,436",22
Jan 2017,339,Marie Reynolds 4 inc,"405,552",20
Jan 2017,339,Mireya Smith inc,"318,096",14
Jan 2017,340,Terry Turpin 2 inc,"1,530,834",80
Jan 2017,340,Janet Johnson 3 inc,"768,102",39
Jan 2017,340,Thomas Smith 35 inc,"746,110",40
Jan 2017,340,Chad Tobar inc,"678,143",35
Jan 2017,340,Nancy Jamison 2 inc,"638,303",37
Jan 2017,341,Bonita Lemons inc,"350,584",16
Jan 2017,341,Joan Cuevas inc,"335,927",17
Jan 2017,341,David Kellam inc,"206,258",9
Jan 2017,341,Michael Winston 3 inc,"202,094",10
Jan 2017,341,Emily Robbins inc,"175,039",11
Jan 2017,342,William Roney inc,"581,212",32
Jan 2017,342,Gordon Burdock inc,"142,597",8
Jan 2017,342,Mary Tierney inc,"130,714",6
Jan 2017,342,Kristen Cianciola inc,"111,644",6
Jan 2017,342,Vida Smith inc,"103,058",6
Jan 2017,343,Joshua Reyna inc,"272,395",14
Jan 2017,343,Christopher Kroll inc,"184,092",9
Jan 2017,343,James Kinkelaar inc,"93,540",6
Jan 2017,343,Susie Cronin inc,"70,808",4
Jan 2017,343,William Jaffe inc,"69,719",4
Jan 2017,344,Morris Grooms inc,"932,847",45
Jan 2017,344,Chad Tobar inc,"641,414",34
Jan 2017,344,Mary Hester 2 inc,"567,555",26
Jan 2017,344,Erica Paul inc,"512,132",23
Jan 2017,344,John Bigbee inc,"497,235",25
Jan 2017,345,Susan Campbell inc,"128,976",6
Jan 2017,345,Brandon Hill 2 inc,"121,074",5
Jan 2017,345,John Hyett inc,"116,509",5
Jan 2017,345,Eugene Mcalexander inc,"96,895",5
Jan 2017,345,Cindy Moore inc,"81,609",3
Jan 2017,347,Christopher Jackson 5 inc,"708,448",36
Jan 2017,347,Carolyn Hardin inc,"554,017",27
Jan 2017,347,Erma Milligan inc,"520,989",23
Jan 2017,347,Edna Ledesma inc,"460,323",22
Jan 2017,347,Shirley Lawrence 2 inc,"445,887",21
Jan 2018,1,Kathie Sughrue inc,"267,943,521","13,326"
Jan 2018,1,Cesar Hall inc,"192,160,428","9,557"
Jan 2018,1,Mary Gray 7 inc,"102,481,787","5,072"
Jan 2018,1,David Gunstream inc,"51,971,242","2,572"
Jan 2018,1,Steven Russell inc,"47,455,289","2,342"
Jan 2018,2,Shana Platt inc,"603,751",28
Jan 2018,2,James Luhman inc,"468,621",23
Jan 2018,2,Charles Budde inc,"306,297",16
Jan 2018,2,Ernesto Matthews inc,"293,382",13
Jan 2018,2,Cristal Forney inc,"252,781",13
Jan 2018,3,Rhonda Cunningham inc,"885,906",44
Jan 2018,3,Donnie Sefcovic inc,"778,974",35
Jan 2018,3,Dennis Mcmillan inc,"693,956",35
Jan 2018,3,Solomon Deshayes inc,"686,341",31
Jan 2018,3,Robert Harrison 7 inc,"674,060",37
Jan 2018,4,Louise Cole 2 inc,"3,572,448",179
Jan 2018,4,Juan Niemi inc,"2,504,279",126
Jan 2018,4,Mary Perry 8 inc,"2,140,600",112
Jan 2018,4,Nathaniel Stewart inc,"2,085,347",112
Jan 2018,4,Katie Farwell inc,"1,931,718",99
Jan 2018,6,Eva Mcnear inc,"644,611",29
Jan 2018,6,Elizabeth Mueller inc,"366,272",17
Jan 2018,6,Edna Bailey 2 inc,"320,545",15
Jan 2018,6,Jack Mcsweeney inc,"304,164",18
Jan 2018,6,Robert Reper inc,"292,719",16
Jan 2018,7,Joe Powell inc,"620,001",30
Jan 2018,7,Sheila Bissonnette inc,"559,805",30
Jan 2018,7,Don Lenz inc,"520,281",29
Jan 2018,7,Florence Williamson inc,"370,297",16
Jan 2018,7,Armand Humphrey inc,"346,327",16
Jan 2018,8,Larry Stegall 2 inc,"1,567,240",74
Jan 2018,8,Mike Sparks inc,"1,536,306",80
Jan 2018,8,Carlotta Schell inc,"1,466,892",75
Jan 2018,8,Sandra Crocker inc,"1,424,562",69
Jan 2018,8,Mary Alas inc,"843,848",37
Jan 2018,9,Scott Brown 6 inc,"1,022,604",44
Jan 2018,9,Rachael Oehler inc,"866,243",50
Jan 2018,9,Christopher Gerstner inc,"416,446",24
Jan 2018,9,Deborah Mendoza 2 inc,"390,194",19
Jan 2018,9,Walter Grillo inc,"338,822",16
Jan 2018,10,Roger Murach inc,"1,347,282",67
Jan 2018,10,Iris Key inc,"1,074,018",55
Jan 2018,10,Alexandra Easton inc,"749,729",35
Jan 2018,10,Maribel Prince inc,"651,280",30
Jan 2018,10,Socorro Stevens inc,"629,406",33
Jan 2018,11,Paula Crumb inc,"2,504,714",125
Jan 2018,11,Matthew Verhoeven inc,"1,232,121",64
Jan 2018,11,Linda Hogan 2 inc,"1,148,436",59
Jan 2018,11,Kenneth Ramos inc,"1,119,218",48
Jan 2018,11,Grant Mayers inc,"1,009,294",51
Jan 2018,12,Joe Cleghorn inc,"2,566,984",126
Jan 2018,12,,"1,595,716",80
Jan 2018,12,Catherine Martin 7 inc,"1,270,907",65
Jan 2018,12,Rudolph Moore inc,"1,188,988",58
Jan 2018,12,Emily Jiggetts inc,"1,169,822",60
Jan 2018,13,Carol Green inc,"812,180",41
Jan 2018,13,Ida Cox 2 inc,"621,725",30
Jan 2018,13,Robert Brown 41 inc,"565,702",29
Jan 2018,13,Natalie Durate inc,"497,394",23
Jan 2018,13,Gary Koehler inc,"471,031",24
Jan 2018,14,Cynthia Wood 2 inc,"1,666,915",95
Jan 2018,14,John Bielinski inc,"1,466,594",72
Jan 2018,14,Alex Richardson inc,"903,248",43
Jan 2018,14,Stanley Summerville inc,"842,160",42
Jan 2018,14,James Mayoka inc,"788,601",37
Jan 2018,16,Cheryl Croom inc,"372,548",15
Jan 2018,16,Ernie Shorb inc,"329,135",14
Jan 2018,16,Willie Walker 4 inc,"314,341",16
Jan 2018,16,Timothy Staats inc,"229,229",12
Jan 2018,16,Heather Ankenman inc,"145,732",8
Jan 2018,17,Sharonda Jordan inc,"16,447,541",817
Jan 2018,17,Beatrice Pears inc,"12,453,938",641
Jan 2018,17,Nick Curtis inc,"11,230,929",565
Jan 2018,17,Kenneth Huertas inc,"7,805,977",385
Jan 2018,17,Virgil Lemon inc,"7,643,785",375
Jan 2018,18,Ruth Fuentes inc,"1,132,101",55
Jan 2018,18,Richard Mahoney inc,"234,637",10
Jan 2018,18,Kenneth Patrick 2 inc,"212,745",10
Jan 2018,18,Justin Dildy inc,"195,435",11
Jan 2018,18,Terry Leonard inc,"193,181",11
Jan 2018,19,Lori Joseph inc,"23,165,341","1,146"
Jan 2018,19,Ella Rose 2 inc,"22,719,542","1,141"
Jan 2018,19,Chad Tobar inc,"20,923,095","1,066"
Jan 2018,19,Tony Moore 3 inc,"12,744,967",627
Jan 2018,19,Zachary Mayle inc,"10,394,729",513
Jan 2018,20,Natasha Bucher inc,"6,085,259",306
Jan 2018,20,Justin Ganser inc,"5,900,309",290
Jan 2018,20,Richard West 5 inc,"2,091,360",112
Jan 2018,20,Luisa Goldstein inc,"1,748,722",86
Jan 2018,20,Sarah Harris 5 inc,"1,560,651",82
Jan 2018,21,Eldridge Williams 2 inc,"1,576,445",76
Jan 2018,21,Selena Davis inc,"1,472,223",76
Jan 2018,21,Thelma Cashen inc,"1,467,784",70
Jan 2018,21,Toni Keith 2 inc,"1,363,246",69
Jan 2018,21,,"1,280,003",63
Jan 2018,22,Phyllis Allen 2 inc,"679,681",35
Jan 2018,22,Shirley Tucker 2 inc,"571,971",29
Jan 2018,22,Earl Miltenberger inc,"442,938",21
Jan 2018,22,Fred Trent inc,"389,973",20
Jan 2018,22,Daniel Browning inc,"351,578",15
Jan 2018,23,Ellen Tait inc,"672,868",35
Jan 2018,23,Joseph Bailey 2 inc,"437,699",21
Jan 2018,23,Margaret Hoffman 3 inc,"361,107",16
Jan 2018,23,Bruce Smith 7 inc,"354,928",20
Jan 2018,23,Lola Torres inc,"278,502",11
Jan 2018,24,Mariah Pugh inc,"1,399,568",66
Jan 2018,24,Cynthia Vargas 2 inc,"1,077,663",52
Jan 2018,24,Francisco Hopper inc,"1,075,707",48
Jan 2018,24,Roger Lavalley inc,"979,667",44
Jan 2018,24,,"872,602",40
Jan 2018,25,Kay Connolly inc,"5,733,498",286
Jan 2018,25,Kathryn Carson inc,"5,664,146",281
Jan 2018,25,Rebecca Sales inc,"4,649,822",226
Jan 2018,25,Jeffrey Belcher 2 inc,"3,825,589",190
Jan 2018,25,Clarence Streater inc,"3,709,053",179
Jan 2018,26,Kristy Fonseca inc,"596,164",29
Jan 2018,26,Samuel Miller 3 inc,"226,492",10
Jan 2018,26,Cesar Ross inc,"185,963",10
Jan 2018,26,Beverly Webb inc,"165,158",9
Jan 2018,26,Jacob Khauv inc,"153,860",6
Jan 2018,28,Lauren Ansel inc,"608,476",27
Jan 2018,28,Lee Hodgkiss inc,"522,818",21
Jan 2018,28,Jennifer Chadwell inc,"435,292",21
Jan 2018,28,,"381,174",20
Jan 2018,28,Marianne Riedel inc,"366,743",14
Jan 2018,29,Kirsten Huse inc,"1,720,636",78
Jan 2018,29,Tarsha Chance inc,"404,863",20
Jan 2018,29,Raymond Plaza inc,"390,115",19
Jan 2018,29,Robert Robinson 17 inc,"337,360",18
Jan 2018,29,Eric Nettles inc,"303,307",16
Jan 2018,30,Clarence Streater inc,"2,637,357",125
Jan 2018,30,Donald Ireland inc,"2,621,108",125
Jan 2018,30,Doris King 3 inc,"2,014,498",103
Jan 2018,30,Dennis Johnson 6 inc,"1,828,555",92
Jan 2018,30,,"1,611,931",84
Jan 2018,32,Thomas Stone 2 inc,"350,578",17
Jan 2018,32,Harriet Reeder inc,"338,527",18
Jan 2018,32,Nellie Sheehan inc,"253,112",11
Jan 2018,32,Bryant Bartsch inc,"192,225",7
Jan 2018,32,Barbara Reyes 2 inc,"181,499",7
Jan 2018,33,Pearl Newport inc,"943,374",46
Jan 2018,33,Ronald Johnson 17 inc,"856,299",43
Jan 2018,33,Douglas Magic inc,"677,098",33
Jan 2018,33,Nicole Crowder inc,"621,141",27
Jan 2018,33,,"607,322",31
Jan 2018,34,Nina Conn inc,"1,259,117",66
Jan 2018,34,Alysia Ceovantes inc,"1,194,078",61
Jan 2018,34,Kris Endicott inc,"1,055,256",48
Jan 2018,34,Mitchell Kalhorn inc,"742,238",36
Jan 2018,34,,"701,987",33
Jan 2018,35,Bobby Ames inc,"342,388",20
Jan 2018,35,Lewis Wiley inc,"290,837",15
Jan 2018,35,Juanita Whitton inc,"284,661",14
Jan 2018,35,William Glaude inc,"278,408",14
Jan 2018,35,Thomas Costello 2 inc,"180,325",9
Jan 2018,36,Esther Diaz inc,"824,742",39
Jan 2018,36,Henrietta Cook inc,"747,915",34
Jan 2018,36,Ronald Jones 10 inc,"639,157",37
Jan 2018,36,Arleen Otero inc,"490,337",24
Jan 2018,36,Teresa Volk inc,"475,496",25
Jan 2018,38,Douglas Mccullen inc,"502,998",22
Jan 2018,38,,"448,743",19
Jan 2018,38,Kris Phelps inc,"407,505",22
Jan 2018,38,Mary King 11 inc,"334,961",16
Jan 2018,38,Patricia Odonnell inc,"334,035",15
Jan 2018,39,Patricia Marble inc,"377,499",20
Jan 2018,39,Jonathan Dalley inc,"318,469",15
Jan 2018,39,Antoinette Hurley inc,"231,429",11
Jan 2018,39,James Angles inc,"211,941",11
Jan 2018,39,Jane Terry 3 inc,"192,118",10
Jan 2018,40,Karla Fernandez inc,"748,074",34
Jan 2018,40,Kay Tito inc,"323,599",18
Jan 2018,40,Joanne Manning inc,"261,805",11
Jan 2018,40,Jacob Walter inc,"240,376",11
Jan 2018,40,Kenneth Fountain inc,"170,178",8
Jan 2018,41,Joyce Mendez inc,"1,534,640",81
Jan 2018,41,Richard Bower inc,"769,222",38
Jan 2018,41,Jimmy Laliberte inc,"613,407",28
Jan 2018,41,Stella Walker inc,"592,441",29
Jan 2018,41,Angela Peterson 3 inc,"507,875",27
Jan 2018,42,Glenn Richmond inc,"813,465",43
Jan 2018,42,Louis Kahn inc,"773,717",41
Jan 2018,42,Carlene Phelps inc,"761,055",38
Jan 2018,42,Melvin Rowland inc,"667,552",32
Jan 2018,42,James Spiess inc,"622,271",32
Jan 2018,44,Bart Carney inc,"603,951",30
Jan 2018,44,Jon Moore inc,"343,989",16
Jan 2018,44,Sylvia Gonzalez 2 inc,"280,896",13
Jan 2018,44,Kathleen Parris inc,"244,791",14
Jan 2018,44,Brady Burr inc,"242,385",10
Jan 2018,46,Asuncion Sandmeier inc,"1,183,622",57
Jan 2018,46,Milton Herrera inc,"389,108",17
Jan 2018,46,Josie Parrish inc,"356,860",17
Jan 2018,46,Noe Morado inc,"347,353",20
Jan 2018,46,Rachel Carter 2 inc,"333,545",18
Jan 2018,47,Jeff Carr 2 inc,"351,069",16
Jan 2018,47,Carlos Cook inc,"337,837",20
Jan 2018,47,Marion Whitaker inc,"326,959",15
Jan 2018,47,Walter Jorgensen inc,"272,383",13
Jan 2018,47,Alvin Popovich inc,"257,915",11
Jan 2018,48,Bryan Vasquez inc,"1,056,236",49
Jan 2018,48,Zelda Bozell inc,"996,109",49
Jan 2018,48,Stanley Cuevas inc,"901,786",41
Jan 2018,48,George Brown 11 inc,"725,184",36
Jan 2018,48,Melanie Johnson 3 inc,"673,324",36
Jan 2018,49,Bernice Battles inc,"615,737",30
Jan 2018,49,Carole Lotton inc,"372,047",16
Jan 2018,49,,"272,097",14
Jan 2018,49,Kimberly Singleton inc,"254,217",13
Jan 2018,49,Myrna Orta inc,"187,820",9
Jan 2018,51,Micheal Styles inc,"1,722,331",89
Jan 2018,51,Mary Mraz inc,"1,591,390",79
Jan 2018,51,Joanne Yannone inc,"1,489,851",76
Jan 2018,51,Cassandra Scarbrough inc,"1,429,984",70
Jan 2018,51,Irene Deschamps inc,"1,295,094",71
Jan 2018,52,Kurt Sapp inc,"1,021,552",50
Jan 2018,52,Richard Bell 6 inc,"638,899",28
Jan 2018,52,Arthur Noel inc,"624,459",31
Jan 2018,52,Jean Biser inc,"589,796",31
Jan 2018,52,David Young 7 inc,"559,358",28
Jan 2018,53,Cornelius Mattson inc,"6,150,297",309
Jan 2018,53,Keith Conley 3 inc,"4,460,599",224
Jan 2018,53,Cynthia Phelps inc,"3,857,313",191
Jan 2018,53,Robert Murdock inc,"3,078,489",163
Jan 2018,53,Debra Wilczynski inc,"2,535,323",133
Jan 2018,54,Eloise Sorbo inc,"364,712",18
Jan 2018,54,Regina Allison inc,"250,874",12
Jan 2018,54,Barbara Brantly inc,"157,906",7
Jan 2018,54,Donald Hart inc,"96,984",5
Jan 2018,54,Michael Floyd 4 inc,"94,995",5
Jan 2018,56,Gerald Miller 3 inc,"1,302,182",64
Jan 2018,56,Courtney Mansfield inc,"867,074",44
Jan 2018,56,,"847,600",42
Jan 2018,56,Lynn Brown 6 inc,"788,879",42
Jan 2018,56,Robert Ballard 4 inc,"739,226",33
Jan 2018,57,Jennifer Furr inc,"8,681,602",438
Jan 2018,57,Eddie Plunkett inc,"7,443,981",367
Jan 2018,57,Kenneth Huson inc,"5,861,112",294
Jan 2018,57,Rhonda Wheeler inc,"3,733,492",195
Jan 2018,57,John Sumstad inc,"2,969,800",148
Jan 2018,58,Trevor Najera inc,"1,172,229",53
Jan 2018,58,Karen Brendal inc,"992,438",46
Jan 2018,58,Michael Devito inc,"538,661",29
Jan 2018,58,Danelle Eichberger inc,"488,171",22
Jan 2018,58,Jeannette Russell inc,"272,453",12
Jan 2018,60,Lucas Ohara inc,"3,167,720",155
Jan 2018,60,Catherine Hurley inc,"2,124,381",104
Jan 2018,60,Diane Perez 2 inc,"1,333,170",63
Jan 2018,60,Rafael Goss inc,"1,303,589",71
Jan 2018,60,Mary James 10 inc,"1,242,856",60
Jan 2018,61,Benjamin Elliott 3 inc,"435,228",23
Jan 2018,61,Audrey Thrash inc,"341,862",18
Jan 2018,61,Courtney Stine inc,"246,927",10
Jan 2018,61,Alvin Garrison inc,"159,110",9
Jan 2018,61,Karen Hill 6 inc,"144,783",7
Jan 2018,62,Juan Brashear inc,"642,216",32
Jan 2018,62,Rita Mcreynolds inc,"605,079",31
Jan 2018,62,Richard Jones 18 inc,"519,330",25
Jan 2018,62,Michael Jones 39 inc,"471,224",21
Jan 2018,62,Jodi Doe inc,"441,359",21
Jan 2018,63,Nestor Wright inc,"797,840",38
Jan 2018,63,Jon Creasey inc,"621,309",32
Jan 2018,63,Johnathan Oldham inc,"546,806",24
Jan 2018,63,Robert Boyette inc,"304,066",14
Jan 2018,63,Laura Scott 5 inc,"250,318",10
Jan 2018,64,Matthew Cassem inc,"726,155",38
Jan 2018,64,Edgar Johnson 3 inc,"724,137",38
Jan 2018,64,,"639,309",30
Jan 2018,64,Robert Smith 57 inc,"522,120",25
Jan 2018,64,Raymond Wahlberg inc,"513,614",26
Jan 2018,65,Samuel Beck inc,"359,007",19
Jan 2018,65,Emma Aikens inc,"266,161",12
Jan 2018,65,Richard Boehm inc,"237,702",12
Jan 2018,65,Alfred Mcbath inc,"234,620",10
Jan 2018,65,Elton Lemons inc,"219,964",10
Jan 2018,66,Derrick Phillips 2 inc,"667,097",33
Jan 2018,66,Manuel Furlong inc,"563,371",28
Jan 2018,66,Dora Tuck inc,"470,915",23
Jan 2018,66,Joel Vermeesch inc,"467,802",24
Jan 2018,66,Robert Clark 17 inc,"410,119",20
Jan 2018,68,Nola Bulow inc,"1,008,344",49
Jan 2018,68,Jarvis Carrington inc,"492,441",22
Jan 2018,68,Mary Franklin 4 inc,"368,885",18
Jan 2018,68,Tammy Brown 5 inc,"347,993",17
Jan 2018,68,Clair Ziech inc,"309,006",15
Jan 2018,69,John Miller 7 inc,"654,884,042","32,525"
Jan 2018,69,Todd Turner 3 inc,"170,215,628","8,417"
Jan 2018,69,Tammy Nieves inc,"99,978,157","4,974"
Jan 2018,69,Henry Barnhill inc,"69,169,552","3,472"
Jan 2018,69,Weston Hendon inc,"50,222,344","2,493"
Jan 2018,70,Margie Dillard inc,"671,100",32
Jan 2018,70,Ileen Niss inc,"660,005",34
Jan 2018,70,Suk Appling inc,"477,304",22
Jan 2018,70,Jeffrey Uhrin inc,"276,146",12
Jan 2018,70,Stephen Wilburn inc,"212,949",12
Jan 2018,71,Anna Blumberg inc,"201,699",9
Jan 2018,71,Cindy Perry 2 inc,"186,521",9
Jan 2018,71,Donald Lynch inc,"138,220",6
Jan 2018,71,Anita Pineau inc,"124,181",7
Jan 2018,71,Walter Cook 3 inc,"100,465",5
Jan 2018,73,Kathleen Lavole inc,"845,680",44
Jan 2018,73,Sylvia Carter inc,"403,514",20
Jan 2018,73,,"212,517",8
Jan 2018,73,Cynthia Burks inc,"194,397",11
Jan 2018,73,Grace Randall inc,"192,572",10
Jan 2018,74,Barbara Forney inc,"511,453",25
Jan 2018,74,John Price 9 inc,"300,184",14
Jan 2018,74,Donna Talley 2 inc,"292,280",15
Jan 2018,74,Donald Perry 4 inc,"276,433",14
Jan 2018,74,Scott Blevins inc,"243,726",13
Jan 2018,75,Angel Raper inc,"489,172",23
Jan 2018,75,William Gomez 5 inc,"385,698",19
Jan 2018,75,Robert Flannigan 2 inc,"371,729",15
Jan 2018,75,Lyman Gray inc,"286,489",14
Jan 2018,75,Yolanda Brisco inc,"274,053",13
Jan 2018,76,Bridget Kisner inc,"9,366,538",474
Jan 2018,76,Valerie Fitch inc,"3,325,068",169
Jan 2018,76,Karen Ohare inc,"2,627,677",133
Jan 2018,76,Brandon Lodi inc,"2,386,832",121
Jan 2018,76,Carolyn Reeves 2 inc,"2,038,750",103
Jan 2018,77,Jorge Taber inc,"340,234",16
Jan 2018,77,David Alto inc,"298,132",14
Jan 2018,77,Lewis Abram inc,"287,905",15
Jan 2018,77,Fred Tomas inc,"215,956",12
Jan 2018,77,William Schwerdtfeger inc,"178,385",9
Jan 2018,78,Kenneth Mullen inc,"1,159,692",60
Jan 2018,78,James Nesbit 2 inc,"971,313",49
Jan 2018,78,Richard Hunsaker inc,"773,853",36
Jan 2018,78,Walter Vanderpool inc,"707,534",38
Jan 2018,78,Humberto Ruiz inc,"693,282",36
Jan 2018,79,Ronald Miller 5 inc,"1,224,901",55
Jan 2018,79,Stephen Krummel inc,"1,180,777",55
Jan 2018,79,Sabrina Arnold 2 inc,"766,562",42
Jan 2018,79,Mary Weymouth inc,"547,455",25
Jan 2018,79,Gregory Edwards inc,"534,139",28
Jan 2018,80,Eugene Pell inc,"553,709",25
Jan 2018,80,Clara Leung 2 inc,"236,840",13
Jan 2018,80,Ethel Hutchison inc,"210,113",10
Jan 2018,80,Theodore Martine inc,"204,468",9
Jan 2018,80,Kari Jones inc,"195,107",9
Jan 2018,81,Maria Heller inc,"395,378",20
Jan 2018,81,Anna Perez 2 inc,"287,167",12
Jan 2018,81,William Silsby inc,"265,729",12
Jan 2018,81,Marcy Gahagan inc,"213,970",11
Jan 2018,81,Ronald Huttar inc,"175,154",9
Jan 2018,82,Marie Husband inc,"897,199",43
Jan 2018,82,Allen Emmons inc,"437,004",25
Jan 2018,82,Thomas Regan inc,"356,263",17
Jan 2018,82,Joan Buckley inc,"292,229",16
Jan 2018,82,Peter Davis 2 inc,"269,125",12
Jan 2018,83,John Taylor 22 inc,"305,830",16
Jan 2018,83,Virgil Cooper inc,"298,236",13
Jan 2018,83,Barry Schuh inc,"240,187",10
Jan 2018,83,Keith Kane inc,"205,821",10
Jan 2018,83,Christine Norden inc,"199,032",10
Jan 2018,84,Daniel Helmick inc,"333,312",16
Jan 2018,84,Nichole Wilson inc,"243,228",11
Jan 2018,84,Jeff Wyman inc,"233,837",13
Jan 2018,84,Virginia Ross 2 inc,"181,905",8
Jan 2018,84,,"173,590",8
Jan 2018,85,Bobby Mills inc,"751,210",37
Jan 2018,85,Bernard Nisbett inc,"426,077",18
Jan 2018,85,Mark Strickland 2 inc,"373,731",17
Jan 2018,85,Michael Smithson inc,"301,228",13
Jan 2018,85,Matthew Fain inc,"266,645",13
Jan 2018,86,Carol Thomas 2 inc,"211,070",10
Jan 2018,86,David Butler 4 inc,"170,443",9
Jan 2018,86,Jared Kirk inc,"152,634",8
Jan 2018,86,Charles Reiley inc,"133,716",6
Jan 2018,86,Antoinette Netolicky inc,"121,259",7
Jan 2018,87,Doug Moran inc,"7,173,025",353
Jan 2018,87,Tessie Jaramillo inc,"6,781,137",341
Jan 2018,87,Joe Montgomery inc,"6,091,764",305
Jan 2018,87,Frank Garcia 2 inc,"5,967,724",301
Jan 2018,87,Vincent Firestine inc,"4,531,469",224
Jan 2018,88,Heather Ramberg inc,"12,779,352",640
Jan 2018,88,Deidre Bright inc,"10,422,940",530
Jan 2018,88,Samantha Jackson inc,"9,988,360",507
Jan 2018,88,Ronald Hussein inc,"9,235,806",468
Jan 2018,88,Scott Hildebrand inc,"7,070,899",339
Jan 2018,89,Carl Fonseca inc,"315,165",16
Jan 2018,89,James Roderick inc,"239,370",9
Jan 2018,89,Sheila Clayton inc,"214,582",12
Jan 2018,89,Andrew Zuidema inc,"151,570",8
Jan 2018,89,George Hicks 2 inc,"111,349",5
Jan 2018,90,Brian Moffatt inc,"978,728",47
Jan 2018,90,Brett Dejohn inc,"800,518",38
Jan 2018,90,,"789,279",39
Jan 2018,90,Kevin Watkins 2 inc,"687,718",32
Jan 2018,90,Jeffrey Wilson inc,"534,782",29
Jan 2018,91,Robert Rainville inc,"1,361,971",68
Jan 2018,91,John Flowers 3 inc,"1,245,213",59
Jan 2018,91,Juana Bouchard inc,"1,077,307",59
Jan 2018,91,,"730,568",37
Jan 2018,91,Matthew Thomason inc,"453,171",18
Jan 2018,92,Kenneth Lynn inc,"131,607",8
Jan 2018,92,Maryann Thomas inc,"60,705",2
Jan 2018,92,Laura Coleman inc,"57,167",2
Jan 2018,92,Imogene Dahl inc,"45,880",2
Jan 2018,92,Marilyn Kirby inc,"13,520",1
Jan 2018,94,Dora Dermody inc,"941,951",47
Jan 2018,94,Zachary Solis inc,"815,149",42
Jan 2018,94,,"293,768",13
Jan 2018,94,Suzanna Antonio inc,"279,048",14
Jan 2018,94,Brian Jones 8 inc,"262,624",12
Jan 2018,96,Quinton Nelson inc,"1,468,574",73
Jan 2018,96,Lane Cross inc,"1,385,285",69
Jan 2018,96,James Walker 16 inc,"1,319,724",67
Jan 2018,96,Wendy Meyer inc,"1,197,465",57
Jan 2018,96,Karen Holsten inc,"1,118,400",55
Jan 2018,97,Richard Caskey inc,"1,737,943",92
Jan 2018,97,Beverly Lee inc,"1,003,429",47
Jan 2018,97,Matthew Robles inc,"651,925",33
Jan 2018,97,Mayra Montano inc,"441,359",21
Jan 2018,97,David Lightfoot 2 inc,"406,576",20
Jan 2018,98,Marc Standard inc,"1,334,534",64
Jan 2018,98,Mavis Willis inc,"701,760",34
Jan 2018,98,Tara Miller inc,"662,414",32
Jan 2018,98,Dwight Alexander inc,"647,980",34
Jan 2018,98,Russell Hill inc,"553,027",27
Jan 2018,100,Candace Morton inc,"624,681",32
Jan 2018,100,Shelly Pitts inc,"401,430",23
Jan 2018,100,Earl Brown 2 inc,"325,900",16
Jan 2018,100,Edward Moore 8 inc,"325,825",18
Jan 2018,100,Dawn Huggins inc,"249,860",11
Jan 2018,101,Derek Davis 2 inc,"460,119",20
Jan 2018,101,Carol Tate inc,"382,879",22
Jan 2018,101,David Bauer 2 inc,"350,365",19
Jan 2018,101,Scott Delarosa inc,"301,615",16
Jan 2018,101,Larry Faucher inc,"253,170",12
Jan 2018,102,Barry Hart inc,"1,176,105",57
Jan 2018,102,Mary Derby inc,"877,101",44
Jan 2018,102,Troy Centeno inc,"743,078",36
Jan 2018,102,Cleta Ro inc,"735,989",34
Jan 2018,102,Kimberly Luna inc,"698,553",32
Jan 2018,103,Austin Talty inc,"262,486",14
Jan 2018,103,Jason Pescatore inc,"198,007",9
Jan 2018,103,Sharon Mckinney inc,"180,413",8
Jan 2018,103,Carl Casiano inc,"168,616",9
Jan 2018,103,Johnnie Carpentier inc,"159,203",8
Jan 2018,104,Laura Johnson 8 inc,"575,152",26
Jan 2018,104,Lillian Riffel inc,"465,650",24
Jan 2018,104,Joseph Jacobs inc,"443,219",22
Jan 2018,104,Donald Rhode inc,"348,682",18
Jan 2018,104,Jeffery Wills inc,"326,548",14
Jan 2018,105,Eusebio Steese inc,"1,248,437",56
Jan 2018,105,Steve Haward inc,"497,774",24
Jan 2018,105,Shawna Ward inc,"477,833",21
Jan 2018,105,Manuel Oglesby inc,"355,081",15
Jan 2018,105,Sylvester Williams inc,"343,728",16
Jan 2018,106,Antonia Greenberg inc,"412,115",24
Jan 2018,106,Bryan Porterfield inc,"357,574",17
Jan 2018,106,Tamara Vasquez inc,"347,510",17
Jan 2018,106,Thomas Crowe 2 inc,"316,403",17
Jan 2018,106,Debbie Mitchell inc,"311,746",14
Jan 2018,107,Julius Kutz inc,"4,937,719",241
Jan 2018,107,Tim Crosby inc,"3,752,924",194
Jan 2018,107,Michael Truelove inc,"2,589,982",128
Jan 2018,107,Mary Duke 3 inc,"1,755,766",84
Jan 2018,107,Kimberly Subido inc,"1,507,832",72
Jan 2018,108,Suzanne Hammond inc,"333,551",16
Jan 2018,108,Jerry Lingbeek inc,"189,148",8
Jan 2018,108,Virginia Weymouth inc,"178,050",10
Jan 2018,108,Delois Mcdaniel inc,"174,786",8
Jan 2018,108,Clinton Thomas inc,"171,600",8
Jan 2018,109,Jose Ortega inc,"1,479,186",69
Jan 2018,109,Lucille Knights inc,"946,368",43
Jan 2018,109,Rosemary Lee 4 inc,"664,102",30
Jan 2018,109,Maria Jobson inc,"616,098",30
Jan 2018,109,Kathryn Mathews inc,"480,935",21
Jan 2018,110,Donna Gonzalez 4 inc,"4,188,074",211
Jan 2018,110,Mae Brown inc,"1,642,064",76
Jan 2018,110,Connie Thompson 2 inc,"1,313,183",60
Jan 2018,110,Marvin Miller 2 inc,"1,064,108",48
Jan 2018,110,Wanda Hill inc,"1,062,616",52
Jan 2018,111,John Poremski inc,"649,818",30
Jan 2018,111,David Kilpatrick inc,"492,405",25
Jan 2018,111,Maureen Pereira inc,"484,984",22
Jan 2018,111,Bertha Walton inc,"359,604",19
Jan 2018,111,Martha Rencher inc,"355,550",17
Jan 2018,112,Douglas Richner inc,"249,247",11
Jan 2018,112,Marcus Davis inc,"191,929",8
Jan 2018,112,Michael Brotherton inc,"174,935",9
Jan 2018,112,Linda Black inc,"164,583",10
Jan 2018,112,Tracy Mathews inc,"148,415",7
Jan 2018,113,,"388,352",19
Jan 2018,113,Edward Howell inc,"291,235",13
Jan 2018,113,Arlene Lehmberg inc,"200,303",9
Jan 2018,113,Kelly Newman inc,"198,022",12
Jan 2018,113,John Metzger 2 inc,"164,298",8
Jan 2018,114,Kellie Aguilar inc,"442,235",19
Jan 2018,114,Leonard Crawford inc,"401,094",19
Jan 2018,114,Mildred Davidson inc,"317,258",16
Jan 2018,114,Joann Vidinha inc,"303,448",15
Jan 2018,114,Pamela Kee inc,"278,983",15
Jan 2018,115,Gus Augustine inc,"522,861",25
Jan 2018,115,John Campbell 11 inc,"513,468",24
Jan 2018,115,Virginia Grissom inc,"269,482",13
Jan 2018,115,Nicholas Cruz 3 inc,"260,557",12
Jan 2018,115,Lamar Kyle inc,"214,463",11
Jan 2018,116,Mildred Leitheiser inc,"2,105,340",112
Jan 2018,116,Anthony Wangler inc,"1,805,167",89
Jan 2018,116,Ruby Conley inc,"1,633,686",79
Jan 2018,116,Novella Yates inc,"1,502,063",75
Jan 2018,116,Matthew Barnett 3 inc,"1,025,701",49
Jan 2018,117,Michael Farruggio inc,"3,220,518",164
Jan 2018,117,Theresa Martin 3 inc,"2,942,152",148
Jan 2018,117,Dion Cantu inc,"2,738,897",138
Jan 2018,117,Catherine Tanner inc,"2,405,375",122
Jan 2018,117,,"1,634,110",81
Jan 2018,118,Richard Burrows inc,"321,986",17
Jan 2018,118,Cristy Key inc,"299,030",13
Jan 2018,118,Gary Hinde inc,"169,657",8
Jan 2018,118,Pamela Lamb inc,"164,286",8
Jan 2018,118,Isabella Roscoe inc,"163,047",6
Jan 2018,119,Jason Pappas inc,"538,722",28
Jan 2018,119,Betty Sanford inc,"480,678",22
Jan 2018,119,James David 2 inc,"438,902",20
Jan 2018,119,Vanessa Thomas 2 inc,"419,242",20
Jan 2018,119,Ken Swanson inc,"374,051",16
Jan 2018,120,Sandra Summers inc,"741,552",35
Jan 2018,120,Timothy Blackman inc,"506,754",26
Jan 2018,120,Patricia Nebergall inc,"368,448",16
Jan 2018,120,Mark Hines inc,"314,035",13
Jan 2018,120,Denise Fowler 2 inc,"308,133",19
Jan 2018,122,Karen Holsten inc,"262,335",13
Jan 2018,122,Derek Zimmerman inc,"106,707",5
Jan 2018,122,Cynthia Mahn inc,"103,497",4
Jan 2018,122,Erma Vaden inc,"92,033",5
Jan 2018,122,Carrie Bishop inc,"66,913",4
Jan 2018,123,Alan Shannon inc,"791,699",38
Jan 2018,123,Rita Barber inc,"655,056",31
Jan 2018,123,Cecila Ragusa inc,"501,330",29
Jan 2018,123,Linda Stoeffler inc,"260,455",10
Jan 2018,123,Ronny Tucker inc,"238,652",11
Jan 2018,124,Betty Mcdonald 2 inc,"782,058",37
Jan 2018,124,Richard Blevins inc,"486,143",23
Jan 2018,124,Micheal Thompson inc,"420,545",22
Jan 2018,124,Kenneth Andrews inc,"386,097",20
Jan 2018,124,Javier Smith 2 inc,"326,178",16
Jan 2018,125,Alex Purtell inc,"903,435",42
Jan 2018,125,Jay Maxfield inc,"640,820",30
Jan 2018,125,Caroline Mccann inc,"624,116",31
Jan 2018,125,Bobbi Sartain inc,"610,933",33
Jan 2018,125,Anthony Cain 2 inc,"553,634",25
Jan 2018,126,Raymond Lansdell inc,"601,904",33
Jan 2018,126,Ellen Battle inc,"567,451",29
Jan 2018,126,Kristi Radford inc,"553,613",29
Jan 2018,126,Dorothy Tolman inc,"509,653",28
Jan 2018,126,Laura Havard inc,"491,059",24
Jan 2018,128,William Benningfield inc,"1,031,744",54
Jan 2018,128,Eva Moffat inc,"515,614",24
Jan 2018,128,Terri Jackson 2 inc,"426,086",23
Jan 2018,128,Robert Yodis inc,"403,253",19
Jan 2018,128,Pamela Pickett inc,"379,911",20
Jan 2018,129,Barbara Sasaki inc,"881,186",44
Jan 2018,129,Sabrina Holley inc,"570,975",26
Jan 2018,129,Jackson Tweedy inc,"551,037",25
Jan 2018,129,Robert Dockery inc,"514,671",26
Jan 2018,129,Beverly Johnson 3 inc,"352,085",19
Jan 2018,130,Virginia Mustafa inc,"187,374",8
Jan 2018,130,Kevin Peters inc,"177,211",9
Jan 2018,130,Marcy Race inc,"127,012",7
Jan 2018,130,Nathan Botner inc,"113,274",6
Jan 2018,130,Harvey Trevino inc,"104,960",5
Jan 2018,131,Christian Penn inc,"2,372,767",119
Jan 2018,131,Barry Sutherland inc,"1,733,321",88
Jan 2018,131,Bill Brainard inc,"1,584,174",82
Jan 2018,131,Christen Harlow inc,"1,023,594",53
Jan 2018,131,Susan Jones 12 inc,"972,068",46
Jan 2018,133,Dean Noggle inc,"720,540",35
Jan 2018,133,Andrea Grubbs inc,"526,061",22
Jan 2018,133,Thomas Mitton inc,"334,747",15
Jan 2018,133,Berry Aponte inc,"311,705",14
Jan 2018,133,Tyler Sharpe inc,"305,353",16
Jan 2018,135,Michael King 9 inc,"1,202,458",58
Jan 2018,135,Hugh Ford inc,"485,563",22
Jan 2018,135,Martha Jacobson inc,"419,630",18
Jan 2018,135,Susan Limbaugh inc,"385,726",18
Jan 2018,135,Juana Pinero inc,"283,236",15
Jan 2018,136,Boyd Delosh inc,"1,012,621",54
Jan 2018,136,Justin Pellicone inc,"896,753",49
Jan 2018,136,Michelle Delrio inc,"830,829",38
Jan 2018,136,Don Kuboushek inc,"538,047",28
Jan 2018,136,Carol Rivera inc,"395,219",19
Jan 2018,137,Liana Ramos inc,"11,289,511",569
Jan 2018,137,Charles Cota inc,"9,735,216",490
Jan 2018,137,George Caporiccio inc,"9,590,992",481
Jan 2018,137,Rebecca Ross inc,"6,142,255",310
Jan 2018,137,Joel Kubik inc,"4,517,093",227
Jan 2018,138,Barbara Brantly inc,"4,016,652",196
Jan 2018,138,Ricardo Simpson inc,"1,972,235",94
Jan 2018,138,Jessica Wilson inc,"1,743,189",84
Jan 2018,138,Elizabeth Pennington inc,"1,374,808",73
Jan 2018,138,Carol Martin 4 inc,"1,155,296",55
Jan 2018,139,Irene Rutledge inc,"758,348",36
Jan 2018,139,Jean Rogers 2 inc,"569,776",29
Jan 2018,139,Margie Alford inc,"470,080",24
Jan 2018,139,Caroline Green inc,"433,100",22
Jan 2018,139,Elaine Chapman inc,"338,860",15
Jan 2018,140,Gerard Hurrell inc,"10,125,199",500
Jan 2018,140,,"7,203,871",362
Jan 2018,140,Janet Mendiola inc,"3,793,428",186
Jan 2018,140,Eugene Lovelace inc,"2,112,602",103
Jan 2018,140,Robert Molina 2 inc,"1,743,866",84
Jan 2018,142,Manuel Lanehart inc,"868,459",42
Jan 2018,142,Steve Swartz inc,"341,868",17
Jan 2018,142,James Beers inc,"234,923",9
Jan 2018,142,Thelma Patton inc,"180,183",9
Jan 2018,142,Ricardo Gregory inc,"162,331",7
Jan 2018,143,Helen Kern inc,"22,621,905","1,103"
Jan 2018,143,Scott Hepburn inc,"10,715,186",540
Jan 2018,143,Rose Garner inc,"9,875,110",479
Jan 2018,143,Alan Eisenhower inc,"8,279,877",413
Jan 2018,143,Rashida Hernandez inc,"6,581,485",337
Jan 2018,144,Melvin Haro inc,"493,998",23
Jan 2018,144,Andres Knight inc,"483,231",24
Jan 2018,144,Kristofer Oquinn inc,"447,837",23
Jan 2018,144,Patricia Saucedo inc,"376,475",20
Jan 2018,144,Robert Mccain inc,"232,700",12
Jan 2018,145,Helen Brown 6 inc,"1,115,959",55
Jan 2018,145,Martin Long inc,"681,998",34
Jan 2018,145,Courtney Eckert inc,"445,765",23
Jan 2018,145,Emmett Christian inc,"348,201",18
Jan 2018,145,Sandra Ryan inc,"336,316",18
Jan 2018,146,Sandra Kalkman inc,"601,368",32
Jan 2018,146,Mary Kirby 2 inc,"508,606",25
Jan 2018,146,John Powell 7 inc,"344,587",15
Jan 2018,146,Benjamin Parsley inc,"297,466",15
Jan 2018,146,Charles Turpin 3 inc,"276,091",18
Jan 2018,147,Thomas Chipps inc,"1,120,908",55
Jan 2018,147,Trevor Dean inc,"1,025,276",51
Jan 2018,147,Patricia Dodson inc,"943,060",47
Jan 2018,147,Emma Laird inc,"855,605",46
Jan 2018,147,Richard Chavez 3 inc,"804,477",38
Jan 2018,148,Tricia Dozier inc,"1,883,770",94
Jan 2018,148,Christopher Mcdonald inc,"1,337,823",62
Jan 2018,148,Mary Davis 30 inc,"673,869",32
Jan 2018,148,John Barocio inc,"602,698",32
Jan 2018,148,Scott Sheldon inc,"529,723",25
Jan 2018,149,Alexandria Sarmiento inc,"10,025,565",500
Jan 2018,149,Jerold Caldwell inc,"7,696,801",389
Jan 2018,149,Kenneth Larson inc,"7,383,266",373
Jan 2018,149,Deann Powell inc,"4,494,635",217
Jan 2018,149,Kelly Perez 2 inc,"3,896,520",179
Jan 2018,150,Effie Mayfield inc,"1,074,321",55
Jan 2018,150,William Trotter inc,"440,452",20
Jan 2018,150,Theresa Woods inc,"350,316",15
Jan 2018,150,Joe Joiner 2 inc,"287,108",16
Jan 2018,150,Deborah Stewart 3 inc,"280,392",13
Jan 2018,151,Elfriede Jones inc,"481,097",24
Jan 2018,151,Lorie Brace inc,"247,538",12
Jan 2018,151,Carlos Morgan 2 inc,"239,889",11
Jan 2018,151,Susie Pritchett inc,"213,711",10
Jan 2018,151,Cleo Shapiro inc,"199,779",11
Jan 2018,153,Martha Goldstein inc,"429,780",20
Jan 2018,153,Jimmy Scully inc,"320,857",16
Jan 2018,153,Gary Neri inc,"264,523",17
Jan 2018,153,John Cade 2 inc,"213,028",9
Jan 2018,153,Barbara Degroat inc,"196,621",10
Jan 2018,155,Susie Wynn inc,"1,060,272",51
Jan 2018,155,Rene Strickland inc,"700,995",34
Jan 2018,155,Larry Huffman inc,"561,464",28
Jan 2018,155,David Hagen 2 inc,"475,914",23
Jan 2018,155,Manuel Edwards inc,"471,276",24
Jan 2018,156,Christopher Butts 2 inc,"924,538",48
Jan 2018,156,Bart Massey inc,"630,154",27
Jan 2018,156,Gary Finley inc,"581,565",27
Jan 2018,156,Jose Sutton inc,"524,737",26
Jan 2018,156,Pamela Griffin inc,"433,474",20
Jan 2018,157,Helen Burnsworth inc,"2,589,186",121
Jan 2018,157,Loree Hansen inc,"491,268",23
Jan 2018,157,Christopher Mcwilliams inc,"470,900",27
Jan 2018,157,Robert Jenkins 7 inc,"446,549",23
Jan 2018,157,Edith Richarson inc,"442,072",22
Jan 2018,158,Darryl Revak inc,"18,725,979",925
Jan 2018,158,Dee Gallager inc,"17,205,201",862
Jan 2018,158,Robert Cruz 2 inc,"10,363,287",512
Jan 2018,158,Bridget Patterson inc,"9,987,366",518
Jan 2018,158,Maurice Canela inc,"8,677,516",457
Jan 2018,159,Roy Coats inc,"4,383,238",219
Jan 2018,159,Sean Groover inc,"1,460,117",68
Jan 2018,159,Mary Hudspeth inc,"1,189,379",64
Jan 2018,159,Lorenzo Hawkins inc,"994,127",51
Jan 2018,159,Larry Stegall inc,"767,615",39
Jan 2018,160,Tiffany Robinson 2 inc,"54,110,783","2,685"
Jan 2018,160,Richard Mccabe inc,"14,047,877",702
Jan 2018,160,Eliz Prater inc,"8,713,031",437
Jan 2018,160,Laurena Parks inc,"4,731,507",242
Jan 2018,160,Donna Croshaw inc,"3,866,312",195
Jan 2018,161,Delbert Plater inc,"3,374,472",165
Jan 2018,161,Joyce Fletcher inc,"2,917,104",146
Jan 2018,161,Claire Mcclendon inc,"1,744,627",93
Jan 2018,161,Carol Hardy 2 inc,"1,604,269",81
Jan 2018,161,Bernice Winner inc,"1,476,631",77
Jan 2018,162,Allen Wiersma inc,"843,394",38
Jan 2018,162,Sanford Myers inc,"826,452",40
Jan 2018,162,Christopher Servais inc,"785,676",39
Jan 2018,162,Emelia Foulk inc,"739,624",33
Jan 2018,162,Maureen Werre inc,"722,368",40
Jan 2018,163,Richard Rosa inc,"649,803",32
Jan 2018,163,Dale Lotzer inc,"602,661",27
Jan 2018,163,Luigi Hammond inc,"597,102",28
Jan 2018,163,Helen Mccutchan inc,"559,848",28
Jan 2018,163,Sharon Jones 15 inc,"484,656",23
Jan 2018,165,Jessie Carey inc,"497,374",23
Jan 2018,165,Tyrone Malone inc,"409,658",23
Jan 2018,165,Michael Mabry inc,"400,982",17
Jan 2018,165,Florence Botcher inc,"387,564",16
Jan 2018,165,Pat Harper inc,"338,348",17
Jan 2018,166,Michelle Marrero 2 inc,"651,356",31
Jan 2018,166,Linda Ready inc,"558,983",24
Jan 2018,166,Rodney Hatton inc,"541,237",26
Jan 2018,166,Opal Siegel inc,"485,988",23
Jan 2018,166,Ali Newsome inc,"447,727",22
Jan 2018,167,Betty Brown 9 inc,"978,712",50
Jan 2018,167,Allan Clark inc,"458,309",21
Jan 2018,167,Dorothy Thibodeaux inc,"375,487",18
Jan 2018,167,Patrick Ricci inc,"350,818",17
Jan 2018,167,Marion Greer inc,"278,146",13
Jan 2018,168,Kristin Mcmurray inc,"805,931",38
Jan 2018,168,Mary Gallegos 2 inc,"769,768",42
Jan 2018,168,Donald Holzer inc,"721,037",36
Jan 2018,168,Richard James 5 inc,"698,427",34
Jan 2018,168,David Reyes 2 inc,"654,468",33
Jan 2018,169,Helen Mckean inc,"2,695,014",126
Jan 2018,169,Son Abraham inc,"2,089,599",103
Jan 2018,169,Tom Judge inc,"2,074,936",95
Jan 2018,169,Louis Mccall inc,"1,615,240",79
Jan 2018,169,Larry Frias inc,"1,499,591",79
Jan 2018,170,Thelma Metayer inc,"1,336,168",67
Jan 2018,170,Mamie James inc,"1,030,374",55
Jan 2018,170,Rebecca Smart inc,"589,638",28
Jan 2018,170,,"521,724",26
Jan 2018,170,Jack Terry 2 inc,"350,240",14
Jan 2018,171,Sandra Wells inc,"2,302,861",112
Jan 2018,171,David Holmes 4 inc,"1,491,948",72
Jan 2018,171,Leanora Marshall inc,"1,074,987",56
Jan 2018,171,Bryan Harris 4 inc,"879,426",47
Jan 2018,171,Sabra Underdown inc,"797,332",40
Jan 2018,172,Jennie Gibbs inc,"960,851",44
Jan 2018,172,Tommy Mcfarland inc,"768,718",36
Jan 2018,172,Vernon Gross 2 inc,"609,635",30
Jan 2018,172,Bobby Schaff inc,"504,964",24
Jan 2018,172,Emily Hill 2 inc,"465,344",24
Jan 2018,173,Robert Doyle 3 inc,"1,528,469",78
Jan 2018,173,Yolanda Panzarella inc,"930,246",48
Jan 2018,173,Robert Warne inc,"893,661",42
Jan 2018,173,Jorge Russell inc,"804,225",39
Jan 2018,173,Betty Mcelvaine inc,"706,525",35
Jan 2018,174,Cody Leonard inc,"1,526,479",73
Jan 2018,174,Andrea Claybrook inc,"1,206,702",63
Jan 2018,174,Karen Coffman inc,"899,065",41
Jan 2018,174,Nancy Mckeown inc,"775,691",38
Jan 2018,174,Eddie Nobles inc,"620,299",31
Jan 2018,175,Judy Fujimoto inc,"821,013",40
Jan 2018,175,Elizabeth Smith 14 inc,"327,160",16
Jan 2018,175,Rebecca Kelly 2 inc,"291,755",13
Jan 2018,175,Mary Kreisher inc,"277,241",12
Jan 2018,175,Edward Cook 3 inc,"272,514",13
Jan 2018,178,Maria Allen 4 inc,"352,822",18
Jan 2018,178,Tiffany Hardin inc,"140,636",6
Jan 2018,178,Sandra Kimball inc,"133,911",7
Jan 2018,178,Hillary Wells inc,"92,216",6
Jan 2018,178,Juanita Mbonu inc,"74,280",3
Jan 2018,179,Michael Swirsky inc,"6,916,203",347
Jan 2018,179,Gladys Castillo inc,"2,686,961",136
Jan 2018,179,Curtis Banks inc,"2,329,768",122
Jan 2018,179,Alan Poe inc,"1,670,339",86
Jan 2018,179,Judy Lutz inc,"1,256,671",64
Jan 2018,180,Anna Harrison inc,"1,216,584",65
Jan 2018,180,Denise Sievers inc,"593,880",33
Jan 2018,180,Alexandra Green inc,"473,095",26
Jan 2018,180,Randall Allen 2 inc,"313,827",14
Jan 2018,180,Arthur Coker inc,"269,152",14
Jan 2018,181,Juan Walsh 2 inc,"1,708,933",84
Jan 2018,181,Edith Roll inc,"930,049",45
Jan 2018,181,Gregg Verde inc,"676,756",34
Jan 2018,181,,"575,121",24
Jan 2018,181,Grant Son inc,"572,914",25
Jan 2018,182,Julia Cope inc,"1,806,806",85
Jan 2018,182,Betty Pew inc,"529,439",25
Jan 2018,182,Jason Lopez 2 inc,"359,747",22
Jan 2018,182,Harold Strand inc,"321,742",19
Jan 2018,182,Janice Wilson 2 inc,"248,198",11
Jan 2018,183,Angela Jackson 5 inc,"621,877",32
Jan 2018,183,Shanon Battle inc,"514,271",23
Jan 2018,183,William Munroe inc,"334,530",15
Jan 2018,183,John Otoole inc,"320,862",16
Jan 2018,183,Robert Green 15 inc,"296,734",15
Jan 2018,184,Tracy Webster inc,"483,583",26
Jan 2018,184,Cheryl Pike inc,"382,272",18
Jan 2018,184,Christopher Waage inc,"343,556",18
Jan 2018,184,Harold Ames inc,"340,043",17
Jan 2018,184,Ralph Nava inc,"338,798",18
Jan 2018,185,Sebastian Molino inc,"54,209",3
Jan 2018,185,Sarah Harris 5 inc,"12,054",1
Jan 2018,186,Larry Reid inc,"868,627",43
Jan 2018,186,Brett Richardson inc,"431,419",19
Jan 2018,186,Katie Limon inc,"323,887",12
Jan 2018,186,Cora Brown inc,"322,281",16
Jan 2018,186,Christine Paulino inc,"318,147",14
Jan 2018,187,Ronald Morgan inc,"415,370",18
Jan 2018,187,Roberto Alexander inc,"298,322",17
Jan 2018,187,Matthew Willingham inc,"268,593",12
Jan 2018,187,Trudie Baker inc,"222,812",14
Jan 2018,187,Joseph Miles inc,"218,023",11
Jan 2018,188,Linda Alexander inc,"1,068,013",51
Jan 2018,188,James Pittsley inc,"1,060,870",50
Jan 2018,188,Thomas Thompson 9 inc,"1,017,822",50
Jan 2018,188,Ryan Widell inc,"902,563",43
Jan 2018,188,Joseph Jones 15 inc,"886,290",51
Jan 2018,189,Andrew Eastman inc,"2,059,849",104
Jan 2018,189,Christina Chamberlain inc,"1,157,766",61
Jan 2018,189,Gertrude Espinosa inc,"982,337",50
Jan 2018,189,,"764,692",39
Jan 2018,189,Jack Huffman inc,"641,133",28
Jan 2018,190,Jay Hokanson inc,"726,005",37
Jan 2018,190,Denise Marquez 2 inc,"598,845",30
Jan 2018,190,Bernice Harris inc,"432,456",20
Jan 2018,190,Linda Dallas inc,"349,068",19
Jan 2018,190,Thomas Voyer inc,"306,141",15
Jan 2018,191,Frank Lundborg inc,"632,507",34
Jan 2018,191,Laura James 2 inc,"493,052",21
Jan 2018,191,Phillip Lewis 3 inc,"469,981",23
Jan 2018,191,Patrick Heiden inc,"411,380",18
Jan 2018,191,Lisa Byker inc,"382,271",22
Jan 2018,193,Renate Snyder inc,"710,451",37
Jan 2018,193,Dorothy Woods inc,"462,945",22
Jan 2018,193,Darla Nelson inc,"403,202",18
Jan 2018,193,Lisa Plummer inc,"389,500",20
Jan 2018,193,Donald Davis 9 inc,"351,079",17
Jan 2018,194,Alison Magallanes inc,"1,300,546",65
Jan 2018,194,Walter Washington 2 inc,"663,405",31
Jan 2018,194,John Piper 2 inc,"535,211",27
Jan 2018,194,Irma Bales inc,"503,059",25
Jan 2018,194,Sandra Patterson 2 inc,"492,486",22
Jan 2018,195,Casey Dawkins inc,"409,530",19
Jan 2018,195,Klara Ibanez inc,"369,071",21
Jan 2018,195,Carl Smith 6 inc,"336,886",16
Jan 2018,195,Theresa Martin 3 inc,"265,197",13
Jan 2018,195,Dion Cantu inc,"259,112",11
Jan 2018,197,Claudia Rodriguez inc,"778,554",37
Jan 2018,197,Lori Mize inc,"435,315",20
Jan 2018,197,,"383,500",19
Jan 2018,197,Lori Joseph inc,"374,652",18
Jan 2018,197,Chad Tobar inc,"317,179",16
Jan 2018,198,Charles Fritter inc,"501,803",23
Jan 2018,198,Jose Emerson inc,"424,715",19
Jan 2018,198,Nancy Foley inc,"360,829",19
Jan 2018,198,Barbara Christian inc,"272,679",14
Jan 2018,198,Mack Smith inc,"245,133",13
Jan 2018,199,Crystal Dwyer inc,"2,202,452",108
Jan 2018,199,Elbert Six inc,"1,662,114",83
Jan 2018,199,Roger Serrano inc,"1,190,294",60
Jan 2018,199,Daryl Taylor inc,"1,014,532",44
Jan 2018,199,Judy Evans 3 inc,"996,683",60
Jan 2018,200,Latanya Crofton inc,"2,135,282",105
Jan 2018,200,Paul Cuchares inc,"1,633,592",85
Jan 2018,200,Teresa Ellis inc,"1,595,577",90
Jan 2018,200,Lisa Saunders 2 inc,"1,523,437",73
Jan 2018,200,Juan Sojka inc,"1,305,684",66
Jan 2018,201,James Howell 7 inc,"727,584",34
Jan 2018,201,Andrew Johnson 5 inc,"321,644",17
Jan 2018,201,Rosemary Clark inc,"287,686",15
Jan 2018,201,Patricia Cornish inc,"252,592",11
Jan 2018,201,Ryan Black inc,"230,529",12
Jan 2018,203,Albert Cadwell inc,"844,015",38
Jan 2018,203,Jeffrey Berryman inc,"402,153",19
Jan 2018,203,Lorraine Mahon inc,"261,536",13
Jan 2018,203,Ernest Ward inc,"253,758",12
Jan 2018,203,Kyle Reyna inc,"213,828",8
Jan 2018,204,Ruth Newark inc,"471,971",22
Jan 2018,204,Josephina Taylor inc,"150,627",7
Jan 2018,204,Debora Giles inc,"133,610",6
Jan 2018,204,Mildred Marks inc,"110,990",6
Jan 2018,204,Bernie Winters inc,"97,567",4
Jan 2018,205,Tyrone Dwaileebe inc,"331,801",15
Jan 2018,205,Zachary Holzer inc,"180,284",8
Jan 2018,205,Joy Dejesus inc,"107,635",7
Jan 2018,205,Sandy Enriguez inc,"84,678",4
Jan 2018,205,Kevin Cordoua inc,"83,571",4
Jan 2018,206,Tracy Robles inc,"327,224",13
Jan 2018,206,Ryan Gregg inc,"312,569",16
Jan 2018,206,Louise Owens inc,"218,653",11
Jan 2018,206,Etta Mcdonald inc,"210,251",10
Jan 2018,206,Treva Padilla inc,"200,637",10
Jan 2018,207,Cheryl Ross inc,"253,447",9
Jan 2018,207,Steven Eddy inc,"90,650",4
Jan 2018,207,Teresa Begley inc,"83,634",5
Jan 2018,207,Joseph Proctor inc,"67,405",3
Jan 2018,207,Donald Neff inc,"54,293",2
Jan 2018,208,Michael Abramson inc,"533,446",28
Jan 2018,208,Dale Skalicky inc,"330,409",15
Jan 2018,208,Paula Santiago inc,"274,004",14
Jan 2018,208,Jason Ho inc,"213,408",11
Jan 2018,208,Monica Hanauer inc,"198,305",9
Jan 2018,209,Ma Rowlands inc,"1,180,572",58
Jan 2018,209,Tempie Guardado inc,"772,289",35
Jan 2018,209,Cathrine Guerrero inc,"638,988",29
Jan 2018,209,Meaghan Saylor inc,"603,010",34
Jan 2018,209,Mary Lynn inc,"501,649",29
Jan 2018,210,Jamie Remillard inc,"995,010",52
Jan 2018,210,Michael Mocher inc,"970,708",45
Jan 2018,210,Timothy Godwin inc,"889,391",42
Jan 2018,210,Felipe Erickson inc,"801,094",35
Jan 2018,210,Angela Parsons inc,"786,181",41
Jan 2018,211,Nancy Benz inc,"573,888",25
Jan 2018,211,William Darden inc,"521,642",27
Jan 2018,211,Ryan Charles inc,"501,483",26
Jan 2018,211,Crystal Krumholz inc,"485,238",24
Jan 2018,211,Karren Gibson inc,"437,237",22
Jan 2018,212,Donald Pimental inc,"6,773,132",331
Jan 2018,212,Rebecca Johnson 9 inc,"4,386,996",223
Jan 2018,212,Susan Williams 18 inc,"3,475,070",173
Jan 2018,212,Mary Velazquez inc,"3,373,430",160
Jan 2018,212,Anna Risher inc,"3,366,781",179
Jan 2018,213,Katherine Stickel inc,"3,831,611",197
Jan 2018,213,Nichol Gentry inc,"2,886,072",146
Jan 2018,213,Elizabeth Thomas 10 inc,"2,425,398",120
Jan 2018,213,Chad Tobar inc,"2,234,058",110
Jan 2018,213,Steven Turner 3 inc,"1,850,941",91
Jan 2018,214,Daniel Steinbach inc,"1,014,946",52
Jan 2018,214,Miles West inc,"415,735",23
Jan 2018,214,Rosendo Wallin inc,"369,692",19
Jan 2018,214,Beatrice Thomas inc,"345,819",16
Jan 2018,214,Christie Poole inc,"326,291",16
Jan 2018,215,Katherine Caldwell inc,"480,500",22
Jan 2018,215,Allison Kingston inc,"182,726",9
Jan 2018,215,Kirk Adams inc,"130,679",6
Jan 2018,215,Dennis Fowler inc,"126,788",5
Jan 2018,215,John Thomas 16 inc,"75,317",3
Jan 2018,216,Andrea Kolb inc,"424,986",19
Jan 2018,216,Paula Deuell inc,"412,986",19
Jan 2018,216,James Nelson 9 inc,"389,559",18
Jan 2018,216,Helen Acosta inc,"348,437",20
Jan 2018,216,Deanna Dudley inc,"325,858",18
Jan 2018,218,Julianne Mchugh inc,"1,102,700",60
Jan 2018,218,Charles Oneil inc,"548,756",24
Jan 2018,218,Mildred Walton inc,"474,743",21
Jan 2018,218,Gary Ratcliff inc,"424,018",21
Jan 2018,218,Nina Humphreys inc,"423,875",21
Jan 2018,219,Rodney Lichtenberg inc,"880,572",46
Jan 2018,219,Wendy Strong inc,"842,863",44
Jan 2018,219,Donald Smith 19 inc,"695,309",37
Jan 2018,219,Brian Page 2 inc,"534,057",26
Jan 2018,219,Christopher Marinaccio inc,"510,287",27
Jan 2018,220,Rose Smith 7 inc,"655,020",32
Jan 2018,220,Megan Robinson 5 inc,"391,377",21
Jan 2018,220,Jaime Joyce inc,"387,911",16
Jan 2018,220,James Jones 47 inc,"369,543",18
Jan 2018,220,Valerie Ellison inc,"325,005",16
Jan 2018,221,Rose Brewer 2 inc,"345,515",18
Jan 2018,221,Maximina Carroll inc,"203,475",9
Jan 2018,221,Donna Wallace inc,"172,468",9
Jan 2018,221,Linda Brown 12 inc,"137,246",6
Jan 2018,221,Woodrow James inc,"129,922",6
Jan 2018,222,Jonathon Morrison inc,"552,266",26
Jan 2018,222,Melvin Hurt inc,"414,061",19
Jan 2018,222,Dennis Clancy inc,"330,965",18
Jan 2018,222,Jeanette Crooks inc,"292,443",15
Jan 2018,222,Maria Alston inc,"205,050",9
Jan 2018,223,Judy Turner inc,"592,820",32
Jan 2018,223,Connie Thompson inc,"557,798",26
Jan 2018,223,Rodney Reynolds inc,"392,248",16
Jan 2018,223,Gracie Mcmorran inc,"369,905",19
Jan 2018,223,Kevin Jeffers inc,"310,430",18
Jan 2018,224,John Sutton 8 inc,"654,832",34
Jan 2018,224,,"291,934",13
Jan 2018,224,Ronald Perkins 2 inc,"235,793",13
Jan 2018,224,Brandie Lane inc,"229,367",10
Jan 2018,224,Deborah Harris 5 inc,"207,902",11
Jan 2018,226,John Rutherford 4 inc,"2,347,069",120
Jan 2018,226,Jaime Marks inc,"960,530",48
Jan 2018,226,Maggie Rosa inc,"875,453",44
Jan 2018,226,Joseph Dempsey inc,"839,244",43
Jan 2018,226,Princess White inc,"658,747",32
Jan 2018,227,Frank Mahler inc,"382,197",19
Jan 2018,227,Brandon Morrison 2 inc,"138,932",6
Jan 2018,227,Thomas Turner 5 inc,"101,837",5
Jan 2018,227,Lucy Thompson 2 inc,"101,457",5
Jan 2018,227,Kyle Oiler inc,"98,628",5
Jan 2018,228,Nakia Fernandes inc,"280,267",13
Jan 2018,228,Pablo Laboy inc,"274,126",16
Jan 2018,228,Karen Harrelson inc,"221,387",9
Jan 2018,228,Cynthia Blevins inc,"202,393",8
Jan 2018,228,Gail Henderson inc,"191,346",9
Jan 2018,229,Christina Moralez inc,"884,302",41
Jan 2018,229,Anton Greene inc,"418,229",20
Jan 2018,229,Muriel Alvarez inc,"414,085",20
Jan 2018,229,Jonathan Hahn inc,"367,597",16
Jan 2018,229,Jennifer Hutto inc,"301,034",15
Jan 2018,230,Joseph Bass inc,"494,002",23
Jan 2018,230,Allison Burgess inc,"366,111",17
Jan 2018,230,Frederick Schmidtke inc,"310,892",13
Jan 2018,230,John Rivera 9 inc,"296,313",14
Jan 2018,230,Rosie Champagne inc,"275,082",13
Jan 2018,231,Mary Mattson inc,"4,517,585",232
Jan 2018,231,Joshua Berryhill inc,"2,445,978",111
Jan 2018,231,Florence Mitchell 2 inc,"1,728,602",89
Jan 2018,231,Robert Barfield inc,"1,507,333",76
Jan 2018,231,Edward Hebert 3 inc,"1,462,013",76
Jan 2018,232,Whitney Delgado inc,"1,053,308",53
Jan 2018,232,James Carpenter 7 inc,"770,482",38
Jan 2018,232,Charles Urias inc,"738,040",41
Jan 2018,232,James Guerrero 2 inc,"724,961",33
Jan 2018,232,Alice Bullinger inc,"716,133",37
Jan 2018,233,Chad Tobar inc,"5,182,654",264
Jan 2018,233,Ella Rose 2 inc,"3,842,605",192
Jan 2018,233,John Mcneal 2 inc,"3,618,162",180
Jan 2018,233,Ruth Kohl inc,"3,421,413",176
Jan 2018,233,Maria Meaker inc,"3,384,996",170
Jan 2018,234,Alice Dickerson inc,"856,210",41
Jan 2018,234,Johnnie Elliott inc,"539,459",29
Jan 2018,234,Jennifer Haynes inc,"539,425",28
Jan 2018,234,Rachel Honeycutt inc,"509,752",25
Jan 2018,234,Daniel Marshall 7 inc,"479,471",24
Jan 2018,235,Peter Adams 3 inc,"374,079",21
Jan 2018,235,David Morris 4 inc,"243,672",10
Jan 2018,235,Irene Frazier inc,"179,736",7
Jan 2018,235,Michael Brickner inc,"176,584",9
Jan 2018,235,Dennis Campbell 2 inc,"158,313",7
Jan 2018,236,Jeremy Adams 3 inc,"416,427",18
Jan 2018,236,Mary Milliren inc,"312,999",13
Jan 2018,236,Nora Saenz inc,"262,420",13
Jan 2018,236,Michael Barbieri inc,"207,818",9
Jan 2018,236,Salina Perry inc,"188,362",8
Jan 2018,237,Julie Hughes inc,"428,958",22
Jan 2018,237,Bernice Batz inc,"323,170",14
Jan 2018,237,Keith Feldman inc,"154,992",7
Jan 2018,237,Craig Osborne inc,"127,944",5
Jan 2018,237,Glenda Mikesell inc,"114,304",5
Jan 2018,238,Kenneth Kimbler inc,"1,352,761",72
Jan 2018,238,Robin Forbes inc,"944,853",44
Jan 2018,238,Clyde Scott 2 inc,"814,910",38
Jan 2018,238,Eugene Roberts inc,"769,417",37
Jan 2018,238,Duane Stafford inc,"723,721",34
Jan 2018,239,Leonard Parton inc,"569,632",30
Jan 2018,239,Ivelisse Cipriani inc,"569,275",28
Jan 2018,239,Bonnie Gresham inc,"401,296",20
Jan 2018,239,Jackson Tallant inc,"378,359",21
Jan 2018,239,,"289,413",14
Jan 2018,240,Jessica Baxter inc,"544,377",28
Jan 2018,240,Victoria Brown 3 inc,"374,380",19
Jan 2018,240,Gerald Rivera 2 inc,"334,396",15
Jan 2018,240,Gloria Applin inc,"315,196",18
Jan 2018,240,Donald Marin 2 inc,"205,392",11
Jan 2018,242,Mae Davis 3 inc,"1,530,530",78
Jan 2018,242,Ada Cough inc,"1,458,379",77
Jan 2018,242,John Bordner inc,"943,717",49
Jan 2018,242,Estella Vidal inc,"743,878",37
Jan 2018,242,Harold Bates inc,"486,332",22
Jan 2018,244,Vivian Cawthorne inc,"2,406,651",130
Jan 2018,244,Diane Robbins inc,"1,948,314",100
Jan 2018,244,James Funk 2 inc,"1,784,279",92
Jan 2018,244,Donald Bacon 2 inc,"1,414,680",66
Jan 2018,244,,"1,388,332",66
Jan 2018,245,Brenda Green 4 inc,"1,229,795",64
Jan 2018,245,James Brown 42 inc,"808,835",39
Jan 2018,245,Bobby Bryce inc,"728,922",33
Jan 2018,245,Debra Moncrief inc,"590,796",31
Jan 2018,245,Anton Wilder inc,"457,542",24
Jan 2018,246,Clarice Potts inc,"3,952,304",195
Jan 2018,246,James Holliday inc,"2,533,183",122
Jan 2018,246,Marc Juckett inc,"2,049,114",105
Jan 2018,246,,"1,550,446",78
Jan 2018,246,Naomi Wakefield inc,"1,509,150",74
Jan 2018,247,Alex Couzens inc,"1,975,739",99
Jan 2018,247,Mary Schultheis inc,"1,005,343",52
Jan 2018,247,Charles Doyle inc,"945,969",44
Jan 2018,247,Frederick Uson inc,"602,090",29
Jan 2018,247,Jennifer Cunningham 2 inc,"549,100",27
Jan 2018,248,George Wheeler 2 inc,"1,639,845",82
Jan 2018,248,Katherine Gonce inc,"1,523,173",76
Jan 2018,248,Tara Hollis inc,"1,424,151",68
Jan 2018,248,Nicholas Mixer inc,"1,297,040",68
Jan 2018,248,Alison Miranda inc,"1,223,573",66
Jan 2018,250,Edward Campbell 2 inc,"717,515",32
Jan 2018,250,Catherine Ochs inc,"625,146",29
Jan 2018,250,Patricia Hoang inc,"585,660",32
Jan 2018,250,Angela Mcnabb inc,"326,889",17
Jan 2018,250,Milo Backman inc,"305,783",12
Jan 2018,251,Lola Cramer inc,"2,175,434",103
Jan 2018,251,Rose Mincey inc,"2,150,900",107
Jan 2018,251,Ryan Harris 2 inc,"1,893,925",87
Jan 2018,251,Charles Bendel inc,"1,866,874",90
Jan 2018,251,Vonda Lake inc,"1,375,688",70
Jan 2018,252,Dominick Newsom inc,"360,924",15
Jan 2018,252,Aretha Blevins inc,"311,295",15
Jan 2018,252,Jimmy Kelly inc,"302,130",16
Jan 2018,252,Dwayne Molina inc,"225,356",10
Jan 2018,252,Dorothy Currey inc,"202,180",11
Jan 2018,253,Karen Fiene inc,"1,385,367",67
Jan 2018,253,,"1,232,872",54
Jan 2018,253,Gussie Bickford inc,"983,925",49
Jan 2018,253,Kathleen Pittman inc,"819,135",47
Jan 2018,253,Dillon Renshaw inc,"677,137",31
Jan 2018,254,Michael Newsom inc,"412,433",19
Jan 2018,254,Amanda Jara inc,"172,174",8
Jan 2018,254,Joseph Olson 2 inc,"165,822",10
Jan 2018,254,Geneva Cohen inc,"165,467",8
Jan 2018,254,Cathi Jackson inc,"137,317",6
Jan 2018,255,Harmony Mathis inc,"712,482",30
Jan 2018,255,Blanche Egan inc,"525,514",25
Jan 2018,255,Jeffrey Cawley inc,"390,452",20
Jan 2018,255,John Cruz 7 inc,"382,367",16
Jan 2018,255,Sheryl Wilson inc,"329,535",17
Jan 2018,256,Leigh Carr inc,"2,870,382",139
Jan 2018,256,Juan Kong inc,"1,016,542",49
Jan 2018,256,Beatrice Graham inc,"474,011",24
Jan 2018,256,Ryan Kyle inc,"406,683",17
Jan 2018,256,Ralph Palmer inc,"345,206",18
Jan 2018,258,Michelle Jones 13 inc,"301,540",14
Jan 2018,258,Stacie Lucas inc,"253,419",12
Jan 2018,258,Steven Johnson 10 inc,"227,804",10
Jan 2018,258,Derrick Johnson inc,"200,169",9
Jan 2018,258,Joseph Flowers 4 inc,"194,751",11
Jan 2018,259,Gerald Mccullough inc,"1,090,063",54
Jan 2018,259,Anthony Wheeler 2 inc,"956,190",47
Jan 2018,259,Adrienne Hill inc,"834,600",42
Jan 2018,259,Allen Jackson 2 inc,"784,520",41
Jan 2018,259,Stephanie Reeves inc,"461,416",19
Jan 2018,260,Eloise Paoli inc,"500,588",23
Jan 2018,260,Jordan Johnson inc,"425,463",23
Jan 2018,260,William Young 10 inc,"415,848",20
Jan 2018,260,Ronald Betcher inc,"399,004",19
Jan 2018,260,Christopher Arroyo inc,"348,994",17
Jan 2018,261,Samuel Powell inc,"668,459",31
Jan 2018,261,Renaldo Allen inc,"553,932",26
Jan 2018,261,Theresa Ocasio inc,"506,628",25
Jan 2018,261,Phillip Justice 2 inc,"445,343",24
Jan 2018,261,Theodore Thompson 2 inc,"417,530",22
Jan 2018,262,Kevin Wolfrum inc,"446,042",22
Jan 2018,262,Raymond Sylvester inc,"346,408",19
Jan 2018,262,Lora Harrell inc,"280,759",15
Jan 2018,262,Bonnie Thomas 5 inc,"174,357",8
Jan 2018,262,Wayne James 2 inc,"155,924",7
Jan 2018,263,David Millay 2 inc,"279,705",12
Jan 2018,263,Joan Miller 2 inc,"268,284",12
Jan 2018,263,Marvin Soto inc,"129,685",7
Jan 2018,263,Donnell Cotto inc,"106,434",5
Jan 2018,263,Nathan Hall inc,"97,413",5
Jan 2018,264,Judith Roth inc,"242,811",11
Jan 2018,264,Erika Legrand inc,"223,747",13
Jan 2018,264,Sandra Brison inc,"203,503",11
Jan 2018,264,Lena Boyer inc,"180,399",7
Jan 2018,264,Maria Harris 7 inc,"159,918",8
Jan 2018,265,Brandon Beatty inc,"586,462",23
Jan 2018,265,Michelle Dougherty inc,"548,646",27
Jan 2018,265,John Mai inc,"541,502",27
Jan 2018,265,Michael Feinberg inc,"373,740",18
Jan 2018,265,David Adkins 7 inc,"316,119",19
Jan 2018,266,Michael Avila inc,"243,938",11
Jan 2018,266,Darryl Servin inc,"243,144",14
Jan 2018,266,Agnes Santos inc,"179,327",7
Jan 2018,266,Jerry Anderson 2 inc,"154,690",9
Jan 2018,266,Timothy Poole inc,"149,684",8
Jan 2018,267,Genesis Barcia inc,"445,112",24
Jan 2018,267,Rebecca Pollard inc,"397,922",18
Jan 2018,267,Julie Young inc,"341,450",13
Jan 2018,267,Maurice Ehret inc,"287,619",16
Jan 2018,267,Michael Little 5 inc,"261,476",12
Jan 2018,268,Trudy Harris inc,"1,594,977",82
Jan 2018,268,Timothy Lewis 8 inc,"868,910",41
Jan 2018,268,Sabine King inc,"797,298",38
Jan 2018,268,Roy Mccoy inc,"763,457",39
Jan 2018,268,Maureen Tolle inc,"510,993",25
Jan 2018,269,Mary Radford 3 inc,"412,556",23
Jan 2018,269,Josephine Garrity inc,"333,215",18
Jan 2018,269,Linda Beaudin inc,"261,702",13
Jan 2018,269,Heather Hopkins inc,"253,015",13
Jan 2018,269,Mary Sanders 8 inc,"191,981",10
Jan 2018,270,Patricia Smith 25 inc,"657,531",33
Jan 2018,270,Douglas Massie inc,"316,433",19
Jan 2018,270,Cristina Lindsay inc,"284,157",15
Jan 2018,270,David Park inc,"273,742",15
Jan 2018,270,Albert Hipp inc,"260,674",13
Jan 2018,271,Ann Morrell inc,"1,155,484",55
Jan 2018,271,Jame Perez inc,"1,079,300",54
Jan 2018,271,Christopher Castro 2 inc,"1,059,900",50
Jan 2018,271,Sharon Mcdaniel inc,"835,129",45
Jan 2018,271,Jimmy Garcia 2 inc,"797,799",40
Jan 2018,272,David Fitzpatrick inc,"1,050,075",49
Jan 2018,272,Joseph Olson 3 inc,"865,637",38
Jan 2018,272,Micheal Seymore inc,"540,450",27
Jan 2018,272,Mark Layne inc,"518,599",23
Jan 2018,272,Gabriela Woods inc,"493,126",25
Jan 2018,273,Ruth Signs inc,"97,880",3
Jan 2018,273,Edith Taylor 2 inc,"49,984",2
Jan 2018,273,Philip Capps inc,"42,229",2
Jan 2018,273,Antoine Alexander inc,"37,023",2
Jan 2018,273,David Houchin inc,"36,224",2
Jan 2018,274,Doris Babcock inc,"4,295,114",214
Jan 2018,274,Austin Edmunds inc,"1,615,934",80
Jan 2018,274,Sylvester Wetzel inc,"1,447,842",69
Jan 2018,274,Angela Barrett 2 inc,"1,326,984",69
Jan 2018,274,Jane Bell inc,"1,290,974",60
Jan 2018,275,Doris Bullard inc,"371,803",20
Jan 2018,275,Orville Caporiccio inc,"355,158",17
Jan 2018,275,Wade Seider inc,"295,457",14
Jan 2018,275,Tyrone Noe inc,"289,872",11
Jan 2018,275,Frederick Mccammon inc,"285,870",14
Jan 2018,276,Odis Hampton inc,"1,423,263",70
Jan 2018,276,Steven Porter 2 inc,"1,188,746",62
Jan 2018,276,Vesta Jackson inc,"727,776",34
Jan 2018,276,Joey Johnson inc,"715,856",33
Jan 2018,276,Janet Bertsch inc,"609,480",29
Jan 2018,277,Jonathan Rollins inc,"4,755,881",227
Jan 2018,277,Tracie Dempsey inc,"4,294,665",209
Jan 2018,277,Daniel Phipps 2 inc,"3,161,585",155
Jan 2018,277,Michelle Briscoe inc,"2,668,929",141
Jan 2018,277,Amira Jefferson inc,"2,325,311",116
Jan 2018,278,Sylvia Holler inc,"1,457,601",72
Jan 2018,278,David Fontaine inc,"1,372,897",63
Jan 2018,278,Maria Davis 10 inc,"1,086,167",55
Jan 2018,278,Calvin Severy inc,"756,320",39
Jan 2018,278,Darrell Friedrich inc,"569,461",26
Jan 2018,279,George Williams 20 inc,"1,572,003",82
Jan 2018,279,Debra Williams 7 inc,"1,496,198",77
Jan 2018,279,Miguel Walt inc,"1,242,587",59
Jan 2018,279,Jocelyn Dixon inc,"1,153,901",62
Jan 2018,279,,"1,029,321",53
Jan 2018,280,Clyde Garland inc,"2,220,780",106
Jan 2018,280,Vivian Howard inc,"783,348",38
Jan 2018,280,Maria Woods inc,"697,930",36
Jan 2018,280,Thomas Adams 6 inc,"578,831",28
Jan 2018,280,Michael Anderson 16 inc,"540,806",25
Jan 2018,281,Charles Everett inc,"674,856",36
Jan 2018,281,Pierre Weiner inc,"555,982",27
Jan 2018,281,Sandra Staples inc,"409,296",19
Jan 2018,281,Samuel Rebello inc,"337,849",15
Jan 2018,281,Christine Hernandez inc,"252,614",12
Jan 2018,282,Jonathan Crumble inc,"1,880,168",92
Jan 2018,282,Devon Sanders inc,"861,299",46
Jan 2018,282,Robert Karst inc,"825,547",39
Jan 2018,282,Katherine Cotter inc,"812,364",40
Jan 2018,282,Fernando Williams inc,"707,312",34
Jan 2018,283,Christopher Carter 3 inc,"3,637,378",182
Jan 2018,283,Jessica Lafayette inc,"1,636,889",83
Jan 2018,283,Sterling Haskins inc,"1,634,372",78
Jan 2018,283,Mikki Seburg inc,"1,529,940",76
Jan 2018,283,Sean Rohman inc,"1,468,907",68
Jan 2018,285,Jefferey Smith inc,"568,416",29
Jan 2018,285,William Duby inc,"276,657",14
Jan 2018,285,Carolyn Hardy inc,"193,667",7
Jan 2018,285,Francis Hunter inc,"174,977",8
Jan 2018,285,William Cade inc,"149,418",10
Jan 2018,286,Chris Heath inc,"5,939,523",299
Jan 2018,286,Rita Elias inc,"3,856,145",200
Jan 2018,286,Kevin Hellman inc,"3,384,629",172
Jan 2018,286,Jasmin Morataya inc,"3,275,632",165
Jan 2018,286,Toya Mcfarland inc,"1,994,491",104
Jan 2018,287,Wm Evans inc,"397,812",21
Jan 2018,287,John Arlington inc,"374,417",20
Jan 2018,287,George Peebles inc,"198,322",10
Jan 2018,287,Dustin Brown inc,"176,637",11
Jan 2018,287,Roberta Parks 2 inc,"176,606",10
Jan 2018,288,Wallace Bennett inc,"1,568,444",80
Jan 2018,288,Steve Crofton inc,"1,337,956",64
Jan 2018,288,Michael Morgan 3 inc,"1,174,117",63
Jan 2018,288,,"1,050,059",55
Jan 2018,288,Lisa Rollins inc,"918,810",51
Jan 2018,289,Sherri Garrison inc,"4,621,600",230
Jan 2018,289,,"1,616,226",74
Jan 2018,289,John Penn 2 inc,"1,558,220",73
Jan 2018,289,Willard Conditt inc,"1,533,889",79
Jan 2018,289,Jeannette Paschal inc,"1,041,900",46
Jan 2018,290,Daniel Jones 11 inc,"337,328",13
Jan 2018,290,Maryann Booth inc,"254,970",11
Jan 2018,290,Guadalupe Schoenfeld inc,"251,360",12
Jan 2018,290,Shane Nelson inc,"245,716",11
Jan 2018,290,John Gonzalez 9 inc,"225,117",11
Jan 2018,291,Cesar Hall inc,"28,162,996","1,376"
Jan 2018,291,Efrain Webb inc,"1,983,954",97
Jan 2018,291,Elizabeth Gibbs inc,"1,904,079",97
Jan 2018,291,Lisa Bryant 3 inc,"1,545,806",77
Jan 2018,291,Chad Tobar inc,"1,537,400",72
Jan 2018,292,Rebecca Kim 2 inc,"1,391,109",71
Jan 2018,292,Gilbert Lowell inc,"1,200,672",59
Jan 2018,292,Scott Uson inc,"979,199",43
Jan 2018,292,Brandon Manns inc,"603,150",29
Jan 2018,292,Anthony Hinkle inc,"560,083",27
Jan 2018,293,Lawrence Williams 4 inc,"215,999",8
Jan 2018,293,Jessica Blackwood inc,"171,872",7
Jan 2018,293,Joseph Phillips 6 inc,"153,604",5
Jan 2018,293,Sylvester Shahan inc,"105,269",6
Jan 2018,293,Daniel Johnston 2 inc,"100,795",5
Jan 2018,294,Mae Little inc,"405,020",20
Jan 2018,294,Keith Thomas 2 inc,"387,870",20
Jan 2018,294,Mathew Vogus inc,"297,149",18
Jan 2018,294,Tina Leflore inc,"276,831",12
Jan 2018,294,Andrew Bailey 2 inc,"272,724",14
Jan 2018,295,Darren Brewer inc,"504,385",27
Jan 2018,295,Jody Minor inc,"449,058",22
Jan 2018,295,Angela Johnson 7 inc,"419,001",18
Jan 2018,295,John Mayfield 2 inc,"388,346",19
Jan 2018,295,Christopher Hubbard 3 inc,"354,142",17
Jan 2018,296,Larry Mcmanus inc,"854,355",40
Jan 2018,296,Julie Thomas 2 inc,"736,032",34
Jan 2018,296,,"705,916",35
Jan 2018,296,Randall Howard inc,"683,536",35
Jan 2018,296,Edward Evanoff inc,"590,125",26
Jan 2018,297,Nicole Borrero inc,"933,370",43
Jan 2018,297,Crystal Marquez inc,"861,894",40
Jan 2018,297,Arlyne Smith inc,"745,634",35
Jan 2018,297,Melissa Eldridge inc,"704,578",35
Jan 2018,297,Daisy Hunt inc,"585,509",28
Jan 2018,298,Marisa Corbin inc,"338,835",18
Jan 2018,298,Claudia Sievers inc,"244,199",10
Jan 2018,298,Guadalupe Blank inc,"228,431",12
Jan 2018,298,Chad Tobar inc,"207,352",11
Jan 2018,298,George Wilson 8 inc,"179,790",8
Jan 2018,299,Gary Hayes inc,"632,529",28
Jan 2018,299,Mildred Tilman inc,"454,306",22
Jan 2018,299,Michelle Thomas 6 inc,"448,721",20
Jan 2018,299,Edna Ramirez 2 inc,"446,158",22
Jan 2018,299,Joe Quinn inc,"391,423",19
Jan 2018,300,Rene Roberts 2 inc,"1,016,036",50
Jan 2018,300,Lorene Johnson 3 inc,"756,465",39
Jan 2018,300,Eddie Coyle 2 inc,"657,820",33
Jan 2018,300,Ruben Frantz inc,"588,082",29
Jan 2018,300,William Ramsey 2 inc,"546,066",27
Jan 2018,301,Joyce Perry inc,"576,427",27
Jan 2018,301,Brian Ranney inc,"575,341",24
Jan 2018,301,Gabrielle Caudel inc,"547,993",24
Jan 2018,301,Juan Jennrich inc,"534,322",30
Jan 2018,301,Virginia Chapman inc,"475,490",23
Jan 2018,302,Albert Smith 10 inc,"2,022,588",109
Jan 2018,302,Colin Canelo inc,"1,877,876",97
Jan 2018,302,,"1,127,207",54
Jan 2018,302,Thomas Crouchet inc,"968,448",50
Jan 2018,302,Duane Lewis inc,"777,163",39
Jan 2018,303,Marvin Peterman inc,"785,769",41
Jan 2018,303,Christine Hill 3 inc,"745,870",40
Jan 2018,303,Bessie Fulmer inc,"723,261",40
Jan 2018,303,Peter Nelson 4 inc,"529,016",29
Jan 2018,303,Elizabeth Ernst inc,"474,839",22
Jan 2018,304,Heather Brackett inc,"886,983",44
Jan 2018,304,Jill Costa inc,"789,345",40
Jan 2018,304,Cordelia Rice inc,"735,127",35
Jan 2018,304,Douglas Mackin inc,"558,120",26
Jan 2018,304,Annie Coffman inc,"540,700",26
Jan 2018,306,Timothy Sepulveda inc,"258,407",12
Jan 2018,306,Martha Williams 5 inc,"219,070",10
Jan 2018,306,Ruby Armstead inc,"212,377",12
Jan 2018,306,Scott Aponte inc,"119,398",7
Jan 2018,306,Shannon Depuy inc,"102,828",6
Jan 2018,307,John Kluender inc,"861,079",43
Jan 2018,307,Larry Hicks 4 inc,"208,270",9
Jan 2018,307,Alice Bell 2 inc,"197,908",9
Jan 2018,307,Patricia Bland inc,"175,714",7
Jan 2018,307,Travis Hartson inc,"157,919",7
Jan 2018,308,Fannie Baltimore inc,"1,030,551",52
Jan 2018,308,Roy Lavine inc,"902,029",48
Jan 2018,308,Anthony Lewis 5 inc,"835,723",40
Jan 2018,308,Reed Williams inc,"822,749",39
Jan 2018,308,Tracey Spangler inc,"788,868",40
Jan 2018,309,Shirley Richardson 2 inc,"297,264",13
Jan 2018,309,Quinton Hargrove inc,"276,129",14
Jan 2018,309,David Aucoin inc,"257,953",13
Jan 2018,309,Christopher Frazier 2 inc,"253,420",12
Jan 2018,309,Patricia Jackson 7 inc,"232,344",11
Jan 2018,310,Kathy Sain inc,"236,609",13
Jan 2018,310,Maria Black 2 inc,"214,554",9
Jan 2018,310,,"208,000",10
Jan 2018,310,Darrick Pendleton inc,"206,038",11
Jan 2018,310,Barbara Thomas 9 inc,"194,467",9
Jan 2018,311,Janet Baker 2 inc,"766,000",36
Jan 2018,311,Carole West inc,"427,799",19
Jan 2018,311,Michael Dunlop inc,"401,839",18
Jan 2018,311,Roger Freitas inc,"348,530",16
Jan 2018,311,Lucille Bash inc,"317,660",15
Jan 2018,312,David Taylor 12 inc,"540,186",27
Jan 2018,312,Tony Butler inc,"342,139",16
Jan 2018,312,Oscar Carter inc,"307,588",15
Jan 2018,312,Joann Net inc,"291,451",17
Jan 2018,312,Thomas Diaz 2 inc,"241,771",11
Jan 2018,313,Danny Lupien inc,"629,289",30
Jan 2018,313,Connie Partis inc,"276,004",13
Jan 2018,313,Daniel Scheulen inc,"263,473",13
Jan 2018,313,Judy Richards inc,"243,182",12
Jan 2018,313,Linda Armendarez inc,"237,068",14
Jan 2018,314,Julio Piner inc,"1,577,063",75
Jan 2018,314,Erna Dahlgren inc,"1,436,173",67
Jan 2018,314,Carl Black inc,"1,157,526",59
Jan 2018,314,Charles Dallas inc,"1,012,886",51
Jan 2018,314,Lloyd Brink inc,"978,307",48
Jan 2018,315,William Howlin inc,"167,518",8
Jan 2018,315,Lester Marcum inc,"157,802",9
Jan 2018,315,Jeffrey Taylor 3 inc,"136,200",6
Jan 2018,315,Alfred Walters inc,"132,754",5
Jan 2018,315,Leanne Totaro inc,"126,443",6
Jan 2018,316,Tammy Perotti inc,"60,313",3
Jan 2018,316,James Flynn inc,"29,390",1
Jan 2018,316,Jerry Facer inc,"28,053",1
Jan 2018,316,Amanda Ortiz 2 inc,"22,744",1
Jan 2018,316,Lourdes Wilson 2 inc,"14,195",1
Jan 2018,318,Jean Vandusen inc,"591,234",33
Jan 2018,318,John Young 16 inc,"515,411",24
Jan 2018,318,Tracey Ziegler inc,"417,240",23
Jan 2018,318,David Mclauglin inc,"409,634",17
Jan 2018,318,Jimmy Ascencio inc,"357,110",16
Jan 2018,319,John Carrousal inc,"194,752",10
Jan 2018,319,Jessica Wilson inc,"146,119",7
Jan 2018,319,Mandy Easton inc,"76,800",5
Jan 2018,319,Jamie Leavitt inc,"60,520",4
Jan 2018,319,Timothy Boyle inc,"52,176",3
Jan 2018,320,Tom Benavidez inc,"3,651,797",181
Jan 2018,320,Edwin Riley inc,"1,220,317",58
Jan 2018,320,Arthur Dove inc,"916,547",43
Jan 2018,320,Judith Russell inc,"824,306",39
Jan 2018,320,Janice Whiteman inc,"773,574",37
Jan 2018,321,John Longoria inc,"320,279",13
Jan 2018,321,Timothy Mays inc,"269,890",12
Jan 2018,321,Joseph Funk inc,"206,589",11
Jan 2018,321,Terry Nichols 2 inc,"199,793",10
Jan 2018,321,Mark Awalt inc,"188,980",9
Jan 2018,322,Quinton Elizarraras inc,"3,888,498",200
Jan 2018,322,Andrea Hartman inc,"2,869,689",142
Jan 2018,322,Allen Poulton inc,"1,753,991",92
Jan 2018,322,Christopher Chinzi inc,"1,509,329",75
Jan 2018,322,Kristin Garrett inc,"1,250,733",65
Jan 2018,323,Ruben Lopez inc,"1,367,741",61
Jan 2018,323,Michael Wheeler 8 inc,"1,208,719",58
Jan 2018,323,,"455,748",23
Jan 2018,323,Willie Hudson inc,"416,921",17
Jan 2018,323,Justin Cardenas inc,"392,168",22
Jan 2018,325,Dennis Terrance inc,"1,317,283",69
Jan 2018,325,Craig Rehm inc,"812,102",43
Jan 2018,325,Francine Legions inc,"596,393",32
Jan 2018,325,Miriam Cisneros inc,"522,761",22
Jan 2018,325,Christopher Pinneo inc,"402,829",20
Jan 2018,326,Pamela Brown 5 inc,"223,744",11
Jan 2018,326,Cecil Confer inc,"210,536",12
Jan 2018,326,Susan Sampson inc,"176,847",9
Jan 2018,326,Nancy Hill 5 inc,"170,555",8
Jan 2018,326,Elizabeth Crist inc,"148,492",6
Jan 2018,327,Lydia Eyre inc,"421,488",22
Jan 2018,327,Arthur Cobb 3 inc,"275,820",12
Jan 2018,327,Omar Norrick inc,"174,949",10
Jan 2018,327,Christina Baylon inc,"153,868",7
Jan 2018,327,Ann Wilkins inc,"131,236",6
Jan 2018,328,William Darling inc,"1,228,418",60
Jan 2018,328,Wendy Donnelly inc,"402,287",19
Jan 2018,328,Jo Davis inc,"329,512",16
Jan 2018,328,Bernadette Padron inc,"283,733",13
Jan 2018,328,Samira Cervantes inc,"278,702",11
Jan 2018,329,Kristen Woods inc,"760,776",37
Jan 2018,329,Dora Hernandez 2 inc,"588,932",29
Jan 2018,329,Robert Olson 4 inc,"448,082",22
Jan 2018,329,Stephanie Bagaoisan inc,"426,905",26
Jan 2018,329,Juan Foster inc,"421,007",20
Jan 2018,330,Sandra Buckner inc,"737,171",36
Jan 2018,330,Alyson Efird inc,"472,605",22
Jan 2018,330,Hugh Gale inc,"428,659",22
Jan 2018,330,Karen Pate inc,"409,375",23
Jan 2018,330,,"391,107",16
Jan 2018,331,Valerie Martin 2 inc,"13,861,651",696
Jan 2018,331,Antoine Alexander inc,"12,099,916",592
Jan 2018,331,Jean Jolley inc,"9,755,365",501
Jan 2018,331,Ryan Stephens 2 inc,"8,203,391",415
Jan 2018,331,Georgine Heard inc,"4,688,553",233
Jan 2018,333,Joseph Proctor inc,"7,090,172",347
Jan 2018,333,Teresa Begley inc,"6,243,069",313
Jan 2018,333,Andrew Hernandez 2 inc,"3,840,164",185
Jan 2018,333,Clarence Griffin inc,"3,444,375",170
Jan 2018,333,Naomi Day inc,"3,281,772",167
Jan 2018,334,Mary Siegel inc,"1,951,209",100
Jan 2018,334,Brianna Derrick inc,"1,450,922",71
Jan 2018,334,Noella Vansickle inc,"1,358,418",64
Jan 2018,334,Jeffrey Bock inc,"1,354,031",66
Jan 2018,334,,"1,193,568",59
Jan 2018,335,Sandra Belvins inc,"627,241",27
Jan 2018,335,Catherine Tanner inc,"400,013",21
Jan 2018,335,Jennifer Fleming 3 inc,"213,161",10
Jan 2018,335,Dion Cantu inc,"207,972",9
Jan 2018,335,William Howland inc,"190,094",10
Jan 2018,336,Katherine Kirschner inc,"495,231",26
Jan 2018,336,Frank Mcneil inc,"256,400",13
Jan 2018,336,Bernard Carrier inc,"166,411",8
Jan 2018,336,Melvin Lebo inc,"165,044",8
Jan 2018,336,David Steese inc,"151,108",7
Jan 2018,337,Karen Lee 2 inc,"538,646",29
Jan 2018,337,Timothy Robins inc,"352,042",18
Jan 2018,337,Anna Baker 2 inc,"274,911",14
Jan 2018,337,Patricia Walsh inc,"247,834",13
Jan 2018,337,Mary Ruggiero inc,"240,945",11
Jan 2018,338,Lucas Carmona inc,"589,257",31
Jan 2018,338,Lon Larson inc,"396,517",21
Jan 2018,338,James Morin inc,"305,846",15
Jan 2018,338,Brian Williams 8 inc,"295,231",14
Jan 2018,338,Daniel Schoenberger inc,"251,262",12
Jan 2018,339,Gertrudis Stamps inc,"1,000,600",49
Jan 2018,339,Larry Culbert inc,"987,853",46
Jan 2018,339,Mireya Smith inc,"935,488",45
Jan 2018,339,Christopher Greer inc,"826,227",40
Jan 2018,339,Marie Reynolds 4 inc,"732,056",42
Jan 2018,340,Terry Turpin 2 inc,"3,522,852",171
Jan 2018,340,Janet Johnson 3 inc,"2,447,159",116
Jan 2018,340,Nancy Jamison 2 inc,"1,741,305",89
Jan 2018,340,Thelma Williams 3 inc,"1,651,909",78
Jan 2018,340,Katherine Rovero inc,"1,601,488",80
Jan 2018,341,Bonita Lemons inc,"532,735",24
Jan 2018,341,David Kellam inc,"412,465",18
Jan 2018,341,James Calendine inc,"292,671",15
Jan 2018,341,Victor Sullivan inc,"275,065",15
Jan 2018,341,Denise Barnard inc,"246,357",13
Jan 2018,342,William Roney inc,"1,341,233",64
Jan 2018,342,Gordon Burdock inc,"426,423",21
Jan 2018,342,,"352,549",17
Jan 2018,342,Jo Earles inc,"317,667",15
Jan 2018,342,John Goris inc,"250,002",11
Jan 2018,343,Joshua Reyna inc,"345,281",18
Jan 2018,343,Christopher Kroll inc,"317,655",16
Jan 2018,343,,"251,158",12
Jan 2018,343,James Kinkelaar inc,"240,655",13
Jan 2018,343,Hazel Lesperance inc,"169,025",8
Jan 2018,344,Morris Grooms inc,"1,971,597",95
Jan 2018,344,Ella Rose 2 inc,"1,433,445",69
Jan 2018,344,Jerry Facer inc,"1,153,398",57
Jan 2018,344,,"1,103,751",57
Jan 2018,344,Chad Tobar inc,"1,074,425",58
Jan 2018,345,John Hyett inc,"370,715",16
Jan 2018,345,Julius Garrett inc,"313,114",16
Jan 2018,345,Patrick Nunn inc,"242,690",12
Jan 2018,345,Thomas Waszkiewicz inc,"234,233",12
Jan 2018,345,Margaret Walker 3 inc,"177,109",9
Jan 2018,347,Edna Ledesma inc,"1,588,506",75
Jan 2018,347,Erma Milligan inc,"1,013,155",47
Jan 2018,347,Carolyn Hardin inc,"679,203",33
Jan 2018,347,Christopher Jackson 5 inc,"678,144",37
Jan 2018,347,Shirley Lawrence 2 inc,"502,694",27
Jul 2017,1,Kathie Sughrue inc,"137,165,424","6,832"
Jul 2017,1,Cesar Hall inc,"109,257,489","5,432"
Jul 2017,1,Mary Gray 7 inc,"64,845,425","3,229"
Jul 2017,1,Steven Russell inc,"29,848,981","1,488"
Jul 2017,1,Maxine Flores inc,"26,597,945","1,319"
Jul 2017,2,Shana Platt inc,"415,844",19
Jul 2017,2,Charles Budde inc,"395,438",22
Jul 2017,2,Cristal Forney inc,"284,619",13
Jul 2017,2,William Urena inc,"246,930",12
Jul 2017,2,Mark Cipolla inc,"245,423",14
Jul 2017,3,Rhonda Cunningham inc,"796,472",36
Jul 2017,3,Dennis Mcmillan inc,"759,088",33
Jul 2017,3,Donnie Sefcovic inc,"577,888",25
Jul 2017,3,Mark Bedor inc,"504,851",25
Jul 2017,3,Robert Harrison 7 inc,"503,929",29
Jul 2017,4,Louise Cole 2 inc,"2,906,864",149
Jul 2017,4,Nathaniel Stewart inc,"2,407,447",121
Jul 2017,4,Enriqueta Barbour inc,"2,045,267",95
Jul 2017,4,Juan Niemi inc,"1,885,499",90
Jul 2017,4,Katie Farwell inc,"1,706,553",84
Jul 2017,6,Terrell Dueno inc,"612,652",29
Jul 2017,6,Elizabeth Mueller inc,"331,435",15
Jul 2017,6,Eva Mcnear inc,"329,871",18
Jul 2017,6,Ross Underhill inc,"252,885",13
Jul 2017,6,Santos Brown inc,"209,270",9
Jul 2017,7,Sheila Bissonnette inc,"482,253",20
Jul 2017,7,Don Lenz inc,"349,881",16
Jul 2017,7,Mark Brewster inc,"332,418",16
Jul 2017,7,Joe Powell inc,"283,652",17
Jul 2017,7,Louis Nielsen inc,"253,257",12
Jul 2017,8,Carlotta Schell inc,"1,401,924",68
Jul 2017,8,Mike Sparks inc,"1,266,588",67
Jul 2017,8,Sandra Crocker inc,"1,020,563",49
Jul 2017,8,Larry Stegall 2 inc,"865,433",43
Jul 2017,8,Charlene Richter inc,"805,493",43
Jul 2017,9,Rachael Oehler inc,"646,545",32
Jul 2017,9,Scott Brown 6 inc,"588,096",29
Jul 2017,9,Walter Grillo inc,"403,213",19
Jul 2017,9,Daniel Pouliot inc,"362,983",19
Jul 2017,9,Barbara Bishop inc,"342,440",15
Jul 2017,10,Roger Murach inc,"746,810",41
Jul 2017,10,Kristin Victoria inc,"698,651",34
Jul 2017,10,Socorro Stevens inc,"695,691",35
Jul 2017,10,Maribel Prince inc,"563,948",29
Jul 2017,10,Alexandra Easton inc,"550,780",29
Jul 2017,11,Paula Crumb inc,"2,296,249",113
Jul 2017,11,Linda Hogan 2 inc,"1,437,326",73
Jul 2017,11,Matthew Verhoeven inc,"1,076,438",53
Jul 2017,11,Ruth Shambo inc,"879,511",40
Jul 2017,11,Grant Mayers inc,"839,867",38
Jul 2017,12,Delbert Sherlock inc,"1,714,979",89
Jul 2017,12,Joe Cleghorn inc,"1,558,447",81
Jul 2017,12,Catherine Martin 7 inc,"1,306,159",68
Jul 2017,12,Priscilla Contreras 2 inc,"1,057,348",51
Jul 2017,12,John Christensen 2 inc,"771,977",40
Jul 2017,13,Carol Green inc,"793,818",40
Jul 2017,13,Gary Koehler inc,"651,252",30
Jul 2017,13,Mark Bunn inc,"430,701",23
Jul 2017,13,Robert Brown 41 inc,"428,418",21
Jul 2017,13,Ida Cox 2 inc,"359,212",19
Jul 2017,14,Cynthia Wood 2 inc,"1,169,837",61
Jul 2017,14,John Bielinski inc,"979,190",45
Jul 2017,14,Norma Rayfield inc,"868,531",40
Jul 2017,14,Alex Richardson inc,"624,633",31
Jul 2017,14,Thomas Sanders 4 inc,"616,855",30
Jul 2017,16,Veronica Wroblewski inc,"353,991",16
Jul 2017,16,Cheryl Croom inc,"330,005",16
Jul 2017,16,Lewis Benn inc,"224,420",12
Jul 2017,16,Ernie Shorb inc,"171,387",7
Jul 2017,16,Willie Walker 4 inc,"170,858",8
Jul 2017,17,Sharonda Jordan inc,"14,885,792",764
Jul 2017,17,Nick Curtis inc,"11,832,987",582
Jul 2017,17,Beatrice Pears inc,"10,468,606",523
Jul 2017,17,Samuel Scott 3 inc,"7,438,100",355
Jul 2017,17,Virgil Lemon inc,"6,148,691",304
Jul 2017,18,Ruth Fuentes inc,"616,174",28
Jul 2017,18,Fred Sentell inc,"158,319",6
Jul 2017,18,Kirk Barton inc,"137,950",5
Jul 2017,18,Kenneth Patrick 2 inc,"136,756",5
Jul 2017,18,Sheila Shealy inc,"99,858",4
Jul 2017,19,Ella Rose 2 inc,"17,086,533",845
Jul 2017,19,Lori Joseph inc,"15,053,720",758
Jul 2017,19,Chad Tobar inc,"14,085,330",697
Jul 2017,19,Tony Moore 3 inc,"9,228,681",456
Jul 2017,19,Zachary Mayle inc,"7,605,943",372
Jul 2017,20,Justin Ganser inc,"3,947,162",207
Jul 2017,20,Natasha Bucher inc,"2,556,087",130
Jul 2017,20,Sarah Harris 5 inc,"1,203,814",67
Jul 2017,20,Richard West 5 inc,"1,065,065",51
Jul 2017,20,Luisa Goldstein inc,"998,806",50
Jul 2017,21,Katherine Brown 4 inc,"1,526,770",75
Jul 2017,21,Thelma Cashen inc,"1,230,130",58
Jul 2017,21,Eldridge Williams 2 inc,"1,095,727",53
Jul 2017,21,Toni Keith 2 inc,"1,075,613",53
Jul 2017,21,John Boschert inc,"964,082",45
Jul 2017,22,Daniel Browning inc,"548,711",29
Jul 2017,22,Phyllis Allen 2 inc,"393,143",24
Jul 2017,22,Shirley Tucker 2 inc,"370,239",18
Jul 2017,22,Elizabeth Ehrisman inc,"334,837",14
Jul 2017,22,Aileen Rivera inc,"316,168",16
Jul 2017,23,Ellen Tait inc,"564,010",29
Jul 2017,23,Stacey Sharon inc,"427,659",21
Jul 2017,23,Ernest Lohrenz inc,"378,765",17
Jul 2017,23,Lewis Simpson inc,"361,468",16
Jul 2017,23,George Graham 3 inc,"301,754",14
Jul 2017,24,Cynthia Vargas 2 inc,"1,063,465",50
Jul 2017,24,Francisco Hopper inc,"844,360",38
Jul 2017,24,Dorthea Brewington inc,"783,999",43
Jul 2017,24,Mariah Pugh inc,"695,483",34
Jul 2017,24,Donald Sullivan 5 inc,"604,714",35
Jul 2017,25,Kathryn Carson inc,"4,576,249",229
Jul 2017,25,Rebecca Sales inc,"3,749,606",186
Jul 2017,25,Kay Connolly inc,"3,587,394",182
Jul 2017,25,Jeffrey Belcher 2 inc,"2,711,653",129
Jul 2017,25,John Taggart inc,"1,861,156",97
Jul 2017,26,Kristy Fonseca inc,"712,949",32
Jul 2017,26,Cesar Ross inc,"379,767",18
Jul 2017,26,Daniel Liefer inc,"362,915",17
Jul 2017,26,Jeanie Theden inc,"145,922",6
Jul 2017,26,Ivan Spruill inc,"102,792",5
Jul 2017,28,Charles Simonson inc,"461,201",25
Jul 2017,28,Lee Hodgkiss inc,"396,692",22
Jul 2017,28,Elliott Haines inc,"388,125",17
Jul 2017,28,Lauren Ansel inc,"380,176",18
Jul 2017,28,Jennifer Chadwell inc,"376,229",17
Jul 2017,29,Kirsten Huse inc,"1,199,634",56
Jul 2017,29,Tarsha Chance inc,"644,981",32
Jul 2017,29,Eric Nettles inc,"355,920",16
Jul 2017,29,Paul Gaska inc,"339,502",15
Jul 2017,29,Lillian Thompson 2 inc,"327,235",16
Jul 2017,30,Doris King 3 inc,"1,311,044",64
Jul 2017,30,Donald Ireland inc,"1,299,194",67
Jul 2017,30,Clarence Streater inc,"1,196,380",56
Jul 2017,30,Dennis Johnson 6 inc,"1,106,144",61
Jul 2017,30,Mary Lancaster 3 inc,"808,866",41
Jul 2017,32,Thomas Stone 2 inc,"200,762",10
Jul 2017,32,Shanna Rice inc,"184,581",9
Jul 2017,32,Gilbert Leland inc,"158,595",7
Jul 2017,32,Michael Harrison inc,"155,028",6
Jul 2017,32,Adrian Rollin inc,"137,044",6
Jul 2017,33,Danny Thompson inc,"688,688",33
Jul 2017,33,Ronald Johnson 17 inc,"557,366",29
Jul 2017,33,Pearl Newport inc,"499,698",25
Jul 2017,33,Christina Stanton inc,"482,502",21
Jul 2017,33,Albert Hatton inc,"465,091",22
Jul 2017,34,Alysia Ceovantes inc,"993,364",45
Jul 2017,34,Nina Conn inc,"757,027",36
Jul 2017,34,Mitchell Kalhorn inc,"714,664",36
Jul 2017,34,Kris Endicott inc,"603,870",30
Jul 2017,34,Danny Martinez inc,"548,871",28
Jul 2017,35,Bobby Ames inc,"337,494",15
Jul 2017,35,Pamela Spiro inc,"215,226",10
Jul 2017,35,Mary Cottingham inc,"197,701",10
Jul 2017,35,Thomas Costello 2 inc,"181,816",8
Jul 2017,35,Catherine Perez 2 inc,"108,450",6
Jul 2017,36,Henrietta Cook inc,"896,569",47
Jul 2017,36,Ronald Jones 10 inc,"764,324",34
Jul 2017,36,Esther Diaz inc,"697,500",35
Jul 2017,36,Arleen Otero inc,"443,105",21
Jul 2017,36,Jennifer Thornbury 2 inc,"397,526",18
Jul 2017,38,Patricia Odonnell inc,"327,431",19
Jul 2017,38,Miranda Tiller inc,"327,299",17
Jul 2017,38,Kris Phelps inc,"306,386",15
Jul 2017,38,Douglas Mccullen inc,"303,833",16
Jul 2017,38,Alison Lewis 2 inc,"248,039",11
Jul 2017,39,Patricia Marble inc,"484,563",24
Jul 2017,39,James Angles inc,"264,198",14
Jul 2017,39,John Wolfram inc,"262,695",16
Jul 2017,39,Judie Robinson inc,"182,236",11
Jul 2017,39,Jonathan Dalley inc,"176,444",9
Jul 2017,40,Karla Fernandez inc,"345,631",18
Jul 2017,40,Kay Tito inc,"255,346",13
Jul 2017,40,Michael Rivas inc,"188,476",9
Jul 2017,40,Brooke Alsdon inc,"119,374",5
Jul 2017,40,Kathryn Schumpert inc,"92,949",3
Jul 2017,41,Joyce Mendez inc,"817,011",40
Jul 2017,41,Richard Bower inc,"656,239",34
Jul 2017,41,Annie Brownell inc,"457,115",25
Jul 2017,41,Angela Peterson 3 inc,"378,542",21
Jul 2017,41,Tricia Peabody inc,"356,316",18
Jul 2017,42,Carlene Phelps inc,"949,847",44
Jul 2017,42,Louis Kahn inc,"689,890",37
Jul 2017,42,Glenn Richmond inc,"680,114",32
Jul 2017,42,Cynthia Northover inc,"583,714",30
Jul 2017,42,Melvin Rowland inc,"505,901",24
Jul 2017,44,Bart Carney inc,"322,889",16
Jul 2017,44,Kathleen Parris inc,"186,894",11
Jul 2017,44,Spencer Greenstreet inc,"173,253",7
Jul 2017,44,Jon Moore inc,"164,565",8
Jul 2017,44,Sylvia Gonzalez 2 inc,"153,306",7
Jul 2017,46,Asuncion Sandmeier inc,"648,721",38
Jul 2017,46,Mariano Krenz inc,"308,855",15
Jul 2017,46,Paul Ross 3 inc,"257,644",12
Jul 2017,46,Kristina Burkett 2 inc,"235,215",11
Jul 2017,46,Becky Negbenebor inc,"224,914",8
Jul 2017,47,Kevin Taylor 5 inc,"254,214",10
Jul 2017,47,Nicole Chamberlain inc,"224,584",10
Jul 2017,47,Walter Jorgensen inc,"197,858",12
Jul 2017,47,Jessica Munoz 2 inc,"160,167",6
Jul 2017,47,Christina Marshall 2 inc,"158,692",6
Jul 2017,48,Stanley Cuevas inc,"683,446",33
Jul 2017,48,Bryan Vasquez inc,"658,166",27
Jul 2017,48,George Brown 11 inc,"590,687",31
Jul 2017,48,Zelda Bozell inc,"572,580",27
Jul 2017,48,Maria Bugg inc,"551,053",29
Jul 2017,49,Bernice Battles inc,"786,232",39
Jul 2017,49,Carole Lotton inc,"268,252",15
Jul 2017,49,April Johnson 3 inc,"267,073",14
Jul 2017,49,Kimberly Singleton inc,"243,123",11
Jul 2017,49,Emily Coppola inc,"209,097",7
Jul 2017,51,Mary Mraz inc,"1,857,560",90
Jul 2017,51,Joshua Kuehnert inc,"1,550,588",78
Jul 2017,51,Micheal Styles inc,"1,416,244",69
Jul 2017,51,Irene Deschamps inc,"1,174,206",58
Jul 2017,51,Joanne Yannone inc,"1,115,106",55
Jul 2017,52,Arthur Noel inc,"747,839",32
Jul 2017,52,Ann Walser inc,"496,517",23
Jul 2017,52,Kurt Sapp inc,"393,362",23
Jul 2017,52,Richard Bell 6 inc,"380,786",21
Jul 2017,52,Leo Turpin inc,"356,546",18
Jul 2017,53,Cornelius Mattson inc,"4,208,758",210
Jul 2017,53,Keith Conley 3 inc,"3,420,020",167
Jul 2017,53,Cynthia Phelps inc,"2,683,478",123
Jul 2017,53,Robert Murdock inc,"1,850,359",100
Jul 2017,53,Debra Wilczynski inc,"1,757,354",91
Jul 2017,54,Eloise Sorbo inc,"242,430",14
Jul 2017,54,Donald Hart inc,"189,161",8
Jul 2017,54,Jessica Wilson inc,"159,269",8
Jul 2017,54,Jennifer Harris 4 inc,"104,885",4
Jul 2017,54,Barbara Brantly inc,"101,170",5
Jul 2017,56,Courtney Mansfield inc,"824,312",42
Jul 2017,56,Gerald Miller 3 inc,"773,775",41
Jul 2017,56,Mary Varos inc,"598,947",28
Jul 2017,56,Christopher Jackson 5 inc,"439,535",22
Jul 2017,56,Scott Cornelius inc,"433,476",20
Jul 2017,57,Eddie Plunkett inc,"5,333,448",266
Jul 2017,57,Jennifer Furr inc,"5,265,931",254
Jul 2017,57,Kenneth Huson inc,"3,723,053",176
Jul 2017,57,Rhonda Wheeler inc,"2,464,026",133
Jul 2017,57,John Sumstad inc,"2,106,975",103
Jul 2017,58,Trevor Najera inc,"508,207",25
Jul 2017,58,Karen Brendal inc,"445,915",22
Jul 2017,58,Warren Peters 2 inc,"183,319",7
Jul 2017,58,Jeannette Russell inc,"174,736",8
Jul 2017,58,Danelle Eichberger inc,"159,570",8
Jul 2017,60,Lucas Ohara inc,"2,977,969",158
Jul 2017,60,Diane Perez 2 inc,"1,132,728",56
Jul 2017,60,Catherine Hurley inc,"828,612",41
Jul 2017,60,Virginia Correy inc,"752,880",36
Jul 2017,60,Rafael Goss inc,"750,146",40
Jul 2017,61,Benjamin Elliott 3 inc,"447,958",24
Jul 2017,61,Audrey Thrash inc,"184,055",9
Jul 2017,61,Carol Ritter 2 inc,"175,644",7
Jul 2017,61,Susan Wood 2 inc,"144,915",7
Jul 2017,61,Ashley Hertenstein inc,"124,913",6
Jul 2017,62,Rosemary Silva inc,"524,259",24
Jul 2017,62,Richard Jones 18 inc,"464,120",24
Jul 2017,62,Rita Mcreynolds inc,"410,105",20
Jul 2017,62,Amy Locke inc,"279,994",12
Jul 2017,62,Juan Brashear inc,"220,085",13
Jul 2017,63,Nestor Wright inc,"765,586",38
Jul 2017,63,Gladys Gibbons inc,"557,759",30
Jul 2017,63,Johnathan Oldham inc,"477,366",24
Jul 2017,63,Jon Creasey inc,"360,307",19
Jul 2017,63,Robert Boyette inc,"308,868",16
Jul 2017,64,Matthew Cassem inc,"597,247",31
Jul 2017,64,Edgar Johnson 3 inc,"532,535",27
Jul 2017,64,Essie Chapman inc,"530,857",27
Jul 2017,64,Sandra Swonger inc,"518,327",23
Jul 2017,64,Terri Gamez inc,"401,585",25
Jul 2017,65,Emma Aikens inc,"312,390",15
Jul 2017,65,Richard Boehm inc,"267,679",13
Jul 2017,65,Jennifer Boyes inc,"252,526",13
Jul 2017,65,Elton Lemons inc,"162,783",8
Jul 2017,65,Mable Noble inc,"136,851",6
Jul 2017,66,Manuel Furlong inc,"948,085",44
Jul 2017,66,Derrick Phillips 2 inc,"528,900",28
Jul 2017,66,Marie Serbus inc,"471,265",20
Jul 2017,66,Louis Kahn inc,"414,333",19
Jul 2017,66,Alfred Taylor inc,"400,417",16
Jul 2017,68,Nola Bulow inc,"750,180",40
Jul 2017,68,Jarvis Carrington inc,"423,318",23
Jul 2017,68,Rufus Bowman inc,"321,607",16
Jul 2017,68,Clair Ziech inc,"221,249",9
Jul 2017,68,Michael Bracamonte inc,"215,232",8
Jul 2017,69,John Miller 7 inc,"329,220,612","16,391"
Jul 2017,69,Henry Barnhill inc,"57,491,870","2,865"
Jul 2017,69,June Gray inc,"37,791,364","1,893"
Jul 2017,69,Weston Hendon inc,"35,722,037","1,793"
Jul 2017,69,Pamela Glass 2 inc,"23,542,874","1,180"
Jul 2017,70,Ileen Niss inc,"661,795",34
Jul 2017,70,Margie Dillard inc,"338,484",15
Jul 2017,70,Damien Hawkins inc,"253,498",11
Jul 2017,70,Stephen Wilburn inc,"240,451",11
Jul 2017,70,Gay Park inc,"201,190",8
Jul 2017,71,Isabel Harrison inc,"197,504",8
Jul 2017,71,Anna Blumberg inc,"194,239",9
Jul 2017,71,Alan Peckenpaugh inc,"137,581",7
Jul 2017,71,Lorene Johnston inc,"78,686",4
Jul 2017,71,Harold Buster inc,"75,546",5
Jul 2017,73,Kathleen Lavole inc,"808,316",43
Jul 2017,73,Cynthia Burks inc,"365,324",16
Jul 2017,73,Marilyn Conatser inc,"247,745",12
Jul 2017,73,Tracey Herz inc,"200,897",11
Jul 2017,73,Raul Rogriguez inc,"173,978",9
Jul 2017,74,Barbara Forney inc,"371,223",19
Jul 2017,74,Scott Blevins inc,"214,336",10
Jul 2017,74,Alan Prechtl inc,"200,241",10
Jul 2017,74,Donald Perry 4 inc,"180,846",8
Jul 2017,74,Jeanette Mcmilliam inc,"171,297",10
Jul 2017,75,William Gomez 5 inc,"688,808",32
Jul 2017,75,Everett Hertzler inc,"490,936",25
Jul 2017,75,Louise Lambert inc,"295,332",13
Jul 2017,75,Robert Flannigan 2 inc,"229,804",12
Jul 2017,75,Angel Raper inc,"220,891",9
Jul 2017,76,Bridget Kisner inc,"8,268,815",407
Jul 2017,76,Karen Ohare inc,"2,858,100",150
Jul 2017,76,Valerie Fitch inc,"2,240,304",113
Jul 2017,76,Carolyn Reeves 2 inc,"2,045,316",101
Jul 2017,76,Brandon Lodi inc,"1,753,297",88
Jul 2017,77,William Schwerdtfeger inc,"423,285",19
Jul 2017,77,David Alto inc,"401,167",19
Jul 2017,77,Janay Mcintire inc,"194,725",8
Jul 2017,77,Jorge Taber inc,"169,636",8
Jul 2017,77,Luis Rembert inc,"165,111",12
Jul 2017,78,Kenneth Mullen inc,"879,854",43
Jul 2017,78,Humberto Ruiz inc,"530,434",25
Jul 2017,78,Richard Hunsaker inc,"507,621",24
Jul 2017,78,John Offerdahl inc,"465,569",22
Jul 2017,78,James Nesbit 2 inc,"462,520",25
Jul 2017,79,Ronald Miller 5 inc,"843,838",43
Jul 2017,79,Sabrina Arnold 2 inc,"616,161",32
Jul 2017,79,Stephen Krummel inc,"544,227",24
Jul 2017,79,Mary Weymouth inc,"494,838",21
Jul 2017,79,Martin Adkins inc,"463,439",22
Jul 2017,80,Eugene Pell inc,"338,760",18
Jul 2017,80,Clara Leung 2 inc,"214,964",10
Jul 2017,80,Bettye Olsen inc,"194,121",9
Jul 2017,80,Grace Bond inc,"144,221",6
Jul 2017,80,Theodore Martine inc,"143,593",7
Jul 2017,81,Maria Heller inc,"360,154",19
Jul 2017,81,Marcy Gahagan inc,"200,266",9
Jul 2017,81,Debbie Wilkerson inc,"130,307",8
Jul 2017,81,William Silsby inc,"119,249",8
Jul 2017,81,Anna Perez 2 inc,"88,680",4
Jul 2017,82,Marie Husband inc,"615,164",29
Jul 2017,82,Robert Broyles 2 inc,"315,516",15
Jul 2017,82,Thomas Regan inc,"267,514",12
Jul 2017,82,Allen Emmons inc,"221,091",9
Jul 2017,82,Joyce Wilson 5 inc,"210,713",10
Jul 2017,83,Barry Schuh inc,"299,899",13
Jul 2017,83,Chad Robinson 4 inc,"297,918",15
Jul 2017,83,Joyce Whitehead inc,"254,102",12
Jul 2017,83,John Mendoza 5 inc,"242,205",12
Jul 2017,83,Antonio Burdett inc,"227,529",11
Jul 2017,84,Margaret Matheny inc,"231,628",10
Jul 2017,84,Daniel Helmick inc,"158,053",9
Jul 2017,84,Michael Wingham inc,"142,385",6
Jul 2017,84,Nichole Wilson inc,"134,880",7
Jul 2017,84,Jeff Wyman inc,"105,688",7
Jul 2017,85,Bernard Nisbett inc,"321,844",18
Jul 2017,85,Kathleen Hodgson inc,"236,402",10
Jul 2017,85,Bobby Mills inc,"191,350",8
Jul 2017,85,Antonio Mcneill inc,"158,832",9
Jul 2017,85,Joseph Allen 5 inc,"123,034",5
Jul 2017,86,Jared Kirk inc,"316,825",16
Jul 2017,86,Charles Reiley inc,"161,364",10
Jul 2017,86,Diana Seide inc,"141,980",6
Jul 2017,86,David Butler 4 inc,"109,955",6
Jul 2017,86,Christine Blackwell inc,"109,223",6
Jul 2017,87,Joe Montgomery inc,"6,194,577",303
Jul 2017,87,Frank Garcia 2 inc,"5,976,571",292
Jul 2017,87,Tessie Jaramillo inc,"5,266,731",256
Jul 2017,87,Doug Moran inc,"5,004,142",259
Jul 2017,87,Betty Hunter 2 inc,"4,332,700",213
Jul 2017,88,Heather Ramberg inc,"10,471,271",512
Jul 2017,88,Deidre Bright inc,"8,572,747",416
Jul 2017,88,Ronald Hussein inc,"7,649,587",383
Jul 2017,88,Samantha Jackson inc,"7,176,435",359
Jul 2017,88,Kristen Hurtado inc,"6,856,794",333
Jul 2017,89,Carl Fonseca inc,"357,117",16
Jul 2017,89,George Hicks 2 inc,"260,835",13
Jul 2017,89,Sheila Clayton inc,"179,701",8
Jul 2017,89,James Roderick inc,"170,339",9
Jul 2017,89,Tony Sandoval inc,"170,232",9
Jul 2017,90,Kevin Watkins 2 inc,"702,283",33
Jul 2017,90,Brian Moffatt inc,"669,474",32
Jul 2017,90,Brett Dejohn inc,"584,702",31
Jul 2017,90,Anthony Stgeorge inc,"528,167",26
Jul 2017,90,Robin Schwarz inc,"526,446",21
Jul 2017,91,Robert Rainville inc,"588,969",30
Jul 2017,91,Christine Devine inc,"281,894",15
Jul 2017,91,Juana Bouchard inc,"205,983",11
Jul 2017,91,Minnie Johnson inc,"195,967",10
Jul 2017,91,Ramon Bezanson inc,"187,989",8
Jul 2017,92,Charles Berg inc,"55,523",2
Jul 2017,92,Christy Kehoe inc,"47,439",2
Jul 2017,92,Gail Smith 3 inc,"45,766",2
Jul 2017,92,Jennifer Pancoast inc,"43,532",2
Jul 2017,92,Odell Pearson inc,"30,753",1
Jul 2017,94,Dora Dermody inc,"744,222",35
Jul 2017,94,Zachary Solis inc,"403,958",21
Jul 2017,94,Brian Jones 8 inc,"286,820",12
Jul 2017,94,Aida Oliver inc,"232,621",11
Jul 2017,94,John Holt 5 inc,"219,571",9
Jul 2017,96,Wendy Meyer inc,"1,123,545",53
Jul 2017,96,Karen Holsten inc,"957,558",49
Jul 2017,96,Lane Cross inc,"818,501",42
Jul 2017,96,Terisa Smith inc,"745,027",37
Jul 2017,96,Quinton Nelson inc,"586,229",27
Jul 2017,97,Richard Caskey inc,"1,369,634",64
Jul 2017,97,Beverly Lee inc,"1,088,820",52
Jul 2017,97,David Lightfoot 2 inc,"487,155",23
Jul 2017,97,Joseph Burns 3 inc,"384,183",21
Jul 2017,97,Edward Goodridge inc,"320,503",16
Jul 2017,98,Dwight Alexander inc,"731,621",37
Jul 2017,98,Marc Standard inc,"541,101",23
Jul 2017,98,Tara Miller inc,"442,844",23
Jul 2017,98,Grover Youngblood inc,"366,922",17
Jul 2017,98,Eugene Sapp inc,"362,490",19
Jul 2017,100,Candace Morton inc,"572,904",29
Jul 2017,100,Steven Epps inc,"375,523",19
Jul 2017,100,Martin Sharum inc,"370,827",20
Jul 2017,100,Shelly Pitts inc,"248,608",17
Jul 2017,100,Heather Travis inc,"234,474",12
Jul 2017,101,Carol Tate inc,"609,711",30
Jul 2017,101,Derek Davis 2 inc,"469,123",21
Jul 2017,101,Daniel Robinson 5 inc,"373,874",16
Jul 2017,101,Scott Delarosa inc,"314,879",17
Jul 2017,101,David Diga inc,"261,628",13
Jul 2017,102,Barry Hart inc,"939,800",53
Jul 2017,102,Cleta Ro inc,"600,376",31
Jul 2017,102,Mary Derby inc,"484,499",25
Jul 2017,102,Troy Centeno inc,"447,994",21
Jul 2017,102,Dianne Alliston inc,"409,286",19
Jul 2017,103,Austin Talty inc,"409,972",22
Jul 2017,103,William Murray 5 inc,"180,455",9
Jul 2017,103,Roberta Blanchard inc,"165,202",7
Jul 2017,103,Johnnie Carpentier inc,"164,499",7
Jul 2017,103,Jason Pescatore inc,"141,395",6
Jul 2017,104,Lillian Riffel inc,"378,921",19
Jul 2017,104,James Thomas 20 inc,"366,314",16
Jul 2017,104,Laura Johnson 8 inc,"357,767",17
Jul 2017,104,Joseph Jacobs inc,"214,621",12
Jul 2017,104,Ed Hill inc,"158,348",7
Jul 2017,105,Eusebio Steese inc,"596,088",30
Jul 2017,105,Steve Haward inc,"376,461",17
Jul 2017,105,Shawna Ward inc,"331,802",15
Jul 2017,105,Corinne Labeau inc,"231,037",11
Jul 2017,105,Sylvester Williams inc,"209,021",10
Jul 2017,106,Antonia Greenberg inc,"407,820",19
Jul 2017,106,Debbie Mitchell inc,"351,589",17
Jul 2017,106,Tamara Vasquez inc,"320,674",15
Jul 2017,106,Bryan Porterfield inc,"310,602",16
Jul 2017,106,Ann Chirino inc,"282,579",14
Jul 2017,107,Julius Kutz inc,"4,020,067",200
Jul 2017,107,Tim Crosby inc,"3,341,743",159
Jul 2017,107,Michael Truelove inc,"2,232,482",113
Jul 2017,107,Mary Duke 3 inc,"1,412,803",71
Jul 2017,107,Kimberly Subido inc,"1,096,860",57
Jul 2017,108,Daniel Jackson 9 inc,"230,171",10
Jul 2017,108,Suzanne Hammond inc,"188,564",10
Jul 2017,108,Virginia Weymouth inc,"165,292",9
Jul 2017,108,Opal Love inc,"142,277",6
Jul 2017,108,Eva Santana inc,"129,352",8
Jul 2017,109,Lucille Knights inc,"854,770",41
Jul 2017,109,Jose Ortega inc,"726,073",37
Jul 2017,109,Maria Jobson inc,"441,565",20
Jul 2017,109,Rosemary Lee 4 inc,"366,945",18
Jul 2017,109,Betty Bale inc,"328,631",15
Jul 2017,110,Donna Gonzalez 4 inc,"3,538,156",169
Jul 2017,110,Connie Thompson 2 inc,"1,415,903",66
Jul 2017,110,Mae Brown inc,"1,362,702",70
Jul 2017,110,Marvin Miller 2 inc,"1,007,379",53
Jul 2017,110,Alvin Lucero inc,"782,071",39
Jul 2017,111,John Poremski inc,"686,226",29
Jul 2017,111,David Kilpatrick inc,"448,870",20
Jul 2017,111,Robert Baker 9 inc,"281,258",17
Jul 2017,111,Patricia Dover inc,"264,194",13
Jul 2017,111,Bertha Walton inc,"243,661",12
Jul 2017,112,Linda Black inc,"274,513",12
Jul 2017,112,Tracy Mathews inc,"175,232",10
Jul 2017,112,Deloris Shetler inc,"154,493",7
Jul 2017,112,Douglas Richner inc,"150,681",7
Jul 2017,112,Randy Coffland inc,"139,469",8
Jul 2017,113,Ellen Foersterling inc,"264,239",11
Jul 2017,113,Arlene Lehmberg inc,"142,651",6
Jul 2017,113,Mary Montgomery 4 inc,"133,240",7
Jul 2017,113,Edward Howell inc,"104,657",5
Jul 2017,113,Roger Jones 5 inc,"99,364",6
Jul 2017,114,Kellie Aguilar inc,"535,462",24
Jul 2017,114,Joann Vidinha inc,"287,964",13
Jul 2017,114,Leonard Crawford inc,"261,166",13
Jul 2017,114,Derrick Salmon inc,"208,488",11
Jul 2017,114,Mildred Davidson inc,"175,052",9
Jul 2017,115,John Campbell 11 inc,"411,161",17
Jul 2017,115,Lamar Kyle inc,"267,134",14
Jul 2017,115,Gus Augustine inc,"242,500",12
Jul 2017,115,Sarah Bruce inc,"224,982",11
Jul 2017,115,William Perea inc,"219,659",8
Jul 2017,116,Matthew Barnett 3 inc,"1,260,052",58
Jul 2017,116,Shannon Puckett inc,"1,171,756",62
Jul 2017,116,Mildred Leitheiser inc,"1,069,996",57
Jul 2017,116,Novella Yates inc,"1,006,004",47
Jul 2017,116,Anthony Wangler inc,"927,845",50
Jul 2017,117,Michael Farruggio inc,"2,803,121",141
Jul 2017,117,Dion Cantu inc,"2,622,481",127
Jul 2017,117,Theresa Martin 3 inc,"2,383,990",115
Jul 2017,117,Catherine Tanner inc,"2,318,461",109
Jul 2017,117,Katrina Norvell inc,"1,323,747",64
Jul 2017,118,Werner Shepherd inc,"189,281",9
Jul 2017,118,Pamela Lamb inc,"176,491",9
Jul 2017,118,Cristy Key inc,"140,471",6
Jul 2017,118,Isabella Roscoe inc,"137,843",5
Jul 2017,118,Charles Mercer inc,"105,813",6
Jul 2017,119,Betty Sanford inc,"656,317",35
Jul 2017,119,Ken Swanson inc,"608,640",30
Jul 2017,119,Michael Shade 2 inc,"472,598",23
Jul 2017,119,James David 2 inc,"448,189",20
Jul 2017,119,Jason Pappas inc,"312,293",18
Jul 2017,120,Sandra Summers inc,"596,195",30
Jul 2017,120,Patricia Nebergall inc,"341,346",15
Jul 2017,120,Timothy Blackman inc,"289,697",18
Jul 2017,120,Denise Fowler 2 inc,"242,663",11
Jul 2017,120,Kenneth Lewis 3 inc,"233,150",11
Jul 2017,122,Roberta Malcolm inc,"212,787",11
Jul 2017,122,Derek Zimmerman inc,"120,178",6
Jul 2017,122,Karen Holsten inc,"111,830",7
Jul 2017,122,Charles Rataj inc,"106,138",5
Jul 2017,122,Erma Vaden inc,"89,258",4
Jul 2017,123,Alan Shannon inc,"543,920",27
Jul 2017,123,Rita Barber inc,"376,347",22
Jul 2017,123,Cecila Ragusa inc,"294,285",13
Jul 2017,123,Kurt Garcia inc,"216,973",9
Jul 2017,123,Angela Johnson 5 inc,"206,566",12
Jul 2017,124,Weston Cyree inc,"499,642",23
Jul 2017,124,Betty Mcdonald 2 inc,"372,689",19
Jul 2017,124,Javier Smith 2 inc,"369,191",17
Jul 2017,124,Micheal Thompson inc,"350,876",19
Jul 2017,124,Jodie Otero inc,"258,361",12
Jul 2017,125,Alex Purtell inc,"615,137",33
Jul 2017,125,Martin Porter inc,"577,033",30
Jul 2017,125,Brent Higgins inc,"490,466",27
Jul 2017,125,Virginia Maisey inc,"383,014",18
Jul 2017,125,Caroline Mccann inc,"349,556",16
Jul 2017,126,Kristi Radford inc,"677,171",33
Jul 2017,126,Basil Cain inc,"460,879",24
Jul 2017,126,Ellen Battle inc,"429,409",21
Jul 2017,126,Dennis Alderman inc,"418,601",21
Jul 2017,126,Julius Kutz inc,"389,609",18
Jul 2017,128,William Benningfield inc,"744,061",33
Jul 2017,128,Eva Moffat inc,"415,285",22
Jul 2017,128,Lisa Macki inc,"298,820",15
Jul 2017,128,Pamela Pickett inc,"286,220",15
Jul 2017,128,Robert Yodis inc,"253,292",10
Jul 2017,129,Sabrina Holley inc,"555,892",27
Jul 2017,129,Jackson Tweedy inc,"547,653",25
Jul 2017,129,Barbara Sasaki inc,"487,245",24
Jul 2017,129,Beverly Johnson 3 inc,"401,882",22
Jul 2017,129,Donald Scuderi inc,"389,753",16
Jul 2017,130,Virginia Mustafa inc,"196,579",9
Jul 2017,130,Mary Clasen inc,"147,249",6
Jul 2017,130,Nancy Wallace 2 inc,"76,152",3
Jul 2017,130,Elizabeth Nelson 5 inc,"69,121",3
Jul 2017,130,Stephen Blanchard 2 inc,"63,952",3
Jul 2017,131,Christian Penn inc,"1,133,124",57
Jul 2017,131,Christen Harlow inc,"885,240",46
Jul 2017,131,Wendy Gadbaw inc,"878,101",39
Jul 2017,131,Bill Brainard inc,"824,159",34
Jul 2017,131,James Orrick inc,"662,632",30
Jul 2017,133,Stephanie Obrien inc,"272,004",10
Jul 2017,133,Tyler Sharpe inc,"221,533",12
Jul 2017,133,Dean Noggle inc,"201,868",10
Jul 2017,133,George Cecchini inc,"187,257",12
Jul 2017,133,Jason Ortega 3 inc,"169,481",8
Jul 2017,135,Michael King 9 inc,"703,027",34
Jul 2017,135,Phillip Carlson inc,"666,897",29
Jul 2017,135,Robbie Allard inc,"450,202",21
Jul 2017,135,Tracey Mcbride inc,"406,868",21
Jul 2017,135,Erik Tovar inc,"372,042",17
Jul 2017,136,Boyd Delosh inc,"767,675",37
Jul 2017,136,Justin Pellicone inc,"582,298",27
Jul 2017,136,Michelle Delrio inc,"523,074",25
Jul 2017,136,Wanda Labrie inc,"428,814",23
Jul 2017,136,Reid Johnson inc,"411,895",21
Jul 2017,137,Charles Cota inc,"8,388,708",412
Jul 2017,137,Liana Ramos inc,"8,046,371",398
Jul 2017,137,George Caporiccio inc,"7,871,521",382
Jul 2017,137,Rebecca Ross inc,"4,650,432",227
Jul 2017,137,Charlie Harwood inc,"3,405,224",164
Jul 2017,138,Barbara Brantly inc,"2,537,241",129
Jul 2017,138,Jessica Wilson inc,"1,944,620",96
Jul 2017,138,Ricardo Simpson inc,"1,401,132",71
Jul 2017,138,Carol Martin 4 inc,"999,130",47
Jul 2017,138,Elizabeth Pennington inc,"816,644",41
Jul 2017,139,Irene Rutledge inc,"675,205",34
Jul 2017,139,Jean Rogers 2 inc,"417,117",20
Jul 2017,139,Amy Yates inc,"368,125",17
Jul 2017,139,Elaine Chapman inc,"315,313",14
Jul 2017,139,Margie Alford inc,"240,716",11
Jul 2017,140,Janet Mendiola inc,"3,669,241",182
Jul 2017,140,Eugene Lovelace inc,"1,766,215",85
Jul 2017,140,Robert Molina 2 inc,"1,751,507",90
Jul 2017,140,Chad Tobar inc,"1,319,965",66
Jul 2017,140,Joseph Horton 2 inc,"1,079,618",50
Jul 2017,142,Manuel Lanehart inc,"560,913",32
Jul 2017,142,Annette Abston inc,"192,769",8
Jul 2017,142,Steve Swartz inc,"183,633",8
Jul 2017,142,Adrian Farley inc,"145,873",9
Jul 2017,142,James Beers inc,"115,262",5
Jul 2017,143,Helen Kern inc,"16,292,246",815
Jul 2017,143,Scott Hepburn inc,"10,948,075",536
Jul 2017,143,Alan Eisenhower inc,"8,243,682",408
Jul 2017,143,Rose Garner inc,"7,077,386",350
Jul 2017,143,Rashida Hernandez inc,"5,011,562",263
Jul 2017,144,Kristofer Oquinn inc,"476,684",25
Jul 2017,144,Andres Knight inc,"467,038",24
Jul 2017,144,Patricia Saucedo inc,"343,995",18
Jul 2017,144,Robert Mccain inc,"327,593",14
Jul 2017,144,Melvin Haro inc,"187,709",10
Jul 2017,145,Helen Brown 6 inc,"581,657",30
Jul 2017,145,Martin Long inc,"491,107",23
Jul 2017,145,Courtney Eckert inc,"230,013",11
Jul 2017,145,Emmett Christian inc,"217,485",12
Jul 2017,145,Andrew Powers 3 inc,"198,258",10
Jul 2017,146,Mary Kirby 2 inc,"354,689",16
Jul 2017,146,John Powell 7 inc,"314,778",17
Jul 2017,146,Benjamin Parsley inc,"264,767",13
Jul 2017,146,Charles Turpin 3 inc,"200,274",9
Jul 2017,146,Edward Cross inc,"181,622",7
Jul 2017,147,Rachel Kennedy 2 inc,"828,872",37
Jul 2017,147,Patricia Dodson inc,"713,796",41
Jul 2017,147,Trevor Dean inc,"682,802",30
Jul 2017,147,Thomas Chipps inc,"637,734",28
Jul 2017,147,Richard Chavez 3 inc,"585,312",29
Jul 2017,148,Tricia Dozier inc,"907,009",43
Jul 2017,148,Christopher Mcdonald inc,"663,218",37
Jul 2017,148,Nicolas Flaming inc,"324,920",14
Jul 2017,148,Scott Sheldon inc,"322,755",13
Jul 2017,148,Floyd Head inc,"321,934",16
Jul 2017,149,Alexandria Sarmiento inc,"5,938,252",297
Jul 2017,149,Kenneth Larson inc,"4,822,994",227
Jul 2017,149,Jerold Caldwell inc,"4,171,336",205
Jul 2017,149,Kelly Perez 2 inc,"2,661,599",140
Jul 2017,149,George Asante inc,"2,410,310",120
Jul 2017,150,Effie Mayfield inc,"672,156",33
Jul 2017,150,William Trotter inc,"395,515",19
Jul 2017,150,Joe Joiner 2 inc,"350,066",17
Jul 2017,150,Deborah Stewart 3 inc,"334,480",16
Jul 2017,150,Theresa Woods inc,"317,761",16
Jul 2017,151,Elfriede Jones inc,"230,916",11
Jul 2017,151,Susie Pritchett inc,"206,612",10
Jul 2017,151,Cleo Shapiro inc,"197,380",10
Jul 2017,151,Larry Bush inc,"124,304",6
Jul 2017,151,Mickey Serrata inc,"90,296",4
Jul 2017,153,John Cade 2 inc,"304,294",12
Jul 2017,153,Jimmy Scully inc,"280,863",15
Jul 2017,153,Martha Goldstein inc,"279,283",16
Jul 2017,153,Gary Neri inc,"276,030",13
Jul 2017,153,Howard Mitchell inc,"211,261",10
Jul 2017,155,Donald Barros inc,"570,628",29
Jul 2017,155,Susie Wynn inc,"547,003",30
Jul 2017,155,Manuel Edwards inc,"509,819",30
Jul 2017,155,Tina Salls inc,"489,021",22
Jul 2017,155,Tracie Pennington inc,"442,158",23
Jul 2017,156,Christopher Butts 2 inc,"949,800",43
Jul 2017,156,Bart Massey inc,"595,651",31
Jul 2017,156,Pamela Griffin inc,"491,874",24
Jul 2017,156,Dorothy Miesch inc,"393,824",19
Jul 2017,156,Jose Sutton inc,"390,535",23
Jul 2017,157,Helen Burnsworth inc,"2,081,442",106
Jul 2017,157,Pearl Stone inc,"597,967",33
Jul 2017,157,Loree Hansen inc,"564,295",27
Jul 2017,157,Robert Jenkins 7 inc,"523,943",25
Jul 2017,157,Jason Robinson 5 inc,"288,343",15
Jul 2017,158,Darryl Revak inc,"15,563,458",782
Jul 2017,158,Dee Gallager inc,"13,777,105",690
Jul 2017,158,Robert Cruz 2 inc,"8,733,999",441
Jul 2017,158,Bridget Patterson inc,"6,858,533",343
Jul 2017,158,Domingo Harper inc,"6,830,279",329
Jul 2017,159,Roy Coats inc,"1,920,693",95
Jul 2017,159,Mary Hudspeth inc,"844,998",43
Jul 2017,159,Lorenzo Hawkins inc,"673,586",41
Jul 2017,159,Sean Groover inc,"664,550",29
Jul 2017,159,Monique Armstrong inc,"544,166",26
Jul 2017,160,Richard Mccabe inc,"10,459,655",524
Jul 2017,160,Eliz Prater inc,"7,570,774",366
Jul 2017,160,Laurena Parks inc,"3,865,785",188
Jul 2017,160,Patricia Sharp 2 inc,"3,473,273",170
Jul 2017,160,Donna Croshaw inc,"3,290,069",159
Jul 2017,161,Delbert Plater inc,"2,720,618",137
Jul 2017,161,Joyce Fletcher inc,"2,432,066",124
Jul 2017,161,Claire Mcclendon inc,"1,574,372",77
Jul 2017,161,William Boyle inc,"1,534,705",74
Jul 2017,161,Vita Bettes inc,"1,396,925",68
Jul 2017,162,Pedro Roberts 2 inc,"719,290",34
Jul 2017,162,Maureen Werre inc,"624,371",34
Jul 2017,162,Helen Iverson inc,"567,332",25
Jul 2017,162,Allen Wiersma inc,"564,520",27
Jul 2017,162,Emelia Foulk inc,"554,123",30
Jul 2017,163,Kathy Briggs inc,"526,880",26
Jul 2017,163,Luigi Hammond inc,"516,256",26
Jul 2017,163,Dale Lotzer inc,"506,837",29
Jul 2017,163,Linda Rogers 6 inc,"389,335",21
Jul 2017,163,Richard Rosa inc,"339,697",17
Jul 2017,165,Michael Mabry inc,"379,411",22
Jul 2017,165,Pat Harper inc,"360,244",17
Jul 2017,165,David Blackwell inc,"311,324",18
Jul 2017,165,Katherine Mattox inc,"241,600",12
Jul 2017,165,Tyrone Malone inc,"211,043",13
Jul 2017,166,Opal Siegel inc,"479,691",24
Jul 2017,166,Linda Ready inc,"350,672",18
Jul 2017,166,Cheryl Boone inc,"341,089",17
Jul 2017,166,Rodney Hatton inc,"267,764",15
Jul 2017,166,Ali Newsome inc,"239,419",11
Jul 2017,167,Betty Brown 9 inc,"879,038",46
Jul 2017,167,Allan Clark inc,"259,873",12
Jul 2017,167,Jacqueline Richard inc,"214,990",10
Jul 2017,167,Katharine Gutierrez inc,"213,241",10
Jul 2017,167,Ronald Brooks 3 inc,"199,543",9
Jul 2017,168,Mary Gallegos 2 inc,"1,008,875",50
Jul 2017,168,Richard James 5 inc,"738,243",41
Jul 2017,168,David Reyes 2 inc,"668,736",31
Jul 2017,168,Kim Hartly inc,"615,334",30
Jul 2017,168,Kristin Mcmurray inc,"586,789",28
Jul 2017,169,Helen Mckean inc,"1,533,091",79
Jul 2017,169,Louis Mccall inc,"1,527,152",81
Jul 2017,169,Larry Frias inc,"1,349,284",65
Jul 2017,169,Son Abraham inc,"1,240,711",60
Jul 2017,169,Tom Judge inc,"1,224,248",60
Jul 2017,170,Mamie James inc,"881,565",41
Jul 2017,170,Thelma Metayer inc,"659,890",29
Jul 2017,170,Thomas Phillips 5 inc,"294,785",14
Jul 2017,170,Joey Barrett inc,"281,396",13
Jul 2017,170,Julia Childress inc,"217,635",10
Jul 2017,171,Sandra Wells inc,"1,710,901",87
Jul 2017,171,Bryan Harris 4 inc,"1,122,909",56
Jul 2017,171,David Holmes 4 inc,"1,080,581",56
Jul 2017,171,Sarah Palmieri inc,"540,935",32
Jul 2017,171,Leanora Marshall inc,"518,138",27
Jul 2017,172,Jennie Gibbs inc,"498,952",28
Jul 2017,172,Tommy Mcfarland inc,"452,089",23
Jul 2017,172,Emily Hill 2 inc,"365,970",19
Jul 2017,172,Michelle Adams 2 inc,"299,920",14
Jul 2017,172,Bobby Schaff inc,"268,105",12
Jul 2017,173,Robert Doyle 3 inc,"1,224,825",59
Jul 2017,173,Betty Mcelvaine inc,"924,016",46
Jul 2017,173,Yolanda Panzarella inc,"882,670",46
Jul 2017,173,Raleigh Gracia inc,"774,838",36
Jul 2017,173,Robert Warne inc,"624,948",31
Jul 2017,174,Cody Leonard inc,"994,690",48
Jul 2017,174,Andrea Claybrook inc,"765,964",36
Jul 2017,174,Nancy Mckeown inc,"640,722",33
Jul 2017,174,Debra Rose 2 inc,"630,734",28
Jul 2017,174,Karen Coffman inc,"443,981",21
Jul 2017,175,Judy Fujimoto inc,"670,882",34
Jul 2017,175,Pauline Burdette inc,"591,976",26
Jul 2017,175,Rebecca Kelly 2 inc,"341,047",17
Jul 2017,175,Eugene Santelli inc,"274,600",16
Jul 2017,175,Karen Wallace 2 inc,"271,930",13
Jul 2017,178,Maria Allen 4 inc,"212,198",12
Jul 2017,178,Lamont Miyashiro inc,"117,554",4
Jul 2017,178,Hillary Wells inc,"84,015",5
Jul 2017,178,Sandra Higginson inc,"78,073",4
Jul 2017,178,Fred Guinn inc,"73,168",5
Jul 2017,179,Michael Swirsky inc,"5,849,238",293
Jul 2017,179,Gladys Castillo inc,"2,056,240",97
Jul 2017,179,Curtis Banks inc,"1,460,193",77
Jul 2017,179,Judy Lutz inc,"1,290,145",59
Jul 2017,179,Alan Poe inc,"1,269,929",67
Jul 2017,180,Anna Harrison inc,"786,881",38
Jul 2017,180,Alexandra Green inc,"432,686",17
Jul 2017,180,Denise Sievers inc,"350,979",16
Jul 2017,180,Arthur Coker inc,"229,145",10
Jul 2017,180,Robert Durham 2 inc,"219,165",12
Jul 2017,181,Juan Walsh 2 inc,"1,302,384",69
Jul 2017,181,Edith Roll inc,"633,470",32
Jul 2017,181,Gregg Verde inc,"609,394",31
Jul 2017,181,Denise Cotter inc,"509,476",26
Jul 2017,181,Kathleen Gau inc,"457,129",24
Jul 2017,182,Misty Slaugh inc,"734,635",38
Jul 2017,182,Julia Cope inc,"635,108",34
Jul 2017,182,Jason Lopez 2 inc,"546,428",25
Jul 2017,182,Betty Pew inc,"518,768",23
Jul 2017,182,Harold Strand inc,"306,960",18
Jul 2017,183,Shanon Battle inc,"419,586",24
Jul 2017,183,John Otoole inc,"409,882",22
Jul 2017,183,Francis Casey inc,"372,881",18
Jul 2017,183,Angela Jackson 5 inc,"339,143",16
Jul 2017,183,William Munroe inc,"190,329",11
Jul 2017,184,Harold Ames inc,"400,843",25
Jul 2017,184,Ralph Nava inc,"399,602",21
Jul 2017,184,Tracy Webster inc,"292,755",14
Jul 2017,184,Cheryl Pike inc,"262,333",14
Jul 2017,184,Charlotte Valdez inc,"205,354",10
Jul 2017,186,Christine Paulino inc,"476,913",25
Jul 2017,186,Larry Reid inc,"463,032",23
Jul 2017,186,George Caruthers inc,"323,408",15
Jul 2017,186,Brett Richardson inc,"267,567",15
Jul 2017,186,Cora Brown inc,"265,337",14
Jul 2017,187,Joseph Miles inc,"296,917",16
Jul 2017,187,Leonard Barredo inc,"280,433",15
Jul 2017,187,Terence Harstad inc,"263,546",12
Jul 2017,187,Ronald Morgan inc,"245,034",11
Jul 2017,187,Margaret Sykes inc,"207,806",10
Jul 2017,188,Thomas Thompson 9 inc,"837,967",35
Jul 2017,188,Linda Alexander inc,"553,551",24
Jul 2017,188,James Pittsley inc,"532,735",33
Jul 2017,188,Barbara Waldorf inc,"532,724",26
Jul 2017,188,Joseph Jones 15 inc,"515,936",29
Jul 2017,189,Andrew Eastman inc,"1,408,720",67
Jul 2017,189,Christina Chamberlain inc,"997,734",46
Jul 2017,189,Gertrude Espinosa inc,"938,734",44
Jul 2017,189,Jack Huffman inc,"762,872",38
Jul 2017,189,Diane Allen 2 inc,"714,154",37
Jul 2017,190,Denise Marquez 2 inc,"376,526",19
Jul 2017,190,Jay Hokanson inc,"321,013",17
Jul 2017,190,Fletcher Watson inc,"294,900",14
Jul 2017,190,Thomas Voyer inc,"258,102",12
Jul 2017,190,Bernice Harris inc,"208,327",11
Jul 2017,191,Patrick Heiden inc,"450,853",22
Jul 2017,191,Bruce Snyder inc,"446,024",19
Jul 2017,191,Virginia Greer inc,"419,902",22
Jul 2017,191,Frank Lundborg inc,"345,736",16
Jul 2017,191,Theresa Young inc,"318,925",13
Jul 2017,193,Renate Snyder inc,"647,471",28
Jul 2017,193,Lisa Plummer inc,"593,986",28
Jul 2017,193,Dorothy Woods inc,"377,640",21
Jul 2017,193,Billy Neally inc,"308,902",14
Jul 2017,193,Donald Davis 9 inc,"290,529",13
Jul 2017,194,Alison Magallanes inc,"809,658",38
Jul 2017,194,Sandra Patterson 2 inc,"391,611",18
Jul 2017,194,Walter Washington 2 inc,"307,599",13
Jul 2017,194,Kimberly Peterson 2 inc,"243,122",12
Jul 2017,194,John Piper 2 inc,"217,225",8
Jul 2017,195,Klara Ibanez inc,"363,538",18
Jul 2017,195,Casey Dawkins inc,"278,482",13
Jul 2017,195,Michael Hawkins 8 inc,"263,725",12
Jul 2017,195,John Wright 18 inc,"241,472",12
Jul 2017,195,Matthew Aberle inc,"206,632",9
Jul 2017,197,Claudia Rodriguez inc,"755,086",39
Jul 2017,197,Randi Duke inc,"322,275",17
Jul 2017,197,Lori Joseph inc,"271,301",13
Jul 2017,197,Ella Rose 2 inc,"252,061",12
Jul 2017,197,Lori Mize inc,"237,078",12
Jul 2017,198,Mary Griffith inc,"354,674",17
Jul 2017,198,Barbara Christian inc,"347,027",17
Jul 2017,198,Nancy Foley inc,"270,156",13
Jul 2017,198,Charles Fritter inc,"235,147",13
Jul 2017,198,Stacia Benavides inc,"228,054",11
Jul 2017,199,Crystal Dwyer inc,"1,690,271",87
Jul 2017,199,Elbert Six inc,"1,540,344",72
Jul 2017,199,Roger Serrano inc,"1,251,035",60
Jul 2017,199,Daryl Taylor inc,"736,844",37
Jul 2017,199,Judy Evans 3 inc,"628,040",32
Jul 2017,200,Sandra Davenport inc,"2,391,304",120
Jul 2017,200,Teresa Ellis inc,"1,478,955",79
Jul 2017,200,Juan Sojka inc,"1,396,660",66
Jul 2017,200,Latanya Crofton inc,"1,390,952",72
Jul 2017,200,Jeffrey Connolly inc,"1,349,280",65
Jul 2017,201,James Howell 7 inc,"509,689",24
Jul 2017,201,Dawn Jackson 4 inc,"290,801",13
Jul 2017,201,Patricia Hernandez 4 inc,"201,069",9
Jul 2017,201,Ryan Black inc,"171,110",9
Jul 2017,201,Johanna Shepard inc,"159,462",7
Jul 2017,203,Albert Cadwell inc,"958,884",51
Jul 2017,203,Ernest Ward inc,"200,621",9
Jul 2017,203,Beth Wynne inc,"160,395",7
Jul 2017,203,Rebecca Clift inc,"127,968",5
Jul 2017,203,Henry Nasers inc,"111,959",5
Jul 2017,204,Ruth Newark inc,"367,821",19
Jul 2017,204,Josephina Taylor inc,"197,402",9
Jul 2017,204,Luke Thomas inc,"102,653",5
Jul 2017,204,Hosea Ray inc,"99,084",5
Jul 2017,204,Nicolas Grove inc,"98,999",5
Jul 2017,205,Zachary Holzer inc,"171,125",7
Jul 2017,205,Tyrone Dwaileebe inc,"138,186",8
Jul 2017,205,Joy Dejesus inc,"113,916",5
Jul 2017,205,Ricky Salazar 2 inc,"86,026",3
Jul 2017,205,Rubin Campos inc,"81,670",3
Jul 2017,206,Susan Klotz inc,"305,451",13
Jul 2017,206,Treva Padilla inc,"276,551",15
Jul 2017,206,Ryan Gregg inc,"242,538",12
Jul 2017,206,Louise Owens inc,"228,510",11
Jul 2017,206,Mary Roberts 6 inc,"212,346",10
Jul 2017,207,Cheryl Ross inc,"123,218",6
Jul 2017,207,Naomi Day inc,"102,105",5
Jul 2017,207,Clarence Griffin inc,"100,775",5
Jul 2017,207,Steven Eddy inc,"88,780",5
Jul 2017,207,Andrew Hernandez 2 inc,"88,273",5
Jul 2017,208,Michael Abramson inc,"921,294",44
Jul 2017,208,Dale Skalicky inc,"414,016",21
Jul 2017,208,Gail Costello inc,"212,485",11
Jul 2017,208,Jason Ho inc,"183,042",8
Jul 2017,208,Paula Santiago inc,"182,219",10
Jul 2017,209,Ma Rowlands inc,"1,116,071",53
Jul 2017,209,Meaghan Saylor inc,"857,510",40
Jul 2017,209,Tempie Guardado inc,"611,531",31
Jul 2017,209,Michael Mincey inc,"520,205",27
Jul 2017,209,Cathrine Guerrero inc,"482,127",21
Jul 2017,210,Michael Mocher inc,"899,604",41
Jul 2017,210,Timothy Godwin inc,"740,232",35
Jul 2017,210,Diana Brown inc,"706,658",37
Jul 2017,210,Gary Goff inc,"681,597",34
Jul 2017,210,Jamie Remillard inc,"677,543",37
Jul 2017,211,Ryan Charles inc,"787,859",34
Jul 2017,211,William Darden inc,"477,310",28
Jul 2017,211,Cathryn Holsopple inc,"456,619",22
Jul 2017,211,Karen Beltz inc,"416,086",20
Jul 2017,211,Crystal Krumholz inc,"341,568",18
Jul 2017,212,Donald Pimental inc,"4,931,369",240
Jul 2017,212,Rebecca Johnson 9 inc,"3,171,370",169
Jul 2017,212,Anna Risher inc,"2,863,068",141
Jul 2017,212,Bernice Pratt inc,"2,730,109",139
Jul 2017,212,Lisa Jones 9 inc,"2,253,874",117
Jul 2017,213,Elizabeth Thomas 10 inc,"2,112,004",108
Jul 2017,213,Katherine Stickel inc,"2,101,741",100
Jul 2017,213,Nichol Gentry inc,"1,754,281",86
Jul 2017,213,Steven Turner 3 inc,"1,559,635",73
Jul 2017,213,Ella Rose 2 inc,"1,468,103",76
Jul 2017,214,Daniel Steinbach inc,"528,327",28
Jul 2017,214,Aaron Baker 3 inc,"290,205",15
Jul 2017,214,Evelyn Reynoso 2 inc,"280,164",14
Jul 2017,214,Thomas Gillespie 3 inc,"266,238",14
Jul 2017,214,Paula Dunn inc,"256,907",12
Jul 2017,215,Katherine Caldwell inc,"433,573",24
Jul 2017,215,Stephanie Wallace 2 inc,"105,194",5
Jul 2017,215,Kirk Adams inc,"97,738",5
Jul 2017,215,Karen Romero 2 inc,"93,612",5
Jul 2017,215,Aaron Becker inc,"83,833",3
Jul 2017,216,Deanna Dudley inc,"566,650",26
Jul 2017,216,Vincent Allen inc,"476,101",24
Jul 2017,216,Helen Acosta inc,"378,069",20
Jul 2017,216,Andrea Kolb inc,"358,189",16
Jul 2017,216,Mary Donati inc,"340,997",16
Jul 2017,218,Julianne Mchugh inc,"988,897",48
Jul 2017,218,Karisa Pope inc,"435,253",21
Jul 2017,218,Nina Humphreys inc,"434,955",20
Jul 2017,218,Ronald Abbott 2 inc,"395,685",19
Jul 2017,218,Charles Oneil inc,"377,790",21
Jul 2017,219,Christopher Marinaccio inc,"500,547",23
Jul 2017,219,Donald Smith 19 inc,"457,909",25
Jul 2017,219,Alfreda Mcnaughton inc,"449,804",21
Jul 2017,219,Rodney Lichtenberg inc,"442,716",23
Jul 2017,219,Christopher Tolan inc,"426,468",21
Jul 2017,220,Megan Robinson 5 inc,"522,249",24
Jul 2017,220,Rose Smith 7 inc,"355,058",18
Jul 2017,220,Grace Gorman inc,"333,528",17
Jul 2017,220,Marvin Rivera 2 inc,"278,478",13
Jul 2017,220,Lee Daniels inc,"243,650",14
Jul 2017,221,Vanessa Yepsen inc,"126,449",5
Jul 2017,221,Rose Brewer 2 inc,"94,700",5
Jul 2017,221,Carrie Bernard inc,"75,850",3
Jul 2017,221,Linda Brown 12 inc,"74,594",3
Jul 2017,221,Robert Robinson 15 inc,"60,399",2
Jul 2017,222,Jonathon Morrison inc,"459,156",20
Jul 2017,222,Melvin Hurt inc,"183,203",10
Jul 2017,222,Joan Baggesen inc,"169,668",9
Jul 2017,222,Dennis Clancy inc,"166,267",8
Jul 2017,222,Maria Alston inc,"153,063",8
Jul 2017,223,Gracie Mcmorran inc,"449,813",22
Jul 2017,223,Connie Thompson inc,"444,554",20
Jul 2017,223,Judy Turner inc,"389,125",19
Jul 2017,223,Robert Gatson inc,"375,897",16
Jul 2017,223,Rachel Allman inc,"258,252",13
Jul 2017,224,John Sutton 8 inc,"431,401",20
Jul 2017,224,Margaret Adams 3 inc,"226,509",13
Jul 2017,224,Deborah Harris 5 inc,"219,883",13
Jul 2017,224,Guillermo Wasson inc,"201,041",10
Jul 2017,224,James Pane inc,"161,457",8
Jul 2017,226,John Rutherford 4 inc,"1,835,436",88
Jul 2017,226,Maggie Rosa inc,"1,104,746",52
Jul 2017,226,Joseph Dempsey inc,"695,143",33
Jul 2017,226,Jaime Marks inc,"656,838",30
Jul 2017,226,Princess White inc,"399,890",20
Jul 2017,227,Frank Mahler inc,"279,338",13
Jul 2017,227,Russell Murray inc,"241,580",11
Jul 2017,227,James Holbrook inc,"193,333",9
Jul 2017,227,Roger Rio inc,"139,583",6
Jul 2017,227,Frank Dana inc,"132,899",6
Jul 2017,228,Pablo Laboy inc,"252,315",13
Jul 2017,228,Linda Gordon inc,"189,129",11
Jul 2017,228,Gail Henderson inc,"155,638",7
Jul 2017,228,Brenda Gomez 3 inc,"133,926",6
Jul 2017,228,Gail Henry inc,"122,927",6
Jul 2017,229,Christina Moralez inc,"470,342",28
Jul 2017,229,Anton Greene inc,"295,734",15
Jul 2017,229,Camille Lindsey inc,"280,999",12
Jul 2017,229,Carol Armstrong inc,"279,487",11
Jul 2017,229,Don Rutland inc,"246,888",11
Jul 2017,230,Allison Burgess inc,"433,309",21
Jul 2017,230,Mary Melendez 3 inc,"372,289",16
Jul 2017,230,Rosie Champagne inc,"324,154",15
Jul 2017,230,Terry Morris inc,"277,548",13
Jul 2017,230,John Rivera 9 inc,"273,523",15
Jul 2017,231,Joshua Berryhill inc,"1,430,953",68
Jul 2017,231,Edward Hebert 3 inc,"1,262,986",65
Jul 2017,231,Florence Mitchell 2 inc,"1,069,900",51
Jul 2017,231,Robert Barfield inc,"866,432",46
Jul 2017,231,Michael Mefford inc,"771,731",35
Jul 2017,232,Whitney Delgado inc,"787,775",39
Jul 2017,232,Adam Schey inc,"760,304",33
Jul 2017,232,Truman Garcia inc,"662,930",27
Jul 2017,232,Charles Urias inc,"650,989",30
Jul 2017,232,Russell Fernandez inc,"563,109",30
Jul 2017,233,Chad Tobar inc,"4,135,284",206
Jul 2017,233,Ella Rose 2 inc,"2,561,396",139
Jul 2017,233,John Mcneal 2 inc,"2,493,379",131
Jul 2017,233,Ruth Kohl inc,"2,165,533",108
Jul 2017,233,Maria Meaker inc,"2,034,844",106
Jul 2017,234,Daniel Marshall 7 inc,"656,368",29
Jul 2017,234,Alice Dickerson inc,"589,633",31
Jul 2017,234,Roslyn Lamb inc,"495,338",24
Jul 2017,234,Johnnie Elliott inc,"446,680",21
Jul 2017,234,Rachel Honeycutt inc,"321,778",15
Jul 2017,235,Peter Adams 3 inc,"334,531",16
Jul 2017,235,David Morris 4 inc,"158,864",7
Jul 2017,235,Daniel Gassaway inc,"156,080",6
Jul 2017,235,Michael Brickner inc,"146,238",8
Jul 2017,235,Glenn Neblett inc,"124,553",6
Jul 2017,236,Kathleen Gustin inc,"173,301",8
Jul 2017,236,Donald Session inc,"145,125",7
Jul 2017,236,Wesley Aguilar inc,"120,847",4
Jul 2017,236,Nora Saenz inc,"117,008",6
Jul 2017,236,Mary Milliren inc,"108,087",6
Jul 2017,237,Bernice Batz inc,"271,886",12
Jul 2017,237,Julie Hughes inc,"245,869",12
Jul 2017,237,Keith Feldman inc,"106,101",6
Jul 2017,237,Theresa Sorensen inc,"94,269",3
Jul 2017,237,Van Vandy inc,"92,505",3
Jul 2017,238,Kenneth Kimbler inc,"1,448,077",65
Jul 2017,238,Greg Myers inc,"692,672",31
Jul 2017,238,Eugene Roberts inc,"614,739",30
Jul 2017,238,Duane Stafford inc,"595,966",28
Jul 2017,238,Robin Forbes inc,"544,440",25
Jul 2017,239,Leonard Parton inc,"487,005",23
Jul 2017,239,Bonnie Gresham inc,"380,130",18
Jul 2017,239,George Hay inc,"255,267",12
Jul 2017,239,Ivelisse Cipriani inc,"233,277",11
Jul 2017,239,Mary Harris 16 inc,"176,112",9
Jul 2017,240,Victoria Brown 3 inc,"286,639",14
Jul 2017,240,Jessica Baxter inc,"278,075",12
Jul 2017,240,Gerald Rivera 2 inc,"277,909",13
Jul 2017,240,Gloria Applin inc,"234,908",12
Jul 2017,240,Ronald Cantey inc,"164,677",8
Jul 2017,242,Mae Davis 3 inc,"1,081,660",59
Jul 2017,242,Ada Cough inc,"974,617",47
Jul 2017,242,John Bordner inc,"799,659",40
Jul 2017,242,Estella Vidal inc,"674,751",30
Jul 2017,242,John Turner 8 inc,"332,306",15
Jul 2017,244,Vivian Cawthorne inc,"2,461,272",126
Jul 2017,244,Diane Robbins inc,"1,921,972",93
Jul 2017,244,James Funk 2 inc,"1,663,109",80
Jul 2017,244,Donald Bacon 2 inc,"1,227,693",63
Jul 2017,244,Gregory Stokes inc,"612,427",29
Jul 2017,245,Brenda Green 4 inc,"555,391",28
Jul 2017,245,Anton Wilder inc,"544,882",23
Jul 2017,245,James Brown 42 inc,"455,567",23
Jul 2017,245,Stephen Strohman inc,"354,522",17
Jul 2017,245,Judy Rice inc,"320,385",14
Jul 2017,246,Clarice Potts inc,"2,852,761",144
Jul 2017,246,James Holliday inc,"1,874,407",88
Jul 2017,246,Marc Juckett inc,"1,619,953",81
Jul 2017,246,Harold Morris 2 inc,"1,214,789",59
Jul 2017,246,Brian Larose inc,"1,143,580",55
Jul 2017,247,Alex Couzens inc,"1,723,572",86
Jul 2017,247,Mary Schultheis inc,"994,965",47
Jul 2017,247,Charles Doyle inc,"960,851",46
Jul 2017,247,Frederick Uson inc,"457,849",22
Jul 2017,247,Kimberly Morgan 4 inc,"430,099",20
Jul 2017,248,Nicholas Mixer inc,"1,440,092",73
Jul 2017,248,Marie Vaughn inc,"1,246,674",58
Jul 2017,248,Katherine Gonce inc,"1,166,272",56
Jul 2017,248,Tara Hollis inc,"1,022,215",50
Jul 2017,248,Marie Compton inc,"925,342",48
Jul 2017,250,Edward Campbell 2 inc,"584,923",34
Jul 2017,250,Raymond Higginbotham inc,"495,956",22
Jul 2017,250,Catherine Ochs inc,"383,834",21
Jul 2017,250,Angela Mcnabb inc,"382,085",20
Jul 2017,250,Mary Ruddy inc,"329,886",16
Jul 2017,251,Ryan Harris 2 inc,"1,887,067",88
Jul 2017,251,Lola Cramer inc,"1,644,378",81
Jul 2017,251,Rose Mincey inc,"1,457,888",73
Jul 2017,251,Charles Bendel inc,"1,334,301",65
Jul 2017,251,Vonda Lake inc,"789,792",40
Jul 2017,252,Dominick Newsom inc,"223,941",12
Jul 2017,252,Jimmy Kelly inc,"200,449",9
Jul 2017,252,Joshua Kowalik inc,"193,973",9
Jul 2017,252,Felicia Pickle inc,"177,502",9
Jul 2017,252,Ilene Young inc,"157,327",8
Jul 2017,253,Karen Fiene inc,"691,810",31
Jul 2017,253,Jesse Valazquez inc,"583,286",30
Jul 2017,253,Dillon Renshaw inc,"520,825",25
Jul 2017,253,Walter Hay inc,"409,908",21
Jul 2017,253,Kathleen Pittman inc,"358,160",19
Jul 2017,254,Michael Newsom inc,"353,597",16
Jul 2017,254,Joseph Olson 2 inc,"162,399",8
Jul 2017,254,Debra Mock inc,"141,460",6
Jul 2017,254,Amanda Jara inc,"124,114",7
Jul 2017,254,John Mathews 2 inc,"116,877",7
Jul 2017,255,Harmony Mathis inc,"545,440",30
Jul 2017,255,Sheryl Wilson inc,"420,812",21
Jul 2017,255,Joe Hall inc,"352,655",16
Jul 2017,255,Jeffrey Cawley inc,"271,335",12
Jul 2017,255,John Cruz 7 inc,"258,442",14
Jul 2017,256,Leigh Carr inc,"1,985,616",98
Jul 2017,256,Ryan Kyle inc,"727,049",36
Jul 2017,256,Juan Kong inc,"635,350",32
Jul 2017,256,Beatrice Graham inc,"517,066",24
Jul 2017,256,Edward Jones 10 inc,"376,140",17
Jul 2017,258,Derrick Johnson inc,"228,713",12
Jul 2017,258,Michelle Jones 13 inc,"223,391",10
Jul 2017,258,Stacie Lucas inc,"132,595",7
Jul 2017,258,Lina Kelsey inc,"131,408",8
Jul 2017,258,Whitney Miranda inc,"130,688",5
Jul 2017,259,Gerald Mccullough inc,"987,657",48
Jul 2017,259,Allen Jackson 2 inc,"919,657",46
Jul 2017,259,Adrienne Hill inc,"878,787",39
Jul 2017,259,Anthony Wheeler 2 inc,"684,281",37
Jul 2017,259,Stephanie Reeves inc,"542,008",24
Jul 2017,260,Jordan Johnson inc,"447,323",25
Jul 2017,260,Ronald Betcher inc,"402,334",20
Jul 2017,260,William Young 10 inc,"334,871",16
Jul 2017,260,Gerald Llamas inc,"223,457",9
Jul 2017,260,Eloise Paoli inc,"219,192",9
Jul 2017,261,Phillip Justice 2 inc,"375,860",19
Jul 2017,261,Theodore Thompson 2 inc,"347,075",16
Jul 2017,261,Renaldo Allen inc,"331,950",15
Jul 2017,261,Samuel Powell inc,"281,433",15
Jul 2017,261,David Canfield inc,"242,658",10
Jul 2017,262,Kevin Wolfrum inc,"685,032",34
Jul 2017,262,Joshua Finchum inc,"426,978",19
Jul 2017,262,Lora Harrell inc,"262,574",14
Jul 2017,262,Raymond Sylvester inc,"184,343",9
Jul 2017,262,Wayne James 2 inc,"184,195",8
Jul 2017,263,Joan Miller 2 inc,"154,524",11
Jul 2017,263,Donnell Cotto inc,"149,153",6
Jul 2017,263,Nicholas Pearsall inc,"136,077",8
Jul 2017,263,David Millay 2 inc,"111,614",5
Jul 2017,263,Marvin Soto inc,"70,090",3
Jul 2017,264,Grace Cox inc,"387,456",16
Jul 2017,264,Erika Legrand inc,"245,446",12
Jul 2017,264,Maria Harris 7 inc,"190,791",9
Jul 2017,264,Michael Golden inc,"164,375",7
Jul 2017,264,Sandra Brison inc,"154,445",7
Jul 2017,265,David Adkins 7 inc,"490,947",19
Jul 2017,265,John Mai inc,"427,205",20
Jul 2017,265,Michelle Dougherty inc,"333,012",19
Jul 2017,265,Matthew Jackson 3 inc,"273,582",15
Jul 2017,265,Michael Feinberg inc,"247,901",12
Jul 2017,266,Jerry Anderson 2 inc,"321,081",16
Jul 2017,266,Darryl Servin inc,"235,935",11
Jul 2017,266,Jeff Darou inc,"208,280",10
Jul 2017,266,Albert Howard inc,"136,618",8
Jul 2017,266,Mary Horn inc,"104,786",6
Jul 2017,267,Maurice Ehret inc,"284,769",13
Jul 2017,267,Keith Law inc,"282,818",14
Jul 2017,267,Genesis Barcia inc,"282,524",15
Jul 2017,267,Julie Young inc,"205,381",10
Jul 2017,267,Michael Little 5 inc,"171,459",8
Jul 2017,268,Sabine King inc,"619,540",29
Jul 2017,268,Trudy Harris inc,"599,756",34
Jul 2017,268,Carmen Lewis inc,"491,613",26
Jul 2017,268,Roy Mccoy inc,"456,059",25
Jul 2017,268,Timothy Lewis 8 inc,"443,053",21
Jul 2017,269,Josephine Garrity inc,"230,111",11
Jul 2017,269,Nancy Rodgers 2 inc,"177,441",7
Jul 2017,269,Heather Hopkins inc,"176,671",8
Jul 2017,269,Linda Beaudin inc,"153,654",6
Jul 2017,269,Gracia Patterson inc,"149,000",6
Jul 2017,270,Douglas Massie inc,"360,984",16
Jul 2017,270,Ann Uttech inc,"325,201",17
Jul 2017,270,Patricia Smith 25 inc,"305,445",14
Jul 2017,270,Jane Vanauken inc,"267,613",14
Jul 2017,270,Christine Montoro inc,"227,829",12
Jul 2017,271,Sharon Mcdaniel inc,"928,557",47
Jul 2017,271,Jimmy Garcia 2 inc,"776,434",40
Jul 2017,271,Ann Morrell inc,"712,543",33
Jul 2017,271,Jame Perez inc,"662,683",30
Jul 2017,271,Christopher Castro 2 inc,"576,954",30
Jul 2017,272,David Fitzpatrick inc,"936,247",45
Jul 2017,272,Joseph Olson 3 inc,"453,304",24
Jul 2017,272,Mark Layne inc,"447,072",23
Jul 2017,272,Gabriela Woods inc,"440,190",20
Jul 2017,272,Eloise Davis inc,"414,917",19
Jul 2017,273,David Houchin inc,"66,525",4
Jul 2017,273,Ryan Stephens 2 inc,"61,320",2
Jul 2017,273,Antoine Alexander inc,"59,389",3
Jul 2017,273,Amanda Toca inc,"35,913",1
Jul 2017,273,Georgine Heard inc,"22,828",1
Jul 2017,274,Doris Babcock inc,"2,938,575",140
Jul 2017,274,Angela Barrett 2 inc,"1,382,329",68
Jul 2017,274,Austin Edmunds inc,"1,240,428",53
Jul 2017,274,William Hummel 2 inc,"961,550",47
Jul 2017,274,Jane Bell inc,"935,229",45
Jul 2017,275,Frederick Mccammon inc,"395,590",17
Jul 2017,275,Howard Justus inc,"310,573",14
Jul 2017,275,Doris Bullard inc,"281,628",16
Jul 2017,275,Miguel Wilson inc,"252,047",12
Jul 2017,275,Orville Caporiccio inc,"244,510",10
Jul 2017,276,Odis Hampton inc,"972,089",50
Jul 2017,276,Steven Porter 2 inc,"856,072",48
Jul 2017,276,Joey Johnson inc,"656,408",32
Jul 2017,276,Anthony Jenkins 2 inc,"495,311",24
Jul 2017,276,Vesta Jackson inc,"392,090",18
Jul 2017,277,Jonathan Rollins inc,"4,111,540",202
Jul 2017,277,Tracie Dempsey inc,"3,304,827",155
Jul 2017,277,Daniel Phipps 2 inc,"3,140,764",157
Jul 2017,277,Michelle Briscoe inc,"2,364,795",119
Jul 2017,277,Amira Jefferson inc,"2,273,910",116
Jul 2017,278,Sylvia Holler inc,"1,329,290",69
Jul 2017,278,David Fontaine inc,"1,269,417",65
Jul 2017,278,Maria Davis 10 inc,"1,141,484",56
Jul 2017,278,Calvin Severy inc,"761,222",40
Jul 2017,278,Berry Cannata inc,"617,391",32
Jul 2017,279,Debra Williams 7 inc,"1,273,924",59
Jul 2017,279,Robert Hall 16 inc,"1,057,940",55
Jul 2017,279,Jocelyn Dixon inc,"1,024,903",50
Jul 2017,279,Miguel Walt inc,"990,388",54
Jul 2017,279,George Williams 20 inc,"957,574",52
Jul 2017,280,Clyde Garland inc,"2,044,178",99
Jul 2017,280,John Harris 25 inc,"551,991",26
Jul 2017,280,Cynthia Morton inc,"526,884",25
Jul 2017,280,Michael Anderson 16 inc,"429,411",19
Jul 2017,280,Thomas Adams 6 inc,"426,589",20
Jul 2017,281,Charles Everett inc,"858,465",43
Jul 2017,281,Pierre Weiner inc,"377,404",19
Jul 2017,281,Christine Hernandez inc,"310,752",17
Jul 2017,281,Clayton Palmer inc,"265,473",15
Jul 2017,281,Michael Aman inc,"262,261",11
Jul 2017,282,Jonathan Crumble inc,"1,481,814",74
Jul 2017,282,Devon Sanders inc,"1,074,109",51
Jul 2017,282,Katherine Cotter inc,"783,306",36
Jul 2017,282,Fernando Williams inc,"394,885",21
Jul 2017,282,Robert Karst inc,"376,362",21
Jul 2017,283,Christopher Carter 3 inc,"2,373,946",121
Jul 2017,283,Jessica Lafayette inc,"1,429,510",65
Jul 2017,283,Jennifer Moody inc,"1,209,511",62
Jul 2017,283,Marlin Stroud inc,"1,197,753",59
Jul 2017,283,Mikki Seburg inc,"1,023,570",51
Jul 2017,285,Jefferey Smith inc,"271,983",15
Jul 2017,285,William Cade inc,"202,857",10
Jul 2017,285,Carolyn Hardy inc,"187,097",9
Jul 2017,285,Mary Ramsey inc,"154,709",7
Jul 2017,285,Patricia Keith 2 inc,"131,261",5
Jul 2017,286,Chris Heath inc,"4,051,996",200
Jul 2017,286,Kevin Hellman inc,"2,916,074",148
Jul 2017,286,Rita Elias inc,"2,188,588",108
Jul 2017,286,Jasmin Morataya inc,"2,065,314",102
Jul 2017,286,Lisa Castillo 2 inc,"1,656,550",86
Jul 2017,287,Sherri Garrison inc,"862,015",39
Jul 2017,287,John Arlington inc,"314,227",15
Jul 2017,287,Anita Herman inc,"269,702",13
Jul 2017,287,Wm Evans inc,"202,391",11
Jul 2017,287,John Cobar 2 inc,"193,556",8
Jul 2017,288,Wallace Bennett inc,"749,195",40
Jul 2017,288,Michael Morgan 3 inc,"745,816",38
Jul 2017,288,Steve Crofton inc,"600,203",29
Jul 2017,288,Glenn Trevathan inc,"446,435",22
Jul 2017,288,Lynn Brown 6 inc,"438,432",22
Jul 2017,289,Sherri Garrison inc,"2,106,253",111
Jul 2017,289,Willard Conditt inc,"1,388,526",70
Jul 2017,289,George Centeno inc,"1,250,680",57
Jul 2017,289,Elnora Cook inc,"1,106,340",55
Jul 2017,289,Jason Hamilton 2 inc,"865,056",44
Jul 2017,290,Shane Nelson inc,"234,531",11
Jul 2017,290,Daniel Jones 11 inc,"216,653",10
Jul 2017,290,Charles Harris 11 inc,"191,071",10
Jul 2017,290,Tia Moore inc,"173,317",6
Jul 2017,290,Irene Blake inc,"166,628",8
Jul 2017,291,Cesar Hall inc,"5,685,111",284
Jul 2017,291,Mary Castillo 2 inc,"1,353,192",68
Jul 2017,291,Efrain Webb inc,"1,247,112",64
Jul 2017,291,Ella Rose 2 inc,"1,210,455",60
Jul 2017,291,Lisa Bryant 3 inc,"958,071",50
Jul 2017,292,Gilbert Lowell inc,"945,445",46
Jul 2017,292,Scott Uson inc,"804,791",40
Jul 2017,292,Rebecca Kim 2 inc,"778,218",39
Jul 2017,292,Brandon Manns inc,"633,855",32
Jul 2017,292,Gabriela Cipkowski inc,"480,875",23
Jul 2017,293,Yolanda Gold inc,"194,629",8
Jul 2017,293,Maria Morlan inc,"183,126",8
Jul 2017,293,Aileen Coons inc,"154,223",9
Jul 2017,293,Donna Brown 7 inc,"98,907",5
Jul 2017,293,Vincent Dunn inc,"90,797",4
Jul 2017,294,Keith Thomas 2 inc,"381,348",18
Jul 2017,294,Larry Doerr inc,"244,751",10
Jul 2017,294,Mathew Vogus inc,"235,522",13
Jul 2017,294,Timothy Dhondt inc,"219,415",10
Jul 2017,294,Phyllis Matthews inc,"186,573",9
Jul 2017,295,Darren Brewer inc,"468,162",22
Jul 2017,295,John Mayfield 2 inc,"401,507",21
Jul 2017,295,William Harrington 3 inc,"352,598",15
Jul 2017,295,John Banks 4 inc,"312,254",14
Jul 2017,295,Jody Minor inc,"279,105",16
Jul 2017,296,Larry Mcmanus inc,"573,634",29
Jul 2017,296,Laura Carter inc,"542,777",26
Jul 2017,296,Dale Crowder inc,"448,364",24
Jul 2017,296,Randall Howard inc,"432,087",22
Jul 2017,296,Harold Knopp inc,"384,924",19
Jul 2017,297,Arlyne Smith inc,"778,688",35
Jul 2017,297,Amelia Ray inc,"635,830",32
Jul 2017,297,Daisy Hunt inc,"631,850",33
Jul 2017,297,Nicole Borrero inc,"577,276",29
Jul 2017,297,Crystal Marquez inc,"536,376",24
Jul 2017,298,Guadalupe Blank inc,"249,776",12
Jul 2017,298,Ella Rose 2 inc,"240,284",11
Jul 2017,298,Marisa Corbin inc,"176,773",9
Jul 2017,298,Zachary Mayle inc,"174,459",10
Jul 2017,298,Chad Tobar inc,"135,902",7
Jul 2017,299,Eric Autrey inc,"367,783",19
Jul 2017,299,Edna Ramirez 2 inc,"327,824",13
Jul 2017,299,Gary Hayes inc,"288,778",11
Jul 2017,299,Kim Sutton inc,"274,653",12
Jul 2017,299,Jeff Padron inc,"225,565",10
Jul 2017,300,Ruben Frantz inc,"912,166",42
Jul 2017,300,Rene Roberts 2 inc,"907,467",40
Jul 2017,300,Eddie Coyle 2 inc,"565,090",27
Jul 2017,300,Robert Barnard 2 inc,"533,295",26
Jul 2017,300,Stephen Lay inc,"524,694",28
Jul 2017,301,John Hammond 2 inc,"467,101",19
Jul 2017,301,Juan Jennrich inc,"379,749",20
Jul 2017,301,Gabrielle Caudel inc,"335,110",17
Jul 2017,301,Joyce Perry inc,"322,221",16
Jul 2017,301,Roy Cosby inc,"319,882",15
Jul 2017,302,Albert Smith 10 inc,"1,260,711",65
Jul 2017,302,Colin Canelo inc,"1,096,123",56
Jul 2017,302,David Sanchez 7 inc,"547,487",25
Jul 2017,302,Linnie Millar inc,"536,056",28
Jul 2017,302,Mary Wells 6 inc,"532,355",26
Jul 2017,303,Christine Hill 3 inc,"527,231",26
Jul 2017,303,Marvin Peterman inc,"526,970",27
Jul 2017,303,Bessie Fulmer inc,"389,215",17
Jul 2017,303,Peter Nelson 4 inc,"337,127",17
Jul 2017,303,Josue Britt inc,"230,749",13
Jul 2017,304,Cordelia Rice inc,"647,704",34
Jul 2017,304,Heather Brackett inc,"594,088",27
Jul 2017,304,Paul Clemmer inc,"376,511",19
Jul 2017,304,Richard Hansen inc,"371,346",21
Jul 2017,304,Douglas Mackin inc,"354,178",16
Jul 2017,306,Timothy Sepulveda inc,"292,907",15
Jul 2017,306,Ethyl Harter inc,"254,607",13
Jul 2017,306,Brenda Bacher inc,"241,333",12
Jul 2017,306,Ruby Armstead inc,"199,196",10
Jul 2017,306,Martha Williams 5 inc,"184,936",9
Jul 2017,307,John Kluender inc,"394,115",23
Jul 2017,307,Larry Hicks 4 inc,"260,442",11
Jul 2017,307,Allie Lynch inc,"175,424",9
Jul 2017,307,Gordon Platt inc,"164,524",6
Jul 2017,307,Richard Page 2 inc,"141,314",7
Jul 2017,308,Fannie Baltimore inc,"961,700",46
Jul 2017,308,Roy Lavine inc,"735,669",34
Jul 2017,308,Reed Williams inc,"575,166",31
Jul 2017,308,Tracey Spangler inc,"550,005",27
Jul 2017,308,Anthony Lewis 5 inc,"511,022",27
Jul 2017,309,Christopher Frazier 2 inc,"338,053",15
Jul 2017,309,David Aucoin inc,"271,513",14
Jul 2017,309,Patricia Jackson 7 inc,"245,753",12
Jul 2017,309,Ernest Turner 2 inc,"225,246",11
Jul 2017,309,Vernon Zeigler inc,"212,422",8
Jul 2017,310,Kathryn Matos inc,"359,075",18
Jul 2017,310,Briana Powell inc,"304,647",15
Jul 2017,310,Alvin Moodie inc,"280,608",14
Jul 2017,310,Barbara Thomas 9 inc,"271,173",15
Jul 2017,310,Carl Durbin inc,"199,803",9
Jul 2017,311,Janet Baker 2 inc,"459,663",20
Jul 2017,311,Michael Dunlop inc,"391,869",17
Jul 2017,311,Carole West inc,"363,924",17
Jul 2017,311,Annie Bishop inc,"271,054",13
Jul 2017,311,Roger Freitas inc,"250,596",12
Jul 2017,312,Brandon Whitman inc,"321,493",14
Jul 2017,312,David Taylor 12 inc,"297,464",18
Jul 2017,312,Rebecca Solis inc,"248,542",15
Jul 2017,312,Cindy Bruni inc,"226,192",9
Jul 2017,312,Tony Butler inc,"213,914",11
Jul 2017,313,Danny Lupien inc,"566,218",31
Jul 2017,313,Connie Partis inc,"292,970",12
Jul 2017,313,Catherine Hogan inc,"274,159",15
Jul 2017,313,Brian Garza inc,"258,642",12
Jul 2017,313,Jason Butler 2 inc,"255,809",11
Jul 2017,314,Charles Dallas inc,"1,271,587",65
Jul 2017,314,Jeffery Aguilar 2 inc,"947,483",51
Jul 2017,314,David Wallace inc,"866,189",40
Jul 2017,314,Lloyd Brink inc,"728,127",34
Jul 2017,314,Erna Dahlgren inc,"694,139",33
Jul 2017,315,Harriet Miller inc,"244,993",10
Jul 2017,315,William Howlin inc,"163,189",9
Jul 2017,315,Lester Marcum inc,"118,401",7
Jul 2017,315,Donald Bacon 2 inc,"110,867",5
Jul 2017,315,Brenda Myers inc,"88,316",4
Jul 2017,316,Jerry Facer inc,"28,961",1
Jul 2017,316,Lourdes Wilson 2 inc,"28,146",1
Jul 2017,316,Elisabeth Bibbs inc,"15,336",1
Jul 2017,316,David Williams 20 inc,"11,483",1
Jul 2017,318,Jean Vandusen inc,"448,021",21
Jul 2017,318,Jose Penn inc,"409,302",18
Jul 2017,318,Jimmy Ascencio inc,"361,250",18
Jul 2017,318,John Young 16 inc,"304,551",14
Jul 2017,318,Ramona Clark inc,"269,276",11
Jul 2017,319,John Carrousal inc,"84,961",4
Jul 2017,319,Mandy Easton inc,"72,683",3
Jul 2017,319,Thomas Then inc,"66,331",4
Jul 2017,319,Leonard Durrance inc,"60,115",3
Jul 2017,319,Tammy Johnson 6 inc,"46,310",2
Jul 2017,320,Tom Benavidez inc,"3,008,607",151
Jul 2017,320,Janice Whiteman inc,"1,222,528",57
Jul 2017,320,Arthur Dove inc,"894,145",37
Jul 2017,320,Edwin Riley inc,"719,285",35
Jul 2017,320,Christopher Ferree inc,"633,157",29
Jul 2017,321,Steven Hisey inc,"482,002",24
Jul 2017,321,Timothy Mays inc,"299,312",15
Jul 2017,321,Mark Awalt inc,"226,828",11
Jul 2017,321,Arthur Cobb inc,"202,765",8
Jul 2017,321,John Longoria inc,"147,334",8
Jul 2017,322,Andrea Hartman inc,"2,984,717",146
Jul 2017,322,Quinton Elizarraras inc,"2,551,500",134
Jul 2017,322,Allen Poulton inc,"1,625,698",80
Jul 2017,322,Annie Romriell inc,"1,003,936",48
Jul 2017,322,Dana Anderson inc,"1,001,575",55
Jul 2017,323,Michael Wheeler 8 inc,"1,028,499",51
Jul 2017,323,Ruben Lopez inc,"985,504",47
Jul 2017,323,Jose Handy inc,"279,725",16
Jul 2017,323,Willie Hudson inc,"268,453",16
Jul 2017,323,Rocky Blanchard inc,"206,874",9
Jul 2017,325,Dennis Terrance inc,"998,677",46
Jul 2017,325,Christopher Pinneo inc,"654,147",32
Jul 2017,325,Craig Rehm inc,"596,791",29
Jul 2017,325,Miriam Cisneros inc,"441,767",25
Jul 2017,325,Alpha Way inc,"344,097",15
Jul 2017,326,Nancy Hill 5 inc,"204,772",11
Jul 2017,326,Robert Keith 3 inc,"118,640",5
Jul 2017,326,Guillermo Portillo inc,"118,281",7
Jul 2017,326,Richard Markle inc,"103,179",5
Jul 2017,326,Cecil Confer inc,"100,873",5
Jul 2017,327,Marla Hadfield inc,"189,740",9
Jul 2017,327,Christina Baylon inc,"185,789",10
Jul 2017,327,Arthur Cobb 3 inc,"144,943",7
Jul 2017,327,Clarence Worthington inc,"82,350",3
Jul 2017,327,James Sims 2 inc,"81,836",3
Jul 2017,328,William Darling inc,"844,094",48
Jul 2017,328,Wendy Donnelly inc,"461,225",23
Jul 2017,328,Samira Cervantes inc,"414,334",21
Jul 2017,328,Matthew Seldon inc,"346,202",16
Jul 2017,328,Bernadette Padron inc,"296,480",13
Jul 2017,329,Kristen Woods inc,"759,555",42
Jul 2017,329,Stephanie Bagaoisan inc,"743,213",34
Jul 2017,329,Robert Olson 4 inc,"559,695",23
Jul 2017,329,Ashli Nealy inc,"448,869",21
Jul 2017,329,Elmer Meek inc,"440,284",20
Jul 2017,330,Alyson Efird inc,"413,645",19
Jul 2017,330,Sandra Buckner inc,"408,298",23
Jul 2017,330,Ricardo Kane inc,"321,079",16
Jul 2017,330,Hugh Gale inc,"313,738",14
Jul 2017,330,Karen Pate inc,"301,164",16
Jul 2017,331,Valerie Martin 2 inc,"10,368,023",529
Jul 2017,331,Antoine Alexander inc,"9,697,124",492
Jul 2017,331,Jean Jolley inc,"7,122,807",352
Jul 2017,331,Ryan Stephens 2 inc,"5,772,800",300
Jul 2017,331,Joann Lilly inc,"4,366,086",229
Jul 2017,333,Joseph Proctor inc,"6,075,035",296
Jul 2017,333,Teresa Begley inc,"5,294,282",266
Jul 2017,333,Clarence Griffin inc,"2,411,830",117
Jul 2017,333,Naomi Day inc,"2,210,515",105
Jul 2017,333,Vincent Peterson 2 inc,"2,096,867",110
Jul 2017,334,Mary Siegel inc,"1,094,275",51
Jul 2017,334,Brianna Derrick inc,"1,082,312",54
Jul 2017,334,Jeffrey Bock inc,"833,381",37
Jul 2017,334,Noella Vansickle inc,"781,199",36
Jul 2017,334,Megan Brackeen inc,"758,561",39
Jul 2017,335,Catherine Tanner inc,"416,714",24
Jul 2017,335,Yolanda Jones 3 inc,"220,888",10
Jul 2017,335,Sandra Belvins inc,"194,257",9
Jul 2017,335,Theresa Martin 3 inc,"152,941",8
Jul 2017,335,Phillip Williams inc,"129,827",5
Jul 2017,336,Katherine Kirschner inc,"173,668",9
Jul 2017,336,Frank Mcneil inc,"172,977",9
Jul 2017,336,Anthony Wender inc,"151,389",6
Jul 2017,336,Angie Ewald inc,"150,029",7
Jul 2017,336,Cynthia Dawkins 2 inc,"103,814",5
Jul 2017,337,Karen Lee 2 inc,"728,475",39
Jul 2017,337,Anna Baker 2 inc,"411,855",18
Jul 2017,337,Timothy Robins inc,"316,608",16
Jul 2017,337,Anthony Everett inc,"316,556",13
Jul 2017,337,William Calvin inc,"256,061",10
Jul 2017,338,Lucas Carmona inc,"401,588",17
Jul 2017,338,Lon Larson inc,"390,174",19
Jul 2017,338,Russell Sexton inc,"212,594",11
Jul 2017,338,Wilhelmina Price inc,"184,395",7
Jul 2017,338,Jessica Ward inc,"168,321",7
Jul 2017,339,Marie Reynolds 4 inc,"691,310",34
Jul 2017,339,Mireya Smith inc,"649,583",34
Jul 2017,339,Christopher Greer inc,"598,601",32
Jul 2017,339,James Moss 3 inc,"597,416",30
Jul 2017,339,Larry Culbert inc,"489,683",28
Jul 2017,340,Terry Turpin 2 inc,"2,498,048",126
Jul 2017,340,Janet Johnson 3 inc,"1,521,623",73
Jul 2017,340,Katherine Rovero inc,"1,260,569",59
Jul 2017,340,Thelma Williams 3 inc,"1,170,943",58
Jul 2017,340,Nancy Jamison 2 inc,"1,156,350",54
Jul 2017,341,James Calendine inc,"394,209",19
Jul 2017,341,Bonita Lemons inc,"296,148",16
Jul 2017,341,Daniel Huff inc,"295,872",13
Jul 2017,341,Joan Cuevas inc,"293,752",14
Jul 2017,341,Victor Sullivan inc,"269,313",13
Jul 2017,342,William Roney inc,"886,568",43
Jul 2017,342,John Goris inc,"298,769",14
Jul 2017,342,Vida Smith inc,"281,194",14
Jul 2017,342,Gordon Burdock inc,"233,577",12
Jul 2017,342,Eric Elrod inc,"212,266",12
Jul 2017,343,Joshua Reyna inc,"325,420",17
Jul 2017,343,Michael Broadwater inc,"244,379",11
Jul 2017,343,James Kinkelaar inc,"217,296",11
Jul 2017,343,Randall Sawyer inc,"164,408",7
Jul 2017,343,William Jaffe inc,"150,774",6
Jul 2017,344,Morris Grooms inc,"1,407,970",75
Jul 2017,344,Jerry Facer inc,"1,014,836",50
Jul 2017,344,Lawrence Young 4 inc,"829,789",41
Jul 2017,344,Brian Page inc,"697,811",36
Jul 2017,344,Ella Rose 2 inc,"647,510",29
Jul 2017,345,Margaret Walker 3 inc,"299,218",15
Jul 2017,345,Lyle Shanahan inc,"204,504",9
Jul 2017,345,Patrick Nunn inc,"195,705",10
Jul 2017,345,Eugene Mcalexander inc,"176,333",7
Jul 2017,345,John Hyett inc,"168,861",10
Jul 2017,347,Edna Ledesma inc,"1,216,323",59
Jul 2017,347,Christopher Jackson 5 inc,"905,760",51
Jul 2017,347,James Carlson 5 inc,"849,615",41
Jul 2017,347,Shirley Lawrence 2 inc,"744,767",38
Jul 2017,347,Carolyn Hardin inc,"691,230",34
Jun 2017,1,Kathie Sughrue inc,"106,094,308","5,324"
Jun 2017,1,Cesar Hall inc,"84,062,055","4,180"
Jun 2017,1,Mary Gray 7 inc,"54,295,921","2,713"
Jun 2017,1,Steven Russell inc,"28,847,046","1,406"
Jun 2017,1,Maxine Flores inc,"22,429,881","1,131"
Jun 2017,2,William Urena inc,"323,314",15
Jun 2017,2,Mark Cipolla inc,"290,595",15
Jun 2017,2,James Luhman inc,"255,826",12
Jun 2017,2,Charles Budde inc,"220,944",13
Jun 2017,2,Ernesto Matthews inc,"210,106",12
Jun 2017,3,Dennis Mcmillan inc,"720,000",36
Jun 2017,3,Rhonda Cunningham inc,"713,586",35
Jun 2017,3,Robert Harrison 7 inc,"546,625",28
Jun 2017,3,Mark Bedor inc,"312,818",16
Jun 2017,3,Donnie Sefcovic inc,"302,131",14
Jun 2017,4,Louise Cole 2 inc,"2,558,024",128
Jun 2017,4,Nathaniel Stewart inc,"1,803,256",91
Jun 2017,4,Juan Niemi inc,"1,745,830",93
Jun 2017,4,Katie Farwell inc,"1,726,750",85
Jun 2017,4,Carolyn Smith 8 inc,"1,485,781",74
Jun 2017,6,Terrell Dueno inc,"383,369",17
Jun 2017,6,Elizabeth Mueller inc,"293,687",16
Jun 2017,6,Eva Mcnear inc,"249,515",12
Jun 2017,6,Andrea Cash inc,"221,105",10
Jun 2017,6,Geneva Keith inc,"220,986",11
Jun 2017,7,Joe Powell inc,"294,855",14
Jun 2017,7,Armand Humphrey inc,"232,078",10
Jun 2017,7,Sheila Bissonnette inc,"191,631",8
Jun 2017,7,Rose Hart 2 inc,"189,784",9
Jun 2017,7,Don Lenz inc,"188,185",10
Jun 2017,8,Mike Sparks inc,"1,196,166",60
Jun 2017,8,Carlotta Schell inc,"963,422",46
Jun 2017,8,Charlene Richter inc,"945,976",48
Jun 2017,8,Mary Alas inc,"773,227",37
Jun 2017,8,Larry Stegall 2 inc,"715,425",37
Jun 2017,9,Rachael Oehler inc,"576,998",27
Jun 2017,9,Scott Brown 6 inc,"498,727",27
Jun 2017,9,Daniel Pouliot inc,"420,324",22
Jun 2017,9,Barbara Bishop inc,"417,912",20
Jun 2017,9,Walter Grillo inc,"348,767",18
Jun 2017,10,Roger Murach inc,"1,168,812",51
Jun 2017,10,Socorro Stevens inc,"749,135",34
Jun 2017,10,Kristin Victoria inc,"528,936",27
Jun 2017,10,Iris Key inc,"477,107",25
Jun 2017,10,Maribel Prince inc,"370,022",17
Jun 2017,11,Paula Crumb inc,"1,749,358",90
Jun 2017,11,Kenneth Ramos inc,"1,123,687",58
Jun 2017,11,Linda Hogan 2 inc,"932,256",52
Jun 2017,11,Grant Mayers inc,"870,515",43
Jun 2017,11,Matthew Verhoeven inc,"794,551",35
Jun 2017,12,Joe Cleghorn inc,"1,299,394",66
Jun 2017,12,Catherine Martin 7 inc,"1,154,126",58
Jun 2017,12,Priscilla Contreras 2 inc,"1,006,107",45
Jun 2017,12,Delbert Sherlock inc,"1,000,148",49
Jun 2017,12,Emily Jiggetts inc,"780,942",41
Jun 2017,13,Carol Green inc,"683,523",34
Jun 2017,13,Robert Brown 41 inc,"523,206",25
Jun 2017,13,Gary Koehler inc,"375,970",21
Jun 2017,13,Lisa Kelley 2 inc,"287,831",14
Jun 2017,13,Ida Cox 2 inc,"286,241",14
Jun 2017,14,Cynthia Wood 2 inc,"1,133,625",60
Jun 2017,14,John Bielinski inc,"886,978",46
Jun 2017,14,Stanley Summerville inc,"718,771",33
Jun 2017,14,Alex Richardson inc,"609,605",28
Jun 2017,14,Norma Rayfield inc,"529,319",25
Jun 2017,16,Willie Walker 4 inc,"184,385",8
Jun 2017,16,Jose Stammel inc,"177,212",9
Jun 2017,16,Tommie Janeway inc,"145,404",5
Jun 2017,16,Cheryl Croom inc,"141,777",8
Jun 2017,16,Ramon Morris inc,"135,606",5
Jun 2017,17,Sharonda Jordan inc,"13,436,738",666
Jun 2017,17,Beatrice Pears inc,"10,683,460",536
Jun 2017,17,Nick Curtis inc,"10,123,476",495
Jun 2017,17,Samuel Scott 3 inc,"5,660,796",277
Jun 2017,17,Dana Letellier inc,"5,306,182",258
Jun 2017,18,Ruth Fuentes inc,"414,246",21
Jun 2017,18,Kenneth Patrick 2 inc,"175,865",9
Jun 2017,18,Fred Sentell inc,"174,464",9
Jun 2017,18,Winnie Currie inc,"136,872",6
Jun 2017,18,Richard Mahoney inc,"118,841",5
Jun 2017,19,Ella Rose 2 inc,"13,482,518",674
Jun 2017,19,Lori Joseph inc,"13,380,583",664
Jun 2017,19,Chad Tobar inc,"11,372,432",560
Jun 2017,19,Tony Moore 3 inc,"7,632,577",381
Jun 2017,19,Zachary Mayle inc,"7,085,335",349
Jun 2017,20,Justin Ganser inc,"3,704,680",183
Jun 2017,20,Natasha Bucher inc,"2,070,197",106
Jun 2017,20,Sarah Harris 5 inc,"1,069,308",55
Jun 2017,20,Luisa Goldstein inc,"1,015,595",52
Jun 2017,20,Jeremy Smith 6 inc,"877,183",43
Jun 2017,21,Thelma Cashen inc,"1,287,576",57
Jun 2017,21,Eldridge Williams 2 inc,"1,173,956",56
Jun 2017,21,Toni Keith 2 inc,"848,506",43
Jun 2017,21,John Boschert inc,"829,375",39
Jun 2017,21,Selena Davis inc,"777,116",42
Jun 2017,22,Phyllis Allen 2 inc,"483,173",20
Jun 2017,22,Shirley Tucker 2 inc,"351,028",17
Jun 2017,22,Elizabeth Ehrisman inc,"259,596",11
Jun 2017,22,Allen Patrick inc,"253,330",11
Jun 2017,22,Betty Young 4 inc,"198,638",9
Jun 2017,23,Ellen Tait inc,"371,820",20
Jun 2017,23,Joseph Bailey 2 inc,"344,618",16
Jun 2017,23,Bruce Smith 7 inc,"343,269",16
Jun 2017,23,Stacey Sharon inc,"298,794",14
Jun 2017,23,Rosemary Walker 3 inc,"255,661",12
Jun 2017,24,Cynthia Vargas 2 inc,"769,237",33
Jun 2017,24,Donald Sullivan 5 inc,"647,076",33
Jun 2017,24,Francisco Hopper inc,"602,317",28
Jun 2017,24,Roger Lavalley inc,"589,866",34
Jun 2017,24,Dorthea Brewington inc,"573,278",30
Jun 2017,25,Kathryn Carson inc,"4,237,172",199
Jun 2017,25,Kay Connolly inc,"3,342,585",164
Jun 2017,25,Rebecca Sales inc,"3,184,241",156
Jun 2017,25,Jeffrey Belcher 2 inc,"2,170,141",107
Jun 2017,25,John Taggart inc,"1,656,747",85
Jun 2017,26,Kristy Fonseca inc,"269,201",15
Jun 2017,26,Cesar Ross inc,"175,263",9
Jun 2017,26,Ronald Bermeo inc,"139,396",6
Jun 2017,26,Daniel Liefer inc,"136,388",7
Jun 2017,26,Robert Toupin inc,"119,046",6
Jun 2017,28,Henry Anderson 4 inc,"554,336",25
Jun 2017,28,Lee Hodgkiss inc,"388,690",22
Jun 2017,28,Charles Simonson inc,"365,798",17
Jun 2017,28,Jo Miland inc,"322,303",17
Jun 2017,28,Maureen Colony inc,"282,263",14
Jun 2017,29,Kirsten Huse inc,"1,366,607",65
Jun 2017,29,Tarsha Chance inc,"552,137",30
Jun 2017,29,Paul Gaska inc,"375,588",20
Jun 2017,29,Elton Bailey inc,"269,270",14
Jun 2017,29,Eric Nettles inc,"258,579",11
Jun 2017,30,Doris King 3 inc,"1,191,375",60
Jun 2017,30,Donald Ireland inc,"1,089,977",54
Jun 2017,30,Dennis Johnson 6 inc,"953,675",44
Jun 2017,30,Mary Lancaster 3 inc,"761,836",37
Jun 2017,30,Clarence Streater inc,"760,162",40
Jun 2017,32,Gilbert Leland inc,"164,447",6
Jun 2017,32,Kenneth Burnette inc,"130,590",8
Jun 2017,32,Thomas Stone 2 inc,"113,222",6
Jun 2017,32,Nellie Sheehan inc,"110,043",4
Jun 2017,32,Harriet Reeder inc,"98,741",4
Jun 2017,33,Ronald Johnson 17 inc,"813,328",40
Jun 2017,33,Pearl Newport inc,"526,274",22
Jun 2017,33,Bernard Robinson inc,"496,877",25
Jun 2017,33,Danny Thompson inc,"475,995",21
Jun 2017,33,Christina Stanton inc,"474,637",22
Jun 2017,34,Alysia Ceovantes inc,"839,138",41
Jun 2017,34,Mitchell Kalhorn inc,"824,102",36
Jun 2017,34,Nina Conn inc,"611,329",29
Jun 2017,34,Kris Endicott inc,"562,762",30
Jun 2017,34,Danny Martinez inc,"520,169",23
Jun 2017,35,William Glaude inc,"392,834",18
Jun 2017,35,Pamela Spiro inc,"222,644",12
Jun 2017,35,Lewis Wiley inc,"184,602",9
Jun 2017,35,Bobby Ames inc,"148,366",9
Jun 2017,35,Thomas Costello 2 inc,"121,144",5
Jun 2017,36,Esther Diaz inc,"866,737",45
Jun 2017,36,Ronald Jones 10 inc,"617,115",30
Jun 2017,36,Teresa Volk inc,"290,147",15
Jun 2017,36,Henrietta Cook inc,"279,401",16
Jun 2017,36,Arleen Otero inc,"236,916",12
Jun 2017,38,Roberta Peery inc,"347,564",17
Jun 2017,38,Miranda Tiller inc,"319,038",15
Jun 2017,38,Douglas Mccullen inc,"292,106",15
Jun 2017,38,Patricia Odonnell inc,"246,591",13
Jun 2017,38,James Cornelius inc,"189,400",7
Jun 2017,39,Patricia Marble inc,"386,610",16
Jun 2017,39,Jane Terry 3 inc,"220,948",12
Jun 2017,39,Jose Hightower inc,"197,275",11
Jun 2017,39,Antoinette Hurley inc,"192,618",9
Jun 2017,39,James Angles inc,"183,737",9
Jun 2017,40,Karla Fernandez inc,"302,112",15
Jun 2017,40,Kay Tito inc,"184,459",10
Jun 2017,40,Michael Rivas inc,"122,617",7
Jun 2017,40,Joanne Manning inc,"83,087",3
Jun 2017,40,Will Schmid inc,"77,725",3
Jun 2017,41,Joyce Mendez inc,"757,326",38
Jun 2017,41,Stella Walker inc,"344,235",15
Jun 2017,41,Annie Brownell inc,"337,657",17
Jun 2017,41,Richard Bower inc,"325,196",18
Jun 2017,41,Jimmy Laliberte inc,"291,691",14
Jun 2017,42,Glenn Richmond inc,"693,007",36
Jun 2017,42,Carlene Phelps inc,"613,241",30
Jun 2017,42,Melvin Rowland inc,"523,180",22
Jun 2017,42,Annie Tack inc,"442,181",21
Jun 2017,42,Louis Kahn inc,"435,562",19
Jun 2017,44,Bart Carney inc,"311,502",15
Jun 2017,44,Spencer Greenstreet inc,"156,389",9
Jun 2017,44,Jon Moore inc,"132,727",6
Jun 2017,44,Kathleen Parris inc,"132,045",5
Jun 2017,44,Gail Lajaunie inc,"130,686",5
Jun 2017,46,Asuncion Sandmeier inc,"677,053",32
Jun 2017,46,John Frank 5 inc,"329,040",14
Jun 2017,46,Rachel Carter 2 inc,"244,999",13
Jun 2017,46,Andrew Jones 9 inc,"240,260",11
Jun 2017,46,Noe Morado inc,"234,960",11
Jun 2017,47,Christina Marshall 2 inc,"292,265",13
Jun 2017,47,Kevin Taylor 5 inc,"243,767",13
Jun 2017,47,Walter Jorgensen inc,"190,031",9
Jun 2017,47,Rory Gomez inc,"158,329",8
Jun 2017,47,Marion Whitaker inc,"158,107",8
Jun 2017,48,Stanley Cuevas inc,"590,285",27
Jun 2017,48,Rebecca Moore 3 inc,"513,656",24
Jun 2017,48,Sheila Mcintyre inc,"484,758",23
Jun 2017,48,Zelda Bozell inc,"471,828",23
Jun 2017,48,Bryan Vasquez inc,"469,066",23
Jun 2017,49,Bernice Battles inc,"414,354",21
Jun 2017,49,Carole Lotton inc,"323,886",18
Jun 2017,49,Dale Nielsen inc,"241,804",12
Jun 2017,49,Douglas Vaccaro inc,"238,637",12
Jun 2017,49,Celia Duncan inc,"227,029",12
Jun 2017,51,Mary Mraz inc,"1,464,405",76
Jun 2017,51,Micheal Styles inc,"1,312,105",64
Jun 2017,51,Irene Deschamps inc,"1,258,818",66
Jun 2017,51,Joanne Yannone inc,"1,247,783",61
Jun 2017,51,Joshua Kuehnert inc,"1,123,599",57
Jun 2017,52,Jean Biser inc,"502,253",25
Jun 2017,52,Arthur Noel inc,"395,530",17
Jun 2017,52,Frederick Meade inc,"384,741",18
Jun 2017,52,Kurt Sapp inc,"382,886",19
Jun 2017,52,Leo Turpin inc,"318,611",13
Jun 2017,53,Cornelius Mattson inc,"3,698,295",183
Jun 2017,53,Keith Conley 3 inc,"3,008,848",154
Jun 2017,53,Cynthia Phelps inc,"2,371,029",123
Jun 2017,53,Debra Wilczynski inc,"1,625,631",88
Jun 2017,53,Elwood Bacot inc,"1,297,433",65
Jun 2017,54,Eloise Sorbo inc,"348,084",18
Jun 2017,54,Robert Stewart 9 inc,"193,906",9
Jun 2017,54,Jessica Wilson inc,"138,299",6
Jun 2017,54,Regina Allison inc,"130,641",6
Jun 2017,54,Robert Seymour inc,"112,535",5
Jun 2017,56,Mary Varos inc,"728,999",36
Jun 2017,56,Gerald Miller 3 inc,"527,960",32
Jun 2017,56,Courtney Mansfield inc,"447,084",25
Jun 2017,56,Oliver Part inc,"426,732",22
Jun 2017,56,Scott Cornelius inc,"424,949",24
Jun 2017,57,Jennifer Furr inc,"4,579,973",234
Jun 2017,57,Eddie Plunkett inc,"3,878,508",192
Jun 2017,57,Kenneth Huson inc,"2,882,887",146
Jun 2017,57,Rhonda Wheeler inc,"1,991,320",96
Jun 2017,57,John Sumstad inc,"1,786,337",78
Jun 2017,58,Trevor Najera inc,"600,907",27
Jun 2017,58,Michael Devito inc,"199,729",9
Jun 2017,58,Karen Brendal inc,"188,166",12
Jun 2017,58,Jeannette Russell inc,"152,833",7
Jun 2017,58,Anthony Rosenau inc,"105,101",4
Jun 2017,60,Lucas Ohara inc,"2,928,883",151
Jun 2017,60,Diane Perez 2 inc,"1,491,648",80
Jun 2017,60,Catherine Hurley inc,"811,866",43
Jun 2017,60,Virginia Correy inc,"781,568",38
Jun 2017,60,Mary James 10 inc,"671,384",33
Jun 2017,61,Benjamin Elliott 3 inc,"272,718",15
Jun 2017,61,Mary Berryman inc,"116,107",5
Jun 2017,61,Elaine Joe inc,"83,655",3
Jun 2017,61,Alvin Garrison inc,"70,478",3
Jun 2017,61,Lena Young inc,"66,265",3
Jun 2017,62,Richard William inc,"459,839",24
Jun 2017,62,Rita Mcreynolds inc,"375,040",20
Jun 2017,62,Jodi Doe inc,"294,088",13
Jun 2017,62,Rosemary Silva inc,"259,292",15
Jun 2017,62,Michael Jones 39 inc,"238,114",13
Jun 2017,63,Nestor Wright inc,"862,337",39
Jun 2017,63,Johnathan Oldham inc,"457,632",21
Jun 2017,63,Jon Creasey inc,"229,520",11
Jun 2017,63,Diane Gross inc,"205,421",9
Jun 2017,63,Robert Lopez 15 inc,"186,223",8
Jun 2017,64,Edgar Johnson 3 inc,"477,276",26
Jun 2017,64,Matthew Cassem inc,"379,587",21
Jun 2017,64,Robert Smith 57 inc,"328,046",17
Jun 2017,64,Raymond Wahlberg inc,"315,493",14
Jun 2017,64,Essie Chapman inc,"311,432",14
Jun 2017,65,Janice Meriwether inc,"212,336",11
Jun 2017,65,Richard Boehm inc,"180,781",11
Jun 2017,65,Samuel Beck inc,"169,798",7
Jun 2017,65,Emma Aikens inc,"138,830",8
Jun 2017,65,Elton Lemons inc,"111,058",5
Jun 2017,66,Manuel Furlong inc,"834,609",44
Jun 2017,66,Derrick Phillips 2 inc,"462,998",22
Jun 2017,66,Dora Tuck inc,"293,982",13
Jun 2017,66,Alfred Taylor inc,"249,791",12
Jun 2017,66,Ila Jones 2 inc,"216,435",12
Jun 2017,68,Nola Bulow inc,"749,517",37
Jun 2017,68,Mary Franklin 4 inc,"236,110",12
Jun 2017,68,Jarvis Carrington inc,"203,354",12
Jun 2017,68,Rufus Bowman inc,"199,958",11
Jun 2017,68,Ruby Hamilton inc,"192,976",10
Jun 2017,69,John Miller 7 inc,"260,724,734","12,928"
Jun 2017,69,Henry Barnhill inc,"52,322,328","2,583"
Jun 2017,69,June Gray inc,"34,011,032","1,702"
Jun 2017,69,Weston Hendon inc,"30,541,067","1,516"
Jun 2017,69,Valerie Brown 2 inc,"21,217,725","1,016"
Jun 2017,70,Ileen Niss inc,"386,920",21
Jun 2017,70,Damien Hawkins inc,"164,783",6
Jun 2017,70,Margie Dillard inc,"152,545",6
Jun 2017,70,Lisa Gillen inc,"152,008",8
Jun 2017,70,Maxine Nolan inc,"124,828",7
Jun 2017,71,Cindy Perry 2 inc,"188,528",10
Jun 2017,71,Isabel Harrison inc,"132,239",7
Jun 2017,71,Harold Buster inc,"121,371",6
Jun 2017,71,Mary Hodges inc,"109,390",4
Jun 2017,71,Horace Magnuson inc,"96,156",5
Jun 2017,73,Kathleen Lavole inc,"282,073",15
Jun 2017,73,Marilyn Conatser inc,"231,441",14
Jun 2017,73,Sylvia Carter inc,"227,652",11
Jun 2017,73,Richard Miller 10 inc,"188,237",11
Jun 2017,73,Cynthia Burks inc,"144,948",7
Jun 2017,74,Joseph Wang inc,"342,357",15
Jun 2017,74,Barbara Forney inc,"228,661",11
Jun 2017,74,Donna Talley 2 inc,"213,541",10
Jun 2017,74,Alan Prechtl inc,"163,994",9
Jun 2017,74,John Price 9 inc,"159,697",7
Jun 2017,75,William Gomez 5 inc,"338,428",17
Jun 2017,75,Fernando Hart inc,"209,964",10
Jun 2017,75,Angel Raper inc,"205,431",9
Jun 2017,75,James Funk 2 inc,"171,362",9
Jun 2017,75,Everett Hertzler inc,"170,869",9
Jun 2017,76,Bridget Kisner inc,"6,741,152",330
Jun 2017,76,Karen Ohare inc,"2,449,709",119
Jun 2017,76,Valerie Fitch inc,"1,890,457",98
Jun 2017,76,Brandon Lodi inc,"1,790,093",85
Jun 2017,76,Carolyn Reeves 2 inc,"1,605,872",74
Jun 2017,77,David Alto inc,"373,588",18
Jun 2017,77,William Schwerdtfeger inc,"284,078",16
Jun 2017,77,Jorge Taber inc,"206,619",9
Jun 2017,77,Ursula Martinez inc,"156,337",10
Jun 2017,77,Luis Rembert inc,"141,770",6
Jun 2017,78,Kenneth Mullen inc,"836,733",38
Jun 2017,78,Edward Levy inc,"534,118",27
Jun 2017,78,Richard Hunsaker inc,"501,430",26
Jun 2017,78,James Nesbit 2 inc,"494,118",26
Jun 2017,78,Walter Vanderpool inc,"484,927",23
Jun 2017,79,Ronald Miller 5 inc,"706,111",34
Jun 2017,79,Sabrina Arnold 2 inc,"611,211",32
Jun 2017,79,Stephen Krummel inc,"492,811",25
Jun 2017,79,Martin Adkins inc,"404,906",23
Jun 2017,79,Mary Weymouth inc,"364,594",18
Jun 2017,80,Eugene Pell inc,"316,787",17
Jun 2017,80,Theodore Martine inc,"258,932",12
Jun 2017,80,Kari Jones inc,"167,343",7
Jun 2017,80,Clara Leung 2 inc,"166,026",9
Jun 2017,80,Timothy Umanzor inc,"135,311",5
Jun 2017,81,Maria Heller inc,"472,759",18
Jun 2017,81,Julie Schultz inc,"239,253",9
Jun 2017,81,Ronald Huttar inc,"184,368",8
Jun 2017,81,William Silsby inc,"178,670",11
Jun 2017,81,Anna Perez 2 inc,"173,781",7
Jun 2017,82,Marie Husband inc,"462,418",22
Jun 2017,82,Robert Broyles 2 inc,"348,975",18
Jun 2017,82,Thomas Regan inc,"307,097",17
Jun 2017,82,Susan Slagle inc,"270,721",13
Jun 2017,82,Joyce Wilson 5 inc,"259,197",11
Jun 2017,83,Chad Robinson 4 inc,"320,160",16
Jun 2017,83,Tyrone Thompson 2 inc,"202,241",9
Jun 2017,83,Joyce Whitehead inc,"198,558",11
Jun 2017,83,Barry Schuh inc,"198,032",11
Jun 2017,83,Esther Gottlieb inc,"179,352",9
Jun 2017,84,Carmen Rapier inc,"235,944",10
Jun 2017,84,Daniel Helmick inc,"143,810",7
Jun 2017,84,Albert Reed inc,"117,553",5
Jun 2017,84,Nichole Wilson inc,"105,044",6
Jun 2017,84,Leslie Soto inc,"89,493",3
Jun 2017,85,Bernard Nisbett inc,"424,601",20
Jun 2017,85,Bobby Mills inc,"320,977",15
Jun 2017,85,Emily Shyne inc,"146,859",7
Jun 2017,85,Kathleen Hodgson inc,"139,645",6
Jun 2017,85,Donetta Martinez inc,"102,845",5
Jun 2017,86,Jared Kirk inc,"400,314",16
Jun 2017,86,Diana Seide inc,"151,177",8
Jun 2017,86,Jim Wheeless inc,"127,616",5
Jun 2017,86,David Butler 4 inc,"116,595",6
Jun 2017,86,Christine Blackwell inc,"99,632",4
Jun 2017,87,Frank Garcia 2 inc,"5,074,911",256
Jun 2017,87,Doug Moran inc,"5,043,888",264
Jun 2017,87,Joe Montgomery inc,"4,888,638",255
Jun 2017,87,Tessie Jaramillo inc,"4,175,783",207
Jun 2017,87,Betty Hunter 2 inc,"3,491,121",183
Jun 2017,88,Heather Ramberg inc,"9,173,802",447
Jun 2017,88,Ronald Hussein inc,"7,817,756",386
Jun 2017,88,Deidre Bright inc,"7,651,060",376
Jun 2017,88,Samantha Jackson inc,"6,125,297",311
Jun 2017,88,Scott Hildebrand inc,"5,681,312",268
Jun 2017,89,Carl Fonseca inc,"303,714",15
Jun 2017,89,George Hicks 2 inc,"168,860",9
Jun 2017,89,James Roderick inc,"157,751",7
Jun 2017,89,Sheila Clayton inc,"111,147",6
Jun 2017,89,Keith Milne inc,"64,134",3
Jun 2017,90,Anne Mcdonald 3 inc,"451,198",22
Jun 2017,90,Brett Dejohn inc,"424,854",21
Jun 2017,90,Araceli Crotts inc,"420,167",17
Jun 2017,90,Anthony Stgeorge inc,"409,056",19
Jun 2017,90,Jeffrey Wilson inc,"369,356",19
Jun 2017,91,Robert Rainville inc,"387,088",20
Jun 2017,91,Juana Bouchard inc,"222,313",11
Jun 2017,91,Vicente Landeros inc,"176,891",8
Jun 2017,91,John Flowers 3 inc,"169,350",10
Jun 2017,91,Eddie Franklin inc,"113,530",4
Jun 2017,92,Charles Berg inc,"73,380",3
Jun 2017,92,Gail Smith 3 inc,"60,497",3
Jun 2017,92,Lisa Denning inc,"51,579",3
Jun 2017,92,Patricia Nazario inc,"33,486",1
Jun 2017,92,Jennifer Pancoast inc,"33,038",3
Jun 2017,94,Zachary Solis inc,"414,285",17
Jun 2017,94,Dora Dermody inc,"395,107",20
Jun 2017,94,Cassie Franklin inc,"292,505",14
Jun 2017,94,Aida Oliver inc,"271,551",13
Jun 2017,94,Tony Cole 2 inc,"216,673",10
Jun 2017,96,Wendy Meyer inc,"933,247",48
Jun 2017,96,Karen Holsten inc,"910,723",42
Jun 2017,96,Quinton Nelson inc,"846,125",40
Jun 2017,96,Lane Cross inc,"635,158",32
Jun 2017,96,Bruce Braden inc,"540,752",26
Jun 2017,97,Richard Caskey inc,"1,187,510",57
Jun 2017,97,Beverly Lee inc,"650,878",29
Jun 2017,97,David Lightfoot 2 inc,"427,527",23
Jun 2017,97,Matthew Robles inc,"368,569",17
Jun 2017,97,Edward Goodridge inc,"277,749",14
Jun 2017,98,Marc Standard inc,"378,072",20
Jun 2017,98,Dwight Alexander inc,"363,037",19
Jun 2017,98,Bobby Rogers inc,"274,231",13
Jun 2017,98,Mavis Willis inc,"226,710",13
Jun 2017,98,Morris Denton inc,"201,111",9
Jun 2017,100,Steven Epps inc,"601,058",31
Jun 2017,100,Leon Newell inc,"425,662",17
Jun 2017,100,Candace Morton inc,"396,963",19
Jun 2017,100,Earl Brown 2 inc,"310,899",15
Jun 2017,100,Shelly Pitts inc,"248,935",14
Jun 2017,101,Derek Davis 2 inc,"634,369",32
Jun 2017,101,Carol Tate inc,"385,187",19
Jun 2017,101,Lance Sanos inc,"326,522",17
Jun 2017,101,Scott Delarosa inc,"275,576",12
Jun 2017,101,Larry Faucher inc,"247,466",11
Jun 2017,102,Barry Hart inc,"877,761",39
Jun 2017,102,Cleta Ro inc,"535,825",28
Jun 2017,102,Troy Centeno inc,"504,121",22
Jun 2017,102,Kimberly Luna inc,"454,765",18
Jun 2017,102,Joan Buckley inc,"282,789",15
Jun 2017,103,Austin Talty inc,"281,905",13
Jun 2017,103,Carl Casiano inc,"150,124",7
Jun 2017,103,Johnnie Carpentier inc,"118,947",6
Jun 2017,103,Anna Campbell inc,"107,437",6
Jun 2017,103,Michael Martin 11 inc,"90,340",4
Jun 2017,104,Lillian Riffel inc,"505,196",23
Jun 2017,104,James Thomas 20 inc,"382,282",21
Jun 2017,104,Joseph Jacobs inc,"348,182",16
Jun 2017,104,Laura Johnson 8 inc,"259,402",13
Jun 2017,104,Jeffery Wills inc,"167,989",7
Jun 2017,105,Steve Haward inc,"492,071",22
Jun 2017,105,Eusebio Steese inc,"343,772",19
Jun 2017,105,Shawna Ward inc,"318,942",15
Jun 2017,105,Robert Hartman inc,"241,711",12
Jun 2017,105,Wendy Schwartzkopf inc,"217,097",9
Jun 2017,106,Antonia Greenberg inc,"374,534",17
Jun 2017,106,Shayla Maldonado inc,"279,003",13
Jun 2017,106,Nancy Padilla inc,"266,322",15
Jun 2017,106,Debbie Mitchell inc,"265,105",13
Jun 2017,106,Tamara Vasquez inc,"263,690",15
Jun 2017,107,Julius Kutz inc,"3,257,583",160
Jun 2017,107,Tim Crosby inc,"2,157,325",116
Jun 2017,107,Michael Truelove inc,"1,080,751",49
Jun 2017,107,Denise Gomez inc,"1,014,082",50
Jun 2017,107,Mary Duke 3 inc,"925,385",43
Jun 2017,108,Suzanne Hammond inc,"316,988",15
Jun 2017,108,Jeannine Lockett inc,"167,997",8
Jun 2017,108,Daniel Jackson 9 inc,"149,713",6
Jun 2017,108,James Bailey 11 inc,"129,209",7
Jun 2017,108,Eva Santana inc,"127,181",5
Jun 2017,109,Lucille Knights inc,"438,833",22
Jun 2017,109,Jose Ortega inc,"437,791",25
Jun 2017,109,Maria Jobson inc,"329,436",18
Jun 2017,109,Clara Adkins inc,"274,241",11
Jun 2017,109,Shari Miller inc,"268,905",13
Jun 2017,110,Donna Gonzalez 4 inc,"2,740,110",144
Jun 2017,110,Marvin Miller 2 inc,"906,778",43
Jun 2017,110,Mae Brown inc,"825,834",42
Jun 2017,110,Connie Thompson 2 inc,"757,283",38
Jun 2017,110,Wanda Hill inc,"559,484",27
Jun 2017,111,John Poremski inc,"359,039",17
Jun 2017,111,Marlon Braund inc,"271,220",11
Jun 2017,111,Janice Rogers inc,"261,403",12
Jun 2017,111,Robert Baker 9 inc,"256,511",14
Jun 2017,111,David Kilpatrick inc,"240,591",15
Jun 2017,112,Tracy Mathews inc,"160,733",6
Jun 2017,112,Linda Black inc,"130,598",7
Jun 2017,112,Leesa Evans inc,"108,192",4
Jun 2017,112,Michael Brotherton inc,"105,969",5
Jun 2017,112,Douglas Richner inc,"96,482",4
Jun 2017,113,Edward Howell inc,"134,635",6
Jun 2017,113,Roger Jones 5 inc,"127,746",6
Jun 2017,113,John Varley inc,"89,481",3
Jun 2017,113,Linda Romo inc,"80,837",5
Jun 2017,113,Marlin Johnson inc,"76,358",3
Jun 2017,114,Leonard Crawford inc,"386,466",20
Jun 2017,114,Kellie Aguilar inc,"303,465",17
Jun 2017,114,Estella Bewick inc,"265,907",13
Jun 2017,114,Derrick Salmon inc,"135,850",7
Jun 2017,114,Micheal Adkins inc,"134,039",7
Jun 2017,115,John Campbell 11 inc,"317,281",15
Jun 2017,115,Holly Roper inc,"174,949",9
Jun 2017,115,Gus Augustine inc,"172,848",8
Jun 2017,115,Cynthia Mccall inc,"154,106",8
Jun 2017,115,Mindy Kiser inc,"131,540",6
Jun 2017,116,Harriet Fields inc,"1,086,535",56
Jun 2017,116,Mildred Leitheiser inc,"1,025,535",52
Jun 2017,116,Matthew Barnett 3 inc,"1,009,960",51
Jun 2017,116,Shannon Puckett inc,"911,309",47
Jun 2017,116,Chad Tobar inc,"793,927",39
Jun 2017,117,Dion Cantu inc,"2,167,162",109
Jun 2017,117,Theresa Martin 3 inc,"2,019,080",98
Jun 2017,117,Michael Farruggio inc,"1,838,679",94
Jun 2017,117,Catherine Tanner inc,"1,673,552",83
Jun 2017,117,Debra Alexander 2 inc,"980,165",51
Jun 2017,118,Cristy Key inc,"171,521",8
Jun 2017,118,Werner Shepherd inc,"147,910",7
Jun 2017,118,Richard Rose 3 inc,"120,784",6
Jun 2017,118,Josh Williams inc,"120,702",6
Jun 2017,118,Shirley Brown 7 inc,"117,786",6
Jun 2017,119,Betty Sanford inc,"348,293",19
Jun 2017,119,James David 2 inc,"258,043",13
Jun 2017,119,Michael Shade 2 inc,"256,207",13
Jun 2017,119,Ken Swanson inc,"248,519",12
Jun 2017,119,Marlon Evans inc,"214,202",12
Jun 2017,120,Sandra Summers inc,"458,518",21
Jun 2017,120,Timothy Blackman inc,"246,393",15
Jun 2017,120,Christopher Adamson inc,"198,871",9
Jun 2017,120,Patricia Nebergall inc,"182,704",8
Jun 2017,120,Denise Fowler 2 inc,"172,325",9
Jun 2017,122,Karen Holsten inc,"158,665",10
Jun 2017,122,Alice Green 2 inc,"102,375",5
Jun 2017,122,Summer Parker inc,"75,795",4
Jun 2017,122,Bill Morse inc,"61,176",3
Jun 2017,122,Josephine Jones 2 inc,"57,424",2
Jun 2017,123,Rita Barber inc,"435,210",23
Jun 2017,123,Kurt Garcia inc,"379,491",15
Jun 2017,123,Alan Shannon inc,"346,946",16
Jun 2017,123,Gladys Wilson 2 inc,"280,028",11
Jun 2017,123,Linda Stoeffler inc,"217,300",10
Jun 2017,124,Richard Blevins inc,"486,412",24
Jun 2017,124,Queen Sawyer inc,"317,832",15
Jun 2017,124,Micheal Thompson inc,"261,427",16
Jun 2017,124,Rhonda Gann inc,"238,898",12
Jun 2017,124,Maurice Graziano inc,"232,840",9
Jun 2017,125,Alton Ayala inc,"426,085",22
Jun 2017,125,Martin Porter inc,"420,031",20
Jun 2017,125,Brent Higgins inc,"331,892",18
Jun 2017,125,Anthony Cain 2 inc,"331,213",17
Jun 2017,125,Rachel Skillom inc,"271,819",11
Jun 2017,126,Kristi Radford inc,"489,036",24
Jun 2017,126,Ellen Battle inc,"487,543",26
Jun 2017,126,Oscar Nelson 2 inc,"483,831",24
Jun 2017,126,Basil Cain inc,"367,227",17
Jun 2017,126,Alice Freitag inc,"365,151",18
Jun 2017,128,Pamela Pickett inc,"411,172",18
Jun 2017,128,Lisa Macki inc,"385,537",19
Jun 2017,128,Eva Moffat inc,"305,134",15
Jun 2017,128,Matthew Hebert 3 inc,"263,177",12
Jun 2017,128,Terri Jackson 2 inc,"249,751",11
Jun 2017,129,Beverly Johnson 3 inc,"537,561",23
Jun 2017,129,Barbara Sasaki inc,"509,941",25
Jun 2017,129,Robert Dockery inc,"505,492",25
Jun 2017,129,Sabrina Holley inc,"424,202",22
Jun 2017,129,John Rodriguez 13 inc,"314,815",16
Jun 2017,130,Virginia Mustafa inc,"151,953",7
Jun 2017,130,Elizabeth Nelson 5 inc,"73,932",4
Jun 2017,130,Maria Leblanc inc,"72,068",2
Jun 2017,130,Mary Clasen inc,"69,358",3
Jun 2017,130,Millicent Reddick inc,"69,330",3
Jun 2017,131,Christian Penn inc,"979,476",50
Jun 2017,131,James Orrick inc,"702,660",33
Jun 2017,131,Bill Brainard inc,"699,331",35
Jun 2017,131,Wendy Gadbaw inc,"507,373",24
Jun 2017,131,Christen Harlow inc,"482,117",25
Jun 2017,133,Tyler Sharpe inc,"158,967",7
Jun 2017,133,Berry Aponte inc,"101,638",5
Jun 2017,133,Dean Noggle inc,"88,860",4
Jun 2017,133,Stephen Williams 12 inc,"86,701",6
Jun 2017,133,Prince Chiang inc,"73,589",5
Jun 2017,135,Michael King 9 inc,"851,192",45
Jun 2017,135,Phillip Carlson inc,"361,720",17
Jun 2017,135,Hugh Ford inc,"344,141",17
Jun 2017,135,Terry White 3 inc,"342,358",15
Jun 2017,135,Robbie Allard inc,"313,783",14
Jun 2017,136,Boyd Delosh inc,"677,709",33
Jun 2017,136,Justin Pellicone inc,"527,691",28
Jun 2017,136,Michelle Delrio inc,"464,694",22
Jun 2017,136,Jennifer Brown 8 inc,"392,030",18
Jun 2017,136,Grant Orourke inc,"333,376",15
Jun 2017,137,Charles Cota inc,"7,260,595",350
Jun 2017,137,George Caporiccio inc,"6,739,601",337
Jun 2017,137,Liana Ramos inc,"6,161,033",309
Jun 2017,137,Rebecca Ross inc,"3,531,960",179
Jun 2017,137,Claudia Frazier inc,"2,702,812",131
Jun 2017,138,Barbara Brantly inc,"1,754,791",88
Jun 2017,138,Jessica Wilson inc,"1,454,414",71
Jun 2017,138,Ricardo Simpson inc,"1,177,905",57
Jun 2017,138,Carol Martin 4 inc,"837,623",41
Jun 2017,138,Carl Weber inc,"668,056",38
Jun 2017,139,Irene Rutledge inc,"369,068",16
Jun 2017,139,Margie Alford inc,"253,228",11
Jun 2017,139,Jean Rogers 2 inc,"243,491",12
Jun 2017,139,Dale Carlisle inc,"210,628",9
Jun 2017,139,Pamela Brown 6 inc,"207,940",9
Jun 2017,140,Janet Mendiola inc,"2,810,906",141
Jun 2017,140,Eugene Lovelace inc,"1,453,544",71
Jun 2017,140,Robert Molina 2 inc,"1,417,637",72
Jun 2017,140,Ella Rose 2 inc,"1,021,544",52
Jun 2017,140,Chad Tobar inc,"1,007,879",52
Jun 2017,142,Manuel Lanehart inc,"439,503",18
Jun 2017,142,Bertha Albright inc,"240,472",12
Jun 2017,142,Janet Banks inc,"167,750",8
Jun 2017,142,Steve Swartz inc,"139,955",6
Jun 2017,142,Adrian Farley inc,"120,041",8
Jun 2017,143,Helen Kern inc,"15,472,654",771
Jun 2017,143,Scott Hepburn inc,"8,268,656",421
Jun 2017,143,Alan Eisenhower inc,"7,357,899",345
Jun 2017,143,Rose Garner inc,"6,874,420",331
Jun 2017,143,Rashida Hernandez inc,"5,150,726",256
Jun 2017,144,Patricia Saucedo inc,"554,034",28
Jun 2017,144,Kristofer Oquinn inc,"388,432",23
Jun 2017,144,Andres Knight inc,"347,034",16
Jun 2017,144,Melvin Haro inc,"274,114",13
Jun 2017,144,Robert Mccain inc,"266,448",14
Jun 2017,145,Helen Brown 6 inc,"755,553",35
Jun 2017,145,Martin Long inc,"358,667",19
Jun 2017,145,Murray Perry inc,"246,159",13
Jun 2017,145,Andrew Powers 3 inc,"239,314",14
Jun 2017,145,Emmett Christian inc,"237,111",14
Jun 2017,146,Mary Kirby 2 inc,"396,320",18
Jun 2017,146,Jeffery Lemon inc,"211,812",11
Jun 2017,146,Benjamin Parsley inc,"168,484",7
Jun 2017,146,Thomas Bonner inc,"158,296",7
Jun 2017,146,Sandra Kalkman inc,"151,913",9
Jun 2017,147,Rachel Kennedy 2 inc,"607,716",32
Jun 2017,147,Emma Laird inc,"601,616",29
Jun 2017,147,Thomas Chipps inc,"573,610",29
Jun 2017,147,Patricia Dodson inc,"504,191",27
Jun 2017,147,Melba Satmary inc,"468,475",22
Jun 2017,148,Christopher Mcdonald inc,"432,344",25
Jun 2017,148,Tricia Dozier inc,"292,690",16
Jun 2017,148,Floyd Head inc,"276,158",13
Jun 2017,148,Pat Rivera inc,"155,054",7
Jun 2017,148,Scott Sheldon inc,"142,232",6
Jun 2017,149,Alexandria Sarmiento inc,"3,953,039",209
Jun 2017,149,Kenneth Larson inc,"3,779,498",187
Jun 2017,149,Kelly Perez 2 inc,"2,682,579",128
Jun 2017,149,Jerold Caldwell inc,"2,612,206",135
Jun 2017,149,George Asante inc,"1,966,152",97
Jun 2017,150,Effie Mayfield inc,"392,618",18
Jun 2017,150,Theresa Woods inc,"331,248",17
Jun 2017,150,Corey Perron inc,"287,407",12
Jun 2017,150,Deborah Stewart 3 inc,"273,271",15
Jun 2017,150,Joe Joiner 2 inc,"265,969",12
Jun 2017,151,Vicki Valenzuela inc,"158,754",9
Jun 2017,151,Orville Mcclellan inc,"123,837",5
Jun 2017,151,Ilene Park inc,"111,485",5
Jun 2017,151,Shakita Jones inc,"111,032",6
Jun 2017,151,Larry Bush inc,"103,770",7
Jun 2017,153,Gary Neri inc,"616,833",28
Jun 2017,153,Martha Goldstein inc,"268,448",14
Jun 2017,153,Glenda Garcia 2 inc,"200,476",8
Jun 2017,153,Howard Mitchell inc,"198,002",9
Jun 2017,153,Jimmy Scully inc,"191,684",11
Jun 2017,155,Andrew Doherty inc,"518,685",25
Jun 2017,155,Sharon Bolden inc,"485,055",25
Jun 2017,155,Lena Napolitano inc,"460,883",22
Jun 2017,155,Susie Wynn inc,"440,321",20
Jun 2017,155,Manuel Edwards inc,"421,120",24
Jun 2017,156,Christopher Butts 2 inc,"785,876",37
Jun 2017,156,Pamela Griffin inc,"560,190",28
Jun 2017,156,Dorothy Miesch inc,"387,062",20
Jun 2017,156,Bart Massey inc,"368,194",17
Jun 2017,156,Gary Finley inc,"345,917",17
Jun 2017,157,Helen Burnsworth inc,"1,700,953",93
Jun 2017,157,Jason Robinson 5 inc,"454,589",21
Jun 2017,157,Robert Jenkins 7 inc,"370,388",17
Jun 2017,157,Pearl Stone inc,"334,309",20
Jun 2017,157,Loree Hansen inc,"322,872",17
Jun 2017,158,Darryl Revak inc,"13,178,615",629
Jun 2017,158,Dee Gallager inc,"10,603,547",555
Jun 2017,158,Robert Cruz 2 inc,"7,383,002",364
Jun 2017,158,Mary Huff 2 inc,"5,617,094",271
Jun 2017,158,Domingo Harper inc,"5,582,951",272
Jun 2017,159,Roy Coats inc,"1,476,501",78
Jun 2017,159,Mary Hudspeth inc,"673,959",32
Jun 2017,159,Sean Groover inc,"574,234",29
Jun 2017,159,Monique Armstrong inc,"498,184",24
Jun 2017,159,Lorenzo Hawkins inc,"432,871",24
Jun 2017,160,Richard Mccabe inc,"8,753,726",438
Jun 2017,160,Eliz Prater inc,"5,612,224",279
Jun 2017,160,Patricia Sharp 2 inc,"3,170,429",158
Jun 2017,160,Laurena Parks inc,"2,722,250",136
Jun 2017,160,Donna Croshaw inc,"2,376,820",114
Jun 2017,161,Delbert Plater inc,"2,622,832",135
Jun 2017,161,Joyce Fletcher inc,"2,127,693",110
Jun 2017,161,Claire Mcclendon inc,"1,506,525",73
Jun 2017,161,Laura Chapman 2 inc,"953,658",47
Jun 2017,161,Vita Bettes inc,"863,007",46
Jun 2017,162,Maureen Werre inc,"481,158",25
Jun 2017,162,Lewis Stevens inc,"466,923",23
Jun 2017,162,Allen Wiersma inc,"465,425",21
Jun 2017,162,Christopher Servais inc,"433,894",23
Jun 2017,162,Emelia Foulk inc,"424,669",21
Jun 2017,163,Dale Lotzer inc,"640,687",28
Jun 2017,163,Kathy Briggs inc,"434,594",21
Jun 2017,163,Linda Rogers 6 inc,"427,782",24
Jun 2017,163,Richard Rosa inc,"328,756",18
Jun 2017,163,Helen Mccutchan inc,"281,118",16
Jun 2017,165,Tyrone Malone inc,"285,109",13
Jun 2017,165,David Blackwell inc,"279,283",13
Jun 2017,165,Pat Harper inc,"214,769",12
Jun 2017,165,Jessie Carey inc,"206,904",9
Jun 2017,165,Michael Mabry inc,"198,872",10
Jun 2017,166,Cheryl Boone inc,"503,209",28
Jun 2017,166,Opal Siegel inc,"317,066",16
Jun 2017,166,Michelle Marrero 2 inc,"250,682",12
Jun 2017,166,Rodney Hatton inc,"208,712",11
Jun 2017,166,Linda Ready inc,"170,195",9
Jun 2017,167,Betty Brown 9 inc,"926,900",47
Jun 2017,167,Marion Greer inc,"244,436",13
Jun 2017,167,Mauricio Couto inc,"241,542",11
Jun 2017,167,Ronald Brooks 3 inc,"215,993",11
Jun 2017,167,Judith Korn inc,"190,474",11
Jun 2017,168,Mary Gallegos 2 inc,"588,593",28
Jun 2017,168,Kim Hartly inc,"545,759",25
Jun 2017,168,Lucy Thomas 2 inc,"479,594",24
Jun 2017,168,Richard James 5 inc,"456,091",26
Jun 2017,168,Kristin Mcmurray inc,"402,805",18
Jun 2017,169,Louis Mccall inc,"1,455,002",76
Jun 2017,169,Helen Mckean inc,"1,402,423",69
Jun 2017,169,Roy Lindsay inc,"1,301,304",62
Jun 2017,169,Tom Judge inc,"1,255,527",61
Jun 2017,169,Larry Frias inc,"948,872",44
Jun 2017,170,Thelma Metayer inc,"476,142",23
Jun 2017,170,Mamie James inc,"474,454",26
Jun 2017,170,Jack Terry 2 inc,"313,877",14
Jun 2017,170,Helen Smith 16 inc,"191,388",7
Jun 2017,170,Tricia Williams 2 inc,"143,353",7
Jun 2017,171,Sandra Wells inc,"994,323",48
Jun 2017,171,David Holmes 4 inc,"859,652",41
Jun 2017,171,Sarah Palmieri inc,"796,603",38
Jun 2017,171,Bryan Harris 4 inc,"653,069",33
Jun 2017,171,Sabra Underdown inc,"479,817",25
Jun 2017,172,Jennie Gibbs inc,"633,198",33
Jun 2017,172,Tommy Mcfarland inc,"542,643",29
Jun 2017,172,Vernon Gross 2 inc,"351,633",21
Jun 2017,172,Thomas Howard 3 inc,"330,434",16
Jun 2017,172,Bobby Schaff inc,"289,901",14
Jun 2017,173,Robert Doyle 3 inc,"1,235,235",58
Jun 2017,173,Yolanda Panzarella inc,"765,346",39
Jun 2017,173,Gerald Buchanan 2 inc,"674,967",36
Jun 2017,173,Betty Mcelvaine inc,"529,925",24
Jun 2017,173,Raleigh Gracia inc,"526,090",30
Jun 2017,174,Cody Leonard inc,"891,150",46
Jun 2017,174,Andrea Claybrook inc,"599,033",30
Jun 2017,174,Nancy Mckeown inc,"555,965",27
Jun 2017,174,Karen Coffman inc,"334,892",16
Jun 2017,174,Debra Rose 2 inc,"323,020",17
Jun 2017,175,Judy Fujimoto inc,"452,071",25
Jun 2017,175,Karen Wallace 2 inc,"443,216",17
Jun 2017,175,Pauline Burdette inc,"266,597",14
Jun 2017,175,Eugene Santelli inc,"220,899",13
Jun 2017,175,Rebecca Kelly 2 inc,"218,619",12
Jun 2017,178,Maria Allen 4 inc,"310,510",13
Jun 2017,178,Fred Guinn inc,"121,967",6
Jun 2017,178,Lamont Miyashiro inc,"97,029",6
Jun 2017,178,Sandra Kimball inc,"82,135",4
Jun 2017,178,Peggie Gess inc,"66,062",3
Jun 2017,179,Michael Swirsky inc,"4,988,220",235
Jun 2017,179,Curtis Banks inc,"1,107,038",55
Jun 2017,179,Alan Poe inc,"1,063,012",53
Jun 2017,179,Gladys Castillo inc,"1,000,580",55
Jun 2017,179,Shawn Mulkey inc,"929,673",44
Jun 2017,180,Anna Harrison inc,"642,239",30
Jun 2017,180,Alexandra Green inc,"301,823",14
Jun 2017,180,Denise Sievers inc,"287,607",14
Jun 2017,180,Richard Spencer 2 inc,"188,517",12
Jun 2017,180,Eunice Primavera inc,"171,220",8
Jun 2017,181,Juan Walsh 2 inc,"1,324,850",65
Jun 2017,181,Gregg Verde inc,"584,905",29
Jun 2017,181,Edith Roll inc,"516,859",27
Jun 2017,181,Kathleen Gau inc,"387,573",19
Jun 2017,181,Brian Gonzales inc,"322,182",15
Jun 2017,182,Julia Cope inc,"556,817",25
Jun 2017,182,Misty Slaugh inc,"537,557",31
Jun 2017,182,Jason Lopez 2 inc,"473,805",21
Jun 2017,182,Mary Royce inc,"268,572",12
Jun 2017,182,Arthur Howell inc,"216,169",12
Jun 2017,183,Shanon Battle inc,"482,382",22
Jun 2017,183,John Otoole inc,"438,468",22
Jun 2017,183,William Munroe inc,"399,069",19
Jun 2017,183,Angela Jackson 5 inc,"289,332",13
Jun 2017,183,Francis Casey inc,"267,308",14
Jun 2017,184,Harold Ames inc,"805,758",36
Jun 2017,184,Christopher Waage inc,"351,464",17
Jun 2017,184,Cheryl Pike inc,"341,288",16
Jun 2017,184,Julie Hambrick inc,"239,139",11
Jun 2017,184,Lurline Clark inc,"226,157",11
Jun 2017,186,David Zapata inc,"294,358",16
Jun 2017,186,Larry Reid inc,"262,429",16
Jun 2017,186,George Caruthers inc,"236,274",10
Jun 2017,186,Christine Paulino inc,"224,496",13
Jun 2017,186,Cora Brown inc,"223,565",12
Jun 2017,187,Joseph Miles inc,"403,671",18
Jun 2017,187,Trudie Baker inc,"247,450",11
Jun 2017,187,Marvin Tucker 2 inc,"231,964",13
Jun 2017,187,Terence Harstad inc,"214,825",11
Jun 2017,187,Ronald Morgan inc,"202,588",10
Jun 2017,188,Thomas Thompson 9 inc,"818,446",37
Jun 2017,188,James Pittsley inc,"651,865",30
Jun 2017,188,Linda Alexander inc,"616,794",33
Jun 2017,188,Anne Grantham inc,"488,376",24
Jun 2017,188,Michael Ramos 4 inc,"356,477",16
Jun 2017,189,Andrew Eastman inc,"911,909",48
Jun 2017,189,Gertrude Espinosa inc,"825,698",41
Jun 2017,189,Diane Allen 2 inc,"738,407",34
Jun 2017,189,Christina Chamberlain inc,"660,537",34
Jun 2017,189,Esther Rodriguez 2 inc,"433,130",24
Jun 2017,190,Jay Hokanson inc,"377,885",16
Jun 2017,190,Denise Marquez 2 inc,"305,994",16
Jun 2017,190,Thomas Voyer inc,"257,937",12
Jun 2017,190,Linda Dallas inc,"193,593",9
Jun 2017,190,Isabell Schrag inc,"147,162",6
Jun 2017,191,Frank Lundborg inc,"479,910",23
Jun 2017,191,Phillip Lewis 3 inc,"351,539",16
Jun 2017,191,Ronda Rothhaupt inc,"340,582",17
Jun 2017,191,Patrick Heiden inc,"336,185",16
Jun 2017,191,Virginia Greer inc,"333,169",19
Jun 2017,193,Renate Snyder inc,"334,364",16
Jun 2017,193,Lisa Plummer inc,"328,369",16
Jun 2017,193,Donald Davis 9 inc,"300,457",13
Jun 2017,193,Adan Ellis inc,"283,659",14
Jun 2017,193,Dorothy Woods inc,"227,001",12
Jun 2017,194,Alison Magallanes inc,"431,788",24
Jun 2017,194,Sandra Patterson 2 inc,"319,900",16
Jun 2017,194,Irma Bales inc,"308,578",14
Jun 2017,194,Walter Washington 2 inc,"258,831",12
Jun 2017,194,Glenda Short inc,"192,378",10
Jun 2017,195,Kenneth Situ inc,"274,514",14
Jun 2017,195,Jackie Thomas inc,"242,536",10
Jun 2017,195,Casey Dawkins inc,"207,284",9
Jun 2017,195,Michael Hawkins 8 inc,"188,681",9
Jun 2017,195,Scott Williamson inc,"181,358",10
Jun 2017,197,Claudia Rodriguez inc,"597,554",29
Jun 2017,197,Lori Joseph inc,"284,196",18
Jun 2017,197,Ella Rose 2 inc,"266,145",12
Jun 2017,197,Lori Mize inc,"230,818",11
Jun 2017,197,Chad Tobar inc,"161,558",9
Jun 2017,198,Charles Fritter inc,"276,676",12
Jun 2017,198,Stacia Benavides inc,"192,317",12
Jun 2017,198,Nancy Foley inc,"178,667",10
Jun 2017,198,Sandra Cook 2 inc,"163,237",7
Jun 2017,198,Jose Emerson inc,"163,134",7
Jun 2017,199,Crystal Dwyer inc,"1,436,100",72
Jun 2017,199,Elbert Six inc,"1,112,204",52
Jun 2017,199,Roger Serrano inc,"1,018,479",44
Jun 2017,199,Daryl Taylor inc,"721,533",33
Jun 2017,199,Judy Evans 3 inc,"692,272",34
Jun 2017,200,Sandra Davenport inc,"2,457,933",120
Jun 2017,200,Teresa Ellis inc,"1,378,166",70
Jun 2017,200,Juan Sojka inc,"1,346,220",68
Jun 2017,200,Paul Cuchares inc,"1,307,871",61
Jun 2017,200,Gregory Matthews 3 inc,"1,108,123",51
Jun 2017,201,James Howell 7 inc,"670,444",32
Jun 2017,201,Dawn Jackson 4 inc,"279,606",12
Jun 2017,201,Patricia Cornish inc,"251,011",11
Jun 2017,201,Andrew Johnson 5 inc,"189,421",9
Jun 2017,201,Concepcion Kyle inc,"170,050",7
Jun 2017,203,Albert Cadwell inc,"632,976",29
Jun 2017,203,Wayne Bird inc,"291,683",13
Jun 2017,203,Jeffrey Berryman inc,"260,778",11
Jun 2017,203,Rebecca Clift inc,"193,186",9
Jun 2017,203,Lucile Lemen inc,"190,793",8
Jun 2017,204,Ruth Newark inc,"301,266",13
Jun 2017,204,Blanche Hall inc,"125,409",7
Jun 2017,204,Michelle Lilly inc,"107,678",5
Jun 2017,204,Chong Jennings inc,"90,167",3
Jun 2017,204,Josephina Taylor inc,"76,981",4
Jun 2017,205,Tyrone Dwaileebe inc,"365,327",15
Jun 2017,205,Todd Ogden inc,"91,893",4
Jun 2017,205,Kevin Cordoua inc,"77,689",4
Jun 2017,205,Roberto Szymanski inc,"71,993",3
Jun 2017,205,Julian Rangel inc,"67,076",4
Jun 2017,206,Ryan Gregg inc,"239,784",11
Jun 2017,206,Treva Padilla inc,"188,487",8
Jun 2017,206,Etta Mcdonald inc,"162,573",8
Jun 2017,206,Susan Klotz inc,"105,979",6
Jun 2017,206,Mary Roberts 6 inc,"94,205",4
Jun 2017,207,Clarence Griffin inc,"248,926",14
Jun 2017,207,Vincent Peterson 2 inc,"157,412",8
Jun 2017,207,Cheryl Ross inc,"140,408",8
Jun 2017,207,Steven Eddy inc,"123,624",7
Jun 2017,207,Andrew Hernandez 2 inc,"114,633",7
Jun 2017,208,Michael Abramson inc,"477,258",24
Jun 2017,208,Jason Ho inc,"204,169",10
Jun 2017,208,Dale Skalicky inc,"186,278",9
Jun 2017,208,Gail Costello inc,"156,921",8
Jun 2017,208,Adrian Pagliaro inc,"122,848",5
Jun 2017,209,Meaghan Saylor inc,"758,533",41
Jun 2017,209,Ma Rowlands inc,"752,176",38
Jun 2017,209,Tempie Guardado inc,"433,172",22
Jun 2017,209,Cathrine Guerrero inc,"400,162",18
Jun 2017,209,Edward Peterson 3 inc,"379,618",21
Jun 2017,210,Angela Parsons inc,"868,997",43
Jun 2017,210,Michael Mocher inc,"764,149",40
Jun 2017,210,Felipe Erickson inc,"728,669",38
Jun 2017,210,Jamie Remillard inc,"618,934",32
Jun 2017,210,Diana Brown inc,"547,845",26
Jun 2017,211,William Darden inc,"441,586",23
Jun 2017,211,Karen Beltz inc,"346,231",16
Jun 2017,211,Ryan Charles inc,"344,844",17
Jun 2017,211,Crystal Krumholz inc,"308,346",16
Jun 2017,211,Darryl Ellis inc,"293,576",15
Jun 2017,212,Donald Pimental inc,"4,708,526",234
Jun 2017,212,Rebecca Johnson 9 inc,"3,409,229",160
Jun 2017,212,Bernice Pratt inc,"2,550,068",134
Jun 2017,212,Anna Risher inc,"2,519,547",126
Jun 2017,212,Susan Williams 18 inc,"1,878,844",90
Jun 2017,213,Katherine Stickel inc,"1,888,805",96
Jun 2017,213,Chad Tobar inc,"1,597,962",76
Jun 2017,213,Elizabeth Thomas 10 inc,"1,578,322",88
Jun 2017,213,Ella Rose 2 inc,"1,349,306",64
Jun 2017,213,Steven Turner 3 inc,"1,263,589",59
Jun 2017,214,Daniel Steinbach inc,"298,762",16
Jun 2017,214,Rosendo Wallin inc,"264,712",14
Jun 2017,214,Christie Poole inc,"258,159",11
Jun 2017,214,Beatrice Thomas inc,"235,464",11
Jun 2017,214,Scott Debroux inc,"196,591",12
Jun 2017,215,Katherine Caldwell inc,"495,078",23
Jun 2017,215,Karen Romero 2 inc,"101,749",4
Jun 2017,215,David Mangrum inc,"87,853",4
Jun 2017,215,Aaron Becker inc,"73,827",3
Jun 2017,215,David Shannon inc,"63,452",3
Jun 2017,216,Helen Acosta inc,"404,028",21
Jun 2017,216,William Gibson 6 inc,"257,707",12
Jun 2017,216,Mary Donati inc,"244,598",11
Jun 2017,216,Claudia Henderson inc,"241,022",12
Jun 2017,216,Emma Dutton inc,"207,836",8
Jun 2017,218,Julianne Mchugh inc,"795,222",38
Jun 2017,218,Nina Humphreys inc,"422,867",20
Jun 2017,218,Nathaniel Buckley inc,"321,033",19
Jun 2017,218,Ronald Abbott 2 inc,"292,577",15
Jun 2017,218,Mildred Walton inc,"281,998",13
Jun 2017,219,Brian Page 2 inc,"537,649",25
Jun 2017,219,Wendy Strong inc,"503,788",27
Jun 2017,219,Donald Smith 19 inc,"460,569",26
Jun 2017,219,Mildred Keys 2 inc,"410,760",17
Jun 2017,219,Rodney Lichtenberg inc,"349,328",16
Jun 2017,220,Rose Smith 7 inc,"590,474",27
Jun 2017,220,Grace Gorman inc,"249,109",12
Jun 2017,220,Lee Daniels inc,"223,496",11
Jun 2017,220,Marvin Rivera 2 inc,"214,964",10
Jun 2017,220,James Jones 47 inc,"157,981",7
Jun 2017,221,Vanessa Yepsen inc,"195,783",8
Jun 2017,221,William Miller 23 inc,"104,073",4
Jun 2017,221,Gilberto Gross inc,"103,280",5
Jun 2017,221,Maximina Carroll inc,"81,562",3
Jun 2017,221,Rose Brewer 2 inc,"79,970",4
Jun 2017,222,Jonathon Morrison inc,"210,305",10
Jun 2017,222,Dennis Clancy inc,"162,513",7
Jun 2017,222,Jeanette Crooks inc,"123,285",6
Jun 2017,222,Melvin Hurt inc,"121,427",8
Jun 2017,222,Theresa Martin 3 inc,"115,195",6
Jun 2017,223,Judy Turner inc,"432,106",24
Jun 2017,223,Connie Thompson inc,"366,962",19
Jun 2017,223,Rachel Allman inc,"345,274",15
Jun 2017,223,Robert Gatson inc,"343,425",15
Jun 2017,223,Gracie Mcmorran inc,"327,547",15
Jun 2017,224,John Sutton 8 inc,"498,427",22
Jun 2017,224,Ronald Perkins 2 inc,"188,632",11
Jun 2017,224,Donald Stansel inc,"160,401",7
Jun 2017,224,Guillermo Wasson inc,"148,858",7
Jun 2017,224,Brandie Lane inc,"148,590",5
Jun 2017,226,John Rutherford 4 inc,"1,615,868",79
Jun 2017,226,Maggie Rosa inc,"787,904",41
Jun 2017,226,Jaime Marks inc,"757,375",34
Jun 2017,226,Joseph Dempsey inc,"584,754",28
Jun 2017,226,Princess White inc,"377,261",20
Jun 2017,227,Frank Mahler inc,"253,996",13
Jun 2017,227,Lucy Thompson 2 inc,"133,153",6
Jun 2017,227,James Holbrook inc,"103,171",5
Jun 2017,227,Brandon Morrison 2 inc,"90,017",3
Jun 2017,227,Roger Rio inc,"82,663",3
Jun 2017,228,Lynda Jackman inc,"171,994",9
Jun 2017,228,Gail Henderson inc,"134,534",7
Jun 2017,228,Jeanne Heard inc,"120,585",5
Jun 2017,228,Pablo Laboy inc,"119,690",6
Jun 2017,228,Deborah Dampeer inc,"108,628",5
Jun 2017,229,Amanda Robinson 2 inc,"380,940",18
Jun 2017,229,Christina Moralez inc,"294,262",15
Jun 2017,229,Cynthia Sanders 2 inc,"224,257",10
Jun 2017,229,Anton Greene inc,"219,380",10
Jun 2017,229,Roy Hann inc,"192,717",11
Jun 2017,230,Allison Burgess inc,"277,916",14
Jun 2017,230,Joseph Bass inc,"245,386",10
Jun 2017,230,John Rivera 9 inc,"219,039",12
Jun 2017,230,Mary Melendez 3 inc,"205,518",11
Jun 2017,230,Dominic Rosenthal inc,"180,146",9
Jun 2017,231,Gladys Perry inc,"977,217",47
Jun 2017,231,Florence Mitchell 2 inc,"899,177",44
Jun 2017,231,Joshua Berryhill inc,"864,733",42
Jun 2017,231,Edward Hebert 3 inc,"757,372",36
Jun 2017,231,Carly Zook inc,"720,779",33
Jun 2017,232,Whitney Delgado inc,"770,273",37
Jun 2017,232,James Carpenter 7 inc,"585,240",27
Jun 2017,232,Edith Webb inc,"570,578",26
Jun 2017,232,Truman Garcia inc,"564,971",27
Jun 2017,232,Adam Schey inc,"439,982",22
Jun 2017,233,Chad Tobar inc,"4,238,592",215
Jun 2017,233,Ella Rose 2 inc,"2,515,015",118
Jun 2017,233,John Mcneal 2 inc,"2,494,621",123
Jun 2017,233,Maria Meaker inc,"2,127,972",100
Jun 2017,233,Lori Joseph inc,"2,053,904",98
Jun 2017,234,Roslyn Lamb inc,"455,714",21
Jun 2017,234,Johnnie Elliott inc,"316,012",18
Jun 2017,234,Daniel Marshall 7 inc,"303,153",16
Jun 2017,234,Alice Dickerson inc,"275,673",16
Jun 2017,234,Jennifer Haynes inc,"251,706",14
Jun 2017,235,Myra Abron inc,"237,778",12
Jun 2017,235,Peter Adams 3 inc,"211,139",9
Jun 2017,235,David Morris 4 inc,"156,947",9
Jun 2017,235,Andrew Bullock inc,"102,500",5
Jun 2017,235,Dennis Campbell 2 inc,"98,657",5
Jun 2017,236,Nora Saenz inc,"157,162",7
Jun 2017,236,Christopher Henderson 2 inc,"137,441",8
Jun 2017,236,Nick Redenius inc,"122,988",6
Jun 2017,236,Mary Milliren inc,"116,563",6
Jun 2017,236,Jeremy Adams 3 inc,"115,243",5
Jun 2017,237,Julie Hughes inc,"171,033",11
Jun 2017,237,Bernice Batz inc,"145,985",6
Jun 2017,237,Craig Osborne inc,"112,795",5
Jun 2017,237,Terry Taylor 4 inc,"99,962",4
Jun 2017,237,Keith Feldman inc,"93,660",4
Jun 2017,238,Kenneth Kimbler inc,"895,424",51
Jun 2017,238,Greg Myers inc,"669,267",33
Jun 2017,238,Robin Forbes inc,"506,825",26
Jun 2017,238,Christopher Smith 19 inc,"461,048",21
Jun 2017,238,Eugene Roberts inc,"374,221",20
Jun 2017,239,Jackson Tallant inc,"440,304",19
Jun 2017,239,Leonard Parton inc,"311,648",17
Jun 2017,239,Rosa Daugherty inc,"260,136",11
Jun 2017,239,Bonnie Gresham inc,"224,511",11
Jun 2017,239,Ivelisse Cipriani inc,"212,688",13
Jun 2017,240,Jessica Baxter inc,"308,375",13
Jun 2017,240,Gloria Applin inc,"211,069",11
Jun 2017,240,Erick Porter inc,"174,482",7
Jun 2017,240,Victoria Brown 3 inc,"156,917",10
Jun 2017,240,Gerald Rivera 2 inc,"149,147",8
Jun 2017,242,Mae Davis 3 inc,"996,030",50
Jun 2017,242,Ada Cough inc,"757,355",36
Jun 2017,242,John Bordner inc,"755,639",37
Jun 2017,242,Estella Vidal inc,"495,106",23
Jun 2017,242,Beth Schafer inc,"326,191",15
Jun 2017,244,Vivian Cawthorne inc,"1,626,580",82
Jun 2017,244,Diane Robbins inc,"1,295,683",59
Jun 2017,244,James Funk 2 inc,"1,242,866",62
Jun 2017,244,Donald Bacon 2 inc,"1,057,757",52
Jun 2017,244,Pauline Hakes inc,"501,438",27
Jun 2017,245,Brenda Green 4 inc,"854,419",44
Jun 2017,245,Anton Wilder inc,"430,919",20
Jun 2017,245,Lindsey Abernethy inc,"402,684",20
Jun 2017,245,Bobby Bryce inc,"388,484",18
Jun 2017,245,James Brown 42 inc,"328,187",19
Jun 2017,246,Clarice Potts inc,"2,898,760",148
Jun 2017,246,Daniel Shawl inc,"1,373,222",69
Jun 2017,246,James Holliday inc,"1,372,072",73
Jun 2017,246,Marc Juckett inc,"1,368,669",64
Jun 2017,246,Naomi Wakefield inc,"1,212,205",65
Jun 2017,247,Alex Couzens inc,"1,192,822",58
Jun 2017,247,Jennifer Cunningham 2 inc,"761,561",37
Jun 2017,247,Frederick Uson inc,"745,449",41
Jun 2017,247,Mary Schultheis inc,"685,572",31
Jun 2017,247,Charles Doyle inc,"583,194",28
Jun 2017,248,George Wheeler 2 inc,"1,134,048",52
Jun 2017,248,Marie Vaughn inc,"968,443",48
Jun 2017,248,Marie Compton inc,"858,424",42
Jun 2017,248,Katherine Gonce inc,"790,690",38
Jun 2017,248,Dennis Kats inc,"742,818",33
Jun 2017,250,Patricia Hoang inc,"488,842",25
Jun 2017,250,Edward Campbell 2 inc,"455,156",26
Jun 2017,250,Catherine Ochs inc,"422,365",20
Jun 2017,250,Angela Mcnabb inc,"391,317",23
Jun 2017,250,David Meler inc,"369,333",17
Jun 2017,251,Rose Mincey inc,"1,454,191",72
Jun 2017,251,Lola Cramer inc,"1,232,291",53
Jun 2017,251,Ryan Harris 2 inc,"965,740",42
Jun 2017,251,Leticia Meyer inc,"825,037",40
Jun 2017,251,Charles Bendel inc,"764,411",36
Jun 2017,252,Dominick Newsom inc,"271,471",14
Jun 2017,252,Ilene Young inc,"237,723",13
Jun 2017,252,Jose Peabody inc,"152,256",8
Jun 2017,252,Felicia Pickle inc,"122,896",8
Jun 2017,252,Nathaniel Hendrix inc,"104,900",4
Jun 2017,253,Jesse Valazquez inc,"367,438",18
Jun 2017,253,Dillon Renshaw inc,"272,464",17
Jun 2017,253,Kathleen Pittman inc,"263,036",16
Jun 2017,253,Karen Fiene inc,"257,296",15
Jun 2017,253,Walter Hay inc,"236,832",10
Jun 2017,254,Michael Newsom inc,"303,470",17
Jun 2017,254,Cathi Jackson inc,"106,132",4
Jun 2017,254,Debra Mock inc,"101,442",4
Jun 2017,254,Paul Hazelton inc,"86,868",3
Jun 2017,254,Joseph Olson 2 inc,"84,457",3
Jun 2017,255,Sheryl Wilson inc,"427,229",19
Jun 2017,255,Harmony Mathis inc,"409,532",23
Jun 2017,255,Hazel Nett inc,"227,983",12
Jun 2017,255,Jeffrey Cawley inc,"219,511",12
Jun 2017,255,James Cantu 4 inc,"176,553",8
Jun 2017,256,Leigh Carr inc,"1,322,119",73
Jun 2017,256,Beatrice Graham inc,"526,695",23
Jun 2017,256,Juan Kong inc,"481,639",24
Jun 2017,256,Edward Jones 10 inc,"456,781",24
Jun 2017,256,Ryan Kyle inc,"310,780",16
Jun 2017,258,Stacie Lucas inc,"187,942",8
Jun 2017,258,Steven Johnson 10 inc,"178,121",9
Jun 2017,258,Lawrence Jugo inc,"98,121",4
Jun 2017,258,Derrick Johnson inc,"91,225",5
Jun 2017,258,Michelle Jones 13 inc,"72,240",5
Jun 2017,259,Gerald Mccullough inc,"866,625",41
Jun 2017,259,Allen Jackson 2 inc,"675,074",35
Jun 2017,259,Anthony Wheeler 2 inc,"646,530",29
Jun 2017,259,Adrienne Hill inc,"526,191",27
Jun 2017,259,Stephanie Reeves inc,"442,450",23
Jun 2017,260,William Young 10 inc,"579,068",29
Jun 2017,260,Ronald Betcher inc,"394,043",19
Jun 2017,260,Rick Burkett inc,"334,607",17
Jun 2017,260,Jordan Johnson inc,"331,946",19
Jun 2017,260,Carol Yow inc,"224,252",12
Jun 2017,261,Samuel Powell inc,"351,734",15
Jun 2017,261,Donald Lowe inc,"338,923",16
Jun 2017,261,Phillip Justice 2 inc,"334,437",16
Jun 2017,261,Renaldo Allen inc,"313,835",14
Jun 2017,261,Marie Koch inc,"252,764",12
Jun 2017,262,Raymond Sylvester inc,"395,256",17
Jun 2017,262,Lora Harrell inc,"273,597",12
Jun 2017,262,Joshua Finchum inc,"156,189",8
Jun 2017,262,Hazel Eyler inc,"118,308",6
Jun 2017,262,Kevin Wolfrum inc,"102,832",6
Jun 2017,263,Joan Miller 2 inc,"213,842",11
Jun 2017,263,Donnell Cotto inc,"130,507",8
Jun 2017,263,Marvin Soto inc,"61,081",2
Jun 2017,263,Nicholas Pearsall inc,"59,229",2
Jun 2017,263,David Millay 2 inc,"46,023",3
Jun 2017,264,Erika Legrand inc,"200,310",8
Jun 2017,264,Mary Hibbert inc,"167,722",7
Jun 2017,264,Judith Roth inc,"104,292",6
Jun 2017,264,Grace Cox inc,"103,740",6
Jun 2017,264,Henrietta Roberto inc,"99,045",4
Jun 2017,265,Matthew Jackson 3 inc,"499,915",22
Jun 2017,265,Brandon Beatty inc,"324,651",18
Jun 2017,265,John Mai inc,"289,140",14
Jun 2017,265,Michelle Dougherty inc,"280,910",16
Jun 2017,265,Emily Rathbone inc,"270,941",13
Jun 2017,266,Jerry Anderson 2 inc,"313,571",17
Jun 2017,266,Mary Horn inc,"178,990",8
Jun 2017,266,Joy Johnson inc,"162,240",7
Jun 2017,266,Michael Avila inc,"141,954",6
Jun 2017,266,Darryl Servin inc,"128,679",6
Jun 2017,267,Patricia Jackson 6 inc,"249,408",11
Jun 2017,267,Rebecca Pollard inc,"240,166",11
Jun 2017,267,Maurice Ehret inc,"201,608",9
Jun 2017,267,Shane Rivera inc,"163,308",8
Jun 2017,267,Genesis Barcia inc,"162,579",9
Jun 2017,268,Trudy Harris inc,"793,426",36
Jun 2017,268,Ernest Garner inc,"620,457",29
Jun 2017,268,Roy Mccoy inc,"445,165",21
Jun 2017,268,Sabine King inc,"443,544",23
Jun 2017,268,Timothy Lewis 8 inc,"403,107",19
Jun 2017,269,Heather Hopkins inc,"228,819",11
Jun 2017,269,Josephine Garrity inc,"163,119",10
Jun 2017,269,Mary Sanders 8 inc,"120,438",5
Jun 2017,269,James Oliver 6 inc,"110,307",5
Jun 2017,269,Warren Garcia inc,"95,371",4
Jun 2017,270,Patricia Smith 25 inc,"293,483",14
Jun 2017,270,David Park inc,"276,571",12
Jun 2017,270,Christine Montoro inc,"237,495",12
Jun 2017,270,Albert Hipp inc,"178,744",8
Jun 2017,270,Frances Beasley inc,"163,537",9
Jun 2017,271,Jame Perez inc,"752,522",37
Jun 2017,271,Sharon Mcdaniel inc,"750,545",38
Jun 2017,271,Jimmy Garcia 2 inc,"725,105",35
Jun 2017,271,Ann Morrell inc,"435,752",26
Jun 2017,271,Christopher Castro 2 inc,"426,992",23
Jun 2017,272,David Fitzpatrick inc,"913,084",43
Jun 2017,272,Mark Layne inc,"461,124",20
Jun 2017,272,Joseph Olson 3 inc,"454,036",25
Jun 2017,272,Gabriela Woods inc,"364,756",20
Jun 2017,272,Micheal Seymore inc,"290,830",16
Jun 2017,273,Eloise Montgomery inc,"51,106",2
Jun 2017,273,Martin Thomas inc,"29,070",1
Jun 2017,273,Ruth Signs inc,"21,954",1
Jun 2017,273,David Houchin inc,"19,677",1
Jun 2017,273,Constance Sparano inc,"17,979",1
Jun 2017,274,Doris Babcock inc,"2,644,451",126
Jun 2017,274,Sylvester Wetzel inc,"857,071",40
Jun 2017,274,Angela Barrett 2 inc,"795,175",40
Jun 2017,274,Austin Edmunds inc,"766,485",43
Jun 2017,274,Jane Bell inc,"625,665",33
Jun 2017,275,Ramona Blais inc,"226,326",10
Jun 2017,275,Orville Caporiccio inc,"208,605",11
Jun 2017,275,James Mcmilliam inc,"196,174",10
Jun 2017,275,Brittany Cohn inc,"192,723",9
Jun 2017,275,Frederick Mccammon inc,"179,742",10
Jun 2017,276,Steven Porter 2 inc,"657,744",32
Jun 2017,276,Odis Hampton inc,"650,114",33
Jun 2017,276,Vesta Jackson inc,"536,811",29
Jun 2017,276,Joey Johnson inc,"517,706",28
Jun 2017,276,Lynette Standridge inc,"361,726",17
Jun 2017,277,Jonathan Rollins inc,"3,559,234",186
Jun 2017,277,Daniel Phipps 2 inc,"2,361,836",129
Jun 2017,277,Tracie Dempsey inc,"2,140,317",112
Jun 2017,277,Amira Jefferson inc,"1,934,754",88
Jun 2017,277,Michelle Briscoe inc,"1,723,816",84
Jun 2017,278,David Fontaine inc,"1,167,115",59
Jun 2017,278,Sylvia Holler inc,"1,035,985",51
Jun 2017,278,Maria Davis 10 inc,"890,222",46
Jun 2017,278,Calvin Severy inc,"452,394",23
Jun 2017,278,David Smith 45 inc,"380,962",17
Jun 2017,279,Debra Williams 7 inc,"1,110,312",55
Jun 2017,279,George Williams 20 inc,"938,205",45
Jun 2017,279,Robert Hall 16 inc,"874,464",40
Jun 2017,279,Miguel Walt inc,"842,240",41
Jun 2017,279,Jocelyn Dixon inc,"838,296",42
Jun 2017,280,Clyde Garland inc,"1,855,637",92
Jun 2017,280,John Harris 25 inc,"683,372",33
Jun 2017,280,Vivian Howard inc,"518,157",25
Jun 2017,280,Matthew Horton 2 inc,"483,779",23
Jun 2017,280,Cynthia Morton inc,"452,190",20
Jun 2017,281,Charles Everett inc,"480,442",25
Jun 2017,281,Sandra Staples inc,"465,483",23
Jun 2017,281,Pierre Weiner inc,"386,985",21
Jun 2017,281,Christine Hernandez inc,"320,150",16
Jun 2017,281,Clayton Palmer inc,"293,635",13
Jun 2017,282,Devon Sanders inc,"1,048,094",51
Jun 2017,282,Jonathan Crumble inc,"963,054",51
Jun 2017,282,Fernando Williams inc,"488,467",22
Jun 2017,282,Bradley Meczywor inc,"479,856",22
Jun 2017,282,Robert Karst inc,"457,443",22
Jun 2017,283,Christopher Carter 3 inc,"1,796,865",86
Jun 2017,283,Marlin Stroud inc,"1,201,483",60
Jun 2017,283,Jennifer Moody inc,"1,007,887",48
Jun 2017,283,Sean Rohman inc,"955,346",44
Jun 2017,283,Mary Norton inc,"894,517",40
Jun 2017,285,Jefferey Smith inc,"213,472",11
Jun 2017,285,William Cade inc,"209,775",10
Jun 2017,285,Carolyn Hardy inc,"180,005",9
Jun 2017,285,Patricia Keith 2 inc,"153,379",9
Jun 2017,285,William Duby inc,"117,151",5
Jun 2017,286,Chris Heath inc,"3,846,603",190
Jun 2017,286,Kevin Hellman inc,"2,506,894",118
Jun 2017,286,Rita Elias inc,"2,255,439",113
Jun 2017,286,Jasmin Morataya inc,"2,127,430",105
Jun 2017,286,Lisa Castillo 2 inc,"1,469,560",72
Jun 2017,287,Sherri Garrison inc,"649,260",32
Jun 2017,287,George Peebles inc,"199,268",10
Jun 2017,287,John Arlington inc,"167,547",8
Jun 2017,287,Adrianna Smith inc,"165,206",8
Jun 2017,287,Wm Evans inc,"156,390",7
Jun 2017,288,Wallace Bennett inc,"679,635",34
Jun 2017,288,Michael Morgan 3 inc,"654,814",35
Jun 2017,288,Steve Crofton inc,"571,011",26
Jun 2017,288,Lynn Brown 6 inc,"498,932",22
Jun 2017,288,Glenn Trevathan inc,"477,003",23
Jun 2017,289,Sherri Garrison inc,"1,727,736",78
Jun 2017,289,Willard Conditt inc,"1,293,446",64
Jun 2017,289,George Centeno inc,"854,594",41
Jun 2017,289,John Penn 2 inc,"848,556",42
Jun 2017,289,Elnora Cook inc,"823,666",39
Jun 2017,290,Timothy Oneill inc,"204,706",10
Jun 2017,290,Guadalupe Schoenfeld inc,"198,077",8
Jun 2017,290,Irene Blake inc,"122,828",6
Jun 2017,290,Mark Hall 3 inc,"115,835",5
Jun 2017,290,Shane Nelson inc,"113,448",6
Jun 2017,291,Cesar Hall inc,"2,686,896",137
Jun 2017,291,Elizabeth Gibbs inc,"1,018,195",50
Jun 2017,291,Efrain Webb inc,"978,647",52
Jun 2017,291,Chad Tobar inc,"915,678",42
Jun 2017,291,Mary Castillo 2 inc,"910,908",44
Jun 2017,292,Rebecca Kim 2 inc,"892,860",43
Jun 2017,292,Gilbert Lowell inc,"596,822",27
Jun 2017,292,Scott Uson inc,"380,596",18
Jun 2017,292,Brandon Manns inc,"284,374",12
Jun 2017,292,Edna Ramirez inc,"255,160",11
Jun 2017,293,Ruth Munger inc,"197,853",7
Jun 2017,293,Maria Morlan inc,"141,150",6
Jun 2017,293,Aileen Coons inc,"136,365",6
Jun 2017,293,Mary Aguilar 3 inc,"120,844",5
Jun 2017,293,Donna Brown 7 inc,"105,741",4
Jun 2017,294,Stephanie Cheatham inc,"265,747",12
Jun 2017,294,Keith Thomas 2 inc,"223,332",12
Jun 2017,294,Mathew Vogus inc,"208,985",10
Jun 2017,294,Larry Doerr inc,"203,559",9
Jun 2017,294,Lloyd Collier inc,"193,529",10
Jun 2017,295,Darren Brewer inc,"469,302",25
Jun 2017,295,John Banks 4 inc,"364,975",15
Jun 2017,295,Terry Taylor 5 inc,"320,816",12
Jun 2017,295,Annie Camacho inc,"316,726",15
Jun 2017,295,William Harrington 3 inc,"304,740",17
Jun 2017,296,Harold Knopp inc,"602,604",31
Jun 2017,296,Laura Carter inc,"598,161",28
Jun 2017,296,Randall Howard inc,"469,296",23
Jun 2017,296,Larry Mcmanus inc,"421,384",24
Jun 2017,296,Dale Crowder inc,"418,342",18
Jun 2017,297,Crystal Marquez inc,"529,197",25
Jun 2017,297,Amelia Ray inc,"434,546",22
Jun 2017,297,David Parsons 3 inc,"418,278",20
Jun 2017,297,Arlyne Smith inc,"378,229",21
Jun 2017,297,Reginald Rome inc,"361,059",18
Jun 2017,298,Marisa Corbin inc,"296,824",14
Jun 2017,298,Ella Rose 2 inc,"194,082",10
Jun 2017,298,Donna Canfield inc,"169,379",8
Jun 2017,298,Guadalupe Blank inc,"145,942",7
Jun 2017,298,Lori Joseph inc,"106,506",6
Jun 2017,299,Gary Hayes inc,"353,844",17
Jun 2017,299,Mildred Tilman inc,"286,240",14
Jun 2017,299,Jeff Padron inc,"240,466",11
Jun 2017,299,Flora Davis inc,"211,693",11
Jun 2017,299,Michelle Thomas 6 inc,"199,099",9
Jun 2017,300,Eddie Coyle 2 inc,"714,826",32
Jun 2017,300,Rene Roberts 2 inc,"589,930",27
Jun 2017,300,Ruben Frantz inc,"575,222",32
Jun 2017,300,Kyle Sterling inc,"476,451",23
Jun 2017,300,Lorene Johnson 3 inc,"445,590",19
Jun 2017,301,Joyce Perry inc,"370,971",19
Jun 2017,301,Roy Cosby inc,"315,004",13
Jun 2017,301,John Hammond 2 inc,"269,878",12
Jun 2017,301,Gabrielle Caudel inc,"218,885",13
Jun 2017,301,Brian Ranney inc,"179,761",10
Jun 2017,302,Colin Canelo inc,"979,988",51
Jun 2017,302,Albert Smith 10 inc,"853,551",42
Jun 2017,302,Thomas Crouchet inc,"646,292",32
Jun 2017,302,Linnie Millar inc,"590,314",27
Jun 2017,302,Emma Walters inc,"571,599",29
Jun 2017,303,Marvin Peterman inc,"478,509",24
Jun 2017,303,Bessie Fulmer inc,"322,745",14
Jun 2017,303,Christine Hill 3 inc,"299,048",14
Jun 2017,303,Peter Nelson 4 inc,"218,662",10
Jun 2017,303,Joanne Baran inc,"178,168",11
Jun 2017,304,Douglas Mackin inc,"423,116",19
Jun 2017,304,Jill Costa inc,"418,180",21
Jun 2017,304,Cordelia Rice inc,"364,237",18
Jun 2017,304,Annie Coffman inc,"353,894",16
Jun 2017,304,Paul Clemmer inc,"222,869",14
Jun 2017,306,Shannon Depuy inc,"211,641",10
Jun 2017,306,Maurice Robertson inc,"173,566",9
Jun 2017,306,Timothy Sepulveda inc,"141,088",7
Jun 2017,306,Ruby Armstead inc,"106,409",5
Jun 2017,306,Henry Rosales inc,"104,094",6
Jun 2017,307,John Kluender inc,"455,913",21
Jun 2017,307,Allie Lynch inc,"194,681",11
Jun 2017,307,Gordon Platt inc,"158,820",8
Jun 2017,307,Coy Baggett inc,"141,173",7
Jun 2017,307,Gerald Leuthauser inc,"128,209",5
Jun 2017,308,Reed Williams inc,"727,378",34
Jun 2017,308,Roy Lavine inc,"618,116",39
Jun 2017,308,Fannie Baltimore inc,"603,615",35
Jun 2017,308,Alicia Roberts inc,"461,967",23
Jun 2017,308,Frances Fritz inc,"393,540",20
Jun 2017,309,Patricia Jackson 7 inc,"238,571",13
Jun 2017,309,Timothy Dukes inc,"212,471",11
Jun 2017,309,Carolyn Tooley inc,"198,613",8
Jun 2017,309,Christopher Frazier 2 inc,"166,539",7
Jun 2017,309,Paul Owens inc,"162,687",10
Jun 2017,310,Briana Powell inc,"274,264",13
Jun 2017,310,Maria Black 2 inc,"253,536",14
Jun 2017,310,Barbara Thomas 9 inc,"248,662",11
Jun 2017,310,Kathryn Matos inc,"208,111",10
Jun 2017,310,Kathy Sain inc,"167,180",8
Jun 2017,311,Janet Baker 2 inc,"342,311",16
Jun 2017,311,Carole West inc,"290,822",12
Jun 2017,311,Roger Freitas inc,"265,665",11
Jun 2017,311,Michael Dunlop inc,"248,565",12
Jun 2017,311,Harold Egerton inc,"232,104",12
Jun 2017,312,Tony Butler inc,"363,417",19
Jun 2017,312,Tawana Louie inc,"261,435",12
Jun 2017,312,Joann Net inc,"235,698",10
Jun 2017,312,Virginia Long inc,"192,333",9
Jun 2017,312,Rebecca Solis inc,"182,731",9
Jun 2017,313,Danny Lupien inc,"440,558",22
Jun 2017,313,Catherine Hogan inc,"226,751",12
Jun 2017,313,Raymond Kuhl inc,"174,798",8
Jun 2017,313,Stanley Adair inc,"139,162",7
Jun 2017,313,Jennifer Ginsberg 2 inc,"123,288",6
Jun 2017,314,Charles Dallas inc,"1,250,561",60
Jun 2017,314,Jeffery Aguilar 2 inc,"830,715",42
Jun 2017,314,Erna Dahlgren inc,"753,040",41
Jun 2017,314,Lloyd Brink inc,"751,624",38
Jun 2017,314,Carl Black inc,"724,974",37
Jun 2017,315,Brenda Myers inc,"106,776",5
Jun 2017,315,William Howlin inc,"105,412",4
Jun 2017,315,Evelyn Leis inc,"77,619",3
Jun 2017,315,Lester Marcum inc,"76,928",4
Jun 2017,315,Donald Bacon 2 inc,"58,837",3
Jun 2017,316,Larry Barrett inc,"35,283",1
Jun 2017,318,Jose Penn inc,"430,824",20
Jun 2017,318,John Young 16 inc,"331,295",16
Jun 2017,318,Valerie Hutchinson inc,"314,903",16
Jun 2017,318,Ryan Malina inc,"280,875",14
Jun 2017,318,David Mclauglin inc,"277,011",14
Jun 2017,319,Thomas Then inc,"86,273",4
Jun 2017,319,Rebecca Bartolini inc,"48,826",3
Jun 2017,319,Donald Hart inc,"40,328",2
Jun 2017,319,John Carrousal inc,"38,696",3
Jun 2017,319,Charlotte Lovell 2 inc,"34,886",2
Jun 2017,320,Tom Benavidez inc,"2,728,426",135
Jun 2017,320,Arthur Dove inc,"749,399",35
Jun 2017,320,Janice Whiteman inc,"732,365",34
Jun 2017,320,Edwin Riley inc,"699,107",37
Jun 2017,320,Rebecca Harrold inc,"440,025",21
Jun 2017,321,Alice Tran 2 inc,"206,100",11
Jun 2017,321,John Longoria inc,"193,219",9
Jun 2017,321,Mark Awalt inc,"181,999",9
Jun 2017,321,Paul Olsen inc,"150,890",6
Jun 2017,321,Rita Sanford inc,"127,432",6
Jun 2017,322,Quinton Elizarraras inc,"1,958,740",89
Jun 2017,322,Andrea Hartman inc,"1,496,193",77
Jun 2017,322,Allen Poulton inc,"1,251,621",67
Jun 2017,322,Dana Anderson inc,"953,468",47
Jun 2017,322,Kristin Garrett inc,"809,791",39
Jun 2017,323,Ruben Lopez inc,"1,087,403",55
Jun 2017,323,Michael Wheeler 8 inc,"498,579",25
Jun 2017,323,Willie Hudson inc,"267,173",13
Jun 2017,323,Kathleen Holmes inc,"250,048",12
Jun 2017,323,Jose Handy inc,"232,375",13
Jun 2017,325,Dennis Terrance inc,"822,839",38
Jun 2017,325,Christopher Pinneo inc,"672,638",32
Jun 2017,325,Francine Legions inc,"488,951",20
Jun 2017,325,Craig Rehm inc,"382,822",19
Jun 2017,325,Ana Reaves inc,"258,168",15
Jun 2017,326,Nancy Hill 5 inc,"244,989",12
Jun 2017,326,Cecil Confer inc,"173,377",8
Jun 2017,326,Richard Markle inc,"127,248",7
Jun 2017,326,Irma Fredericks inc,"119,670",6
Jun 2017,326,Willie Hoffman inc,"107,729",5
Jun 2017,327,Marla Hadfield inc,"112,605",6
Jun 2017,327,Christina Baylon inc,"111,619",6
Jun 2017,327,Margaret Greely inc,"111,229",5
Jun 2017,327,Bruce Long 2 inc,"110,467",4
Jun 2017,327,Winona Ellis inc,"95,805",4
Jun 2017,328,William Darling inc,"684,580",35
Jun 2017,328,Wendy Donnelly inc,"294,849",16
Jun 2017,328,Matthew Seldon inc,"201,196",11
Jun 2017,328,Bernadette Padron inc,"199,335",9
Jun 2017,328,Jo Davis inc,"153,791",7
Jun 2017,329,Kristen Woods inc,"561,810",28
Jun 2017,329,Robert Olson 4 inc,"483,915",22
Jun 2017,329,Shirley Ball inc,"445,265",19
Jun 2017,329,Stephanie Bagaoisan inc,"372,278",20
Jun 2017,329,Jose Brice inc,"319,626",17
Jun 2017,330,Sandra Buckner inc,"273,611",13
Jun 2017,330,Lois Miller 2 inc,"220,577",10
Jun 2017,330,Kathy Faust inc,"213,192",10
Jun 2017,330,Karen Pate inc,"206,695",10
Jun 2017,330,Hugh Gale inc,"204,472",9
Jun 2017,331,Antoine Alexander inc,"8,187,708",404
Jun 2017,331,Valerie Martin 2 inc,"7,601,393",371
Jun 2017,331,Jean Jolley inc,"5,430,404",271
Jun 2017,331,Ryan Stephens 2 inc,"4,716,647",230
Jun 2017,331,Georgine Heard inc,"3,350,691",173
Jun 2017,333,Teresa Begley inc,"4,461,730",210
Jun 2017,333,Joseph Proctor inc,"3,967,223",200
Jun 2017,333,Vincent Peterson 2 inc,"2,434,845",116
Jun 2017,333,Clarence Griffin inc,"1,975,519",96
Jun 2017,333,Andrew Hernandez 2 inc,"1,689,470",87
Jun 2017,334,Brianna Derrick inc,"1,049,664",56
Jun 2017,334,Sue Sexton inc,"764,772",36
Jun 2017,334,Warren Clark 2 inc,"681,953",33
Jun 2017,334,Mary Siegel inc,"658,360",35
Jun 2017,334,Kimberly Gibbs inc,"624,263",32
Jun 2017,335,Catherine Tanner inc,"169,373",11
Jun 2017,335,William Howland inc,"159,058",8
Jun 2017,335,Yolanda Jones 3 inc,"157,226",6
Jun 2017,335,Jennifer Fleming 3 inc,"151,888",7
Jun 2017,335,Dion Cantu inc,"144,800",8
Jun 2017,336,Katherine Kirschner inc,"240,858",10
Jun 2017,336,Juan Samaniego inc,"98,184",4
Jun 2017,336,Ronald Lopez 4 inc,"92,558",5
Jun 2017,336,Jack Turner inc,"92,445",4
Jun 2017,336,Stephanie Kirtley inc,"69,066",4
Jun 2017,337,Karen Lee 2 inc,"626,249",29
Jun 2017,337,Anthony Everett inc,"252,820",11
Jun 2017,337,Timothy Robins inc,"250,232",12
Jun 2017,337,Mary Ruggiero inc,"238,574",12
Jun 2017,337,Ora Jones inc,"227,297",11
Jun 2017,338,Brian Williams 8 inc,"342,322",15
Jun 2017,338,Lucas Carmona inc,"290,304",17
Jun 2017,338,Lon Larson inc,"251,884",15
Jun 2017,338,Thelma Smith 3 inc,"163,339",8
Jun 2017,338,Russell Sexton inc,"149,376",7
Jun 2017,339,Gertrudis Stamps inc,"680,953",34
Jun 2017,339,Christopher Greer inc,"534,211",27
Jun 2017,339,James Moss 3 inc,"453,442",24
Jun 2017,339,Kathy Paul inc,"427,429",21
Jun 2017,339,Marie Reynolds 4 inc,"408,887",19
Jun 2017,340,Terry Turpin 2 inc,"2,345,219",108
Jun 2017,340,Nancy Jamison 2 inc,"1,419,427",69
Jun 2017,340,Janet Johnson 3 inc,"1,237,149",62
Jun 2017,340,Thelma Williams 3 inc,"990,162",51
Jun 2017,340,Katherine Rovero inc,"871,979",47
Jun 2017,341,Charles Francis 2 inc,"895,226",44
Jun 2017,341,Bonita Lemons inc,"341,815",16
Jun 2017,341,Daniel Huff inc,"274,999",13
Jun 2017,341,David Kellam inc,"269,213",12
Jun 2017,341,Joan Cuevas inc,"257,049",12
Jun 2017,342,William Roney inc,"822,726",44
Jun 2017,342,Gordon Burdock inc,"260,729",12
Jun 2017,342,Vida Smith inc,"227,597",10
Jun 2017,342,Sandra Flanagan inc,"223,530",10
Jun 2017,342,Jo Earles inc,"200,355",11
Jun 2017,343,Joshua Reyna inc,"216,258",10
Jun 2017,343,Linda Young 6 inc,"179,452",8
Jun 2017,343,James Kinkelaar inc,"174,084",8
Jun 2017,343,Daphne Bickley inc,"133,180",7
Jun 2017,343,Michael Broadwater inc,"125,711",6
Jun 2017,344,Morris Grooms inc,"1,247,155",63
Jun 2017,344,Jerry Facer inc,"802,208",41
Jun 2017,344,Lawrence Young 4 inc,"742,263",34
Jun 2017,344,John Bigbee inc,"567,639",26
Jun 2017,344,David Vives inc,"467,367",24
Jun 2017,345,Susan Campbell inc,"287,747",12
Jun 2017,345,John Hyett inc,"145,308",5
Jun 2017,345,Patrick Nunn inc,"142,055",8
Jun 2017,345,Bobby Madsen inc,"121,406",6
Jun 2017,345,Frances Torres inc,"120,497",8
Jun 2017,347,Edna Ledesma inc,"1,048,349",57
Jun 2017,347,Christopher Jackson 5 inc,"715,655",40
Jun 2017,347,James Carlson 5 inc,"636,012",28
Jun 2017,347,Erma Milligan inc,"481,681",22
Jun 2017,347,Shirley Lawrence 2 inc,"462,334",21
Mar 2017,1,Cesar Hall inc,"63,217,698","3,135"
Mar 2017,1,Kathie Sughrue inc,"43,424,572","2,148"
Mar 2017,1,Mary Gray 7 inc,"34,274,295","1,733"
Mar 2017,1,Steven Russell inc,"22,055,766","1,107"
Mar 2017,1,Maxine Flores inc,"20,229,049","1,020"
Mar 2017,2,William Urena inc,"260,744",12
Mar 2017,2,Robert Mcguffin inc,"200,799",8
Mar 2017,2,Shana Platt inc,"186,408",10
Mar 2017,2,Mark Cipolla inc,"183,954",10
Mar 2017,2,Cody Miller inc,"180,378",8
Mar 2017,3,Rhonda Cunningham inc,"628,207",30
Mar 2017,3,Robert Harrison 7 inc,"412,335",21
Mar 2017,3,Dennis Mcmillan inc,"352,190",19
Mar 2017,3,Henry Hutson inc,"326,314",16
Mar 2017,3,Karen Roane inc,"239,549",13
Mar 2017,4,Louise Cole 2 inc,"2,408,998",132
Mar 2017,4,Juan Niemi inc,"2,084,511",104
Mar 2017,4,Carolyn Smith 8 inc,"1,802,476",101
Mar 2017,4,Enriqueta Barbour inc,"1,568,549",81
Mar 2017,4,Nathaniel Stewart inc,"1,485,154",79
Mar 2017,6,Terrell Dueno inc,"380,029",15
Mar 2017,6,Ross Underhill inc,"306,562",14
Mar 2017,6,Pedro Hill 2 inc,"270,840",13
Mar 2017,6,Santos Brown inc,"209,614",10
Mar 2017,6,Guillermo Angelilli inc,"192,806",8
Mar 2017,7,Sheila Bissonnette inc,"403,198",20
Mar 2017,7,Don Lenz inc,"276,002",13
Mar 2017,7,Joe Powell inc,"273,155",14
Mar 2017,7,Lilly Johnson inc,"229,306",10
Mar 2017,7,Amanda Ohearn inc,"222,831",8
Mar 2017,8,Charlene Richter inc,"1,000,860",48
Mar 2017,8,Mike Sparks inc,"957,318",49
Mar 2017,8,Carlotta Schell inc,"904,986",47
Mar 2017,8,Larry Stegall 2 inc,"866,311",41
Mar 2017,8,Sandra Crocker inc,"848,468",38
Mar 2017,9,Rachael Oehler inc,"593,152",29
Mar 2017,9,Scott Brown 6 inc,"440,037",22
Mar 2017,9,Heather Mezzatesta inc,"283,857",13
Mar 2017,9,Barbara Bishop inc,"282,274",13
Mar 2017,9,Helen Rogers inc,"248,261",11
Mar 2017,10,Roger Murach inc,"709,940",32
Mar 2017,10,Iris Key inc,"529,523",24
Mar 2017,10,Socorro Stevens inc,"409,235",21
Mar 2017,10,Alexandra Easton inc,"382,343",17
Mar 2017,10,Kristin Victoria inc,"379,075",19
Mar 2017,11,Paula Crumb inc,"1,741,663",87
Mar 2017,11,Matthew Verhoeven inc,"1,221,646",61
Mar 2017,11,Linda Hogan 2 inc,"706,289",33
Mar 2017,11,Ruth Shambo inc,"626,536",29
Mar 2017,11,Kenneth Ramos inc,"626,198",32
Mar 2017,12,Joe Cleghorn inc,"1,037,857",52
Mar 2017,12,Emily Jiggetts inc,"822,724",38
Mar 2017,12,Delbert Sherlock inc,"817,608",38
Mar 2017,12,Robyn Douglas inc,"626,832",29
Mar 2017,12,John Christensen 2 inc,"625,302",28
Mar 2017,13,Carol Green inc,"487,146",24
Mar 2017,13,Ida Cox 2 inc,"354,977",14
Mar 2017,13,Louise Ennis inc,"338,133",15
Mar 2017,13,Robert Brown 41 inc,"308,118",14
Mar 2017,13,Cheryl White 2 inc,"269,003",11
Mar 2017,14,Cynthia Wood 2 inc,"1,256,384",57
Mar 2017,14,Stanley Summerville inc,"971,262",46
Mar 2017,14,Norma Rayfield inc,"626,793",29
Mar 2017,14,John Bielinski inc,"584,224",30
Mar 2017,14,James Mayoka inc,"553,072",27
Mar 2017,16,Cheryl Croom inc,"207,994",9
Mar 2017,16,Lewis Benn inc,"202,570",9
Mar 2017,16,Veronica Wroblewski inc,"192,668",9
Mar 2017,16,Willie Walker 4 inc,"170,159",8
Mar 2017,16,Angie Eason inc,"100,107",5
Mar 2017,17,Sharonda Jordan inc,"12,927,773",638
Mar 2017,17,Beatrice Pears inc,"10,534,741",517
Mar 2017,17,Nick Curtis inc,"7,790,659",386
Mar 2017,17,Samuel Scott 3 inc,"5,306,605",262
Mar 2017,17,Virgil Lemon inc,"4,997,447",238
Mar 2017,18,Ruth Fuentes inc,"572,912",29
Mar 2017,18,Richard Mahoney inc,"140,003",7
Mar 2017,18,Fred Sentell inc,"105,221",6
Mar 2017,18,Kenneth Patrick 2 inc,"102,108",6
Mar 2017,18,Alberto Critchfield inc,"101,670",5
Mar 2017,19,Lori Joseph inc,"11,866,816",592
Mar 2017,19,Ella Rose 2 inc,"11,322,647",567
Mar 2017,19,Chad Tobar inc,"10,112,513",492
Mar 2017,19,Tony Moore 3 inc,"6,622,786",324
Mar 2017,19,Zachary Mayle inc,"6,139,535",306
Mar 2017,20,Justin Ganser inc,"3,514,232",177
Mar 2017,20,Natasha Bucher inc,"1,933,303",95
Mar 2017,20,Sarah Harris 5 inc,"1,000,018",47
Mar 2017,20,Craig Miller 4 inc,"839,658",47
Mar 2017,20,Ann Lindsay inc,"816,895",37
Mar 2017,21,Jeffrey Starr inc,"1,024,510",48
Mar 2017,21,Thelma Cashen inc,"996,049",49
Mar 2017,21,Johnny Cobine inc,"865,274",43
Mar 2017,21,Katherine Brown 4 inc,"840,291",43
Mar 2017,21,John Boschert inc,"830,201",41
Mar 2017,22,Phyllis Allen 2 inc,"335,791",16
Mar 2017,22,Betty Hayes 2 inc,"239,918",14
Mar 2017,22,Allen Laban inc,"228,109",9
Mar 2017,22,Aileen Rivera inc,"204,524",8
Mar 2017,22,Cheryl Morgan inc,"166,820",8
Mar 2017,23,Joseph Bailey 2 inc,"465,507",23
Mar 2017,23,Ellen Tait inc,"347,592",18
Mar 2017,23,Stacey Sharon inc,"298,427",16
Mar 2017,23,Ernest Lohrenz inc,"297,540",14
Mar 2017,23,Bruce Smith 7 inc,"226,786",12
Mar 2017,24,Mariah Pugh inc,"814,073",40
Mar 2017,24,Francisco Hopper inc,"737,067",37
Mar 2017,24,Donald Sullivan 5 inc,"514,347",24
Mar 2017,24,Roger Lavalley inc,"503,138",22
Mar 2017,24,Cynthia Vargas 2 inc,"498,942",24
Mar 2017,25,Kathryn Carson inc,"3,567,879",178
Mar 2017,25,Kay Connolly inc,"3,523,318",172
Mar 2017,25,Rebecca Sales inc,"2,956,240",143
Mar 2017,25,Jeffrey Belcher 2 inc,"2,169,064",98
Mar 2017,25,Tyson Perez inc,"1,463,889",72
Mar 2017,26,Kristy Fonseca inc,"478,615",25
Mar 2017,26,Daniel Liefer inc,"207,476",10
Mar 2017,26,Jacob Khauv inc,"151,399",7
Mar 2017,26,Cesar Ross inc,"144,147",7
Mar 2017,26,Collin Russell inc,"103,723",7
Mar 2017,28,Lee Hodgkiss inc,"388,004",19
Mar 2017,28,Charles Simonson inc,"214,811",11
Mar 2017,28,Adam Richner inc,"213,246",10
Mar 2017,28,Jennifer Chadwell inc,"196,527",11
Mar 2017,28,Henry Anderson 4 inc,"189,145",9
Mar 2017,29,Kirsten Huse inc,"1,058,993",52
Mar 2017,29,Tarsha Chance inc,"499,548",22
Mar 2017,29,Raymond Plaza inc,"412,927",20
Mar 2017,29,Paul Gaska inc,"212,456",9
Mar 2017,29,Charles Harkless inc,"189,047",9
Mar 2017,30,Donald Ireland inc,"1,121,081",54
Mar 2017,30,Doris King 3 inc,"1,026,539",53
Mar 2017,30,Clarence Streater inc,"791,828",39
Mar 2017,30,Dennis Johnson 6 inc,"556,232",28
Mar 2017,30,Mary Lancaster 3 inc,"493,000",26
Mar 2017,32,Harriet Reeder inc,"177,471",8
Mar 2017,32,Arthur Smith 9 inc,"125,741",5
Mar 2017,32,Shanna Rice inc,"121,341",7
Mar 2017,32,Shelley Whitson inc,"105,119",6
Mar 2017,32,Adrian Rollin inc,"101,042",5
Mar 2017,33,Christina Stanton inc,"540,817",24
Mar 2017,33,Kathy Manders inc,"533,751",24
Mar 2017,33,Pearl Newport inc,"468,859",23
Mar 2017,33,Ronald Johnson 17 inc,"454,583",23
Mar 2017,33,Nicole Crowder inc,"453,279",23
Mar 2017,34,Kris Endicott inc,"786,109",41
Mar 2017,34,Nina Conn inc,"772,290",37
Mar 2017,34,Alysia Ceovantes inc,"676,830",34
Mar 2017,34,Danny Martinez inc,"539,629",27
Mar 2017,34,Mitchell Kalhorn inc,"465,727",24
Mar 2017,35,Bobby Ames inc,"281,671",13
Mar 2017,35,Pamela Spiro inc,"145,550",7
Mar 2017,35,Daniel Mills 2 inc,"145,076",7
Mar 2017,35,Lewis Wiley inc,"140,628",7
Mar 2017,35,Thomas Costello 2 inc,"121,667",5
Mar 2017,36,Esther Diaz inc,"793,548",44
Mar 2017,36,Ronald Jones 10 inc,"709,992",35
Mar 2017,36,Teresa Volk inc,"382,816",23
Mar 2017,36,Austin Lopez inc,"345,070",18
Mar 2017,36,Henrietta Cook inc,"307,818",17
Mar 2017,38,Douglas Mccullen inc,"304,290",15
Mar 2017,38,John Rishel inc,"207,003",9
Mar 2017,38,Richard Seanez inc,"164,269",8
Mar 2017,38,James Hernandez 13 inc,"152,299",6
Mar 2017,38,Kris Phelps inc,"151,325",7
Mar 2017,39,Patricia Marble inc,"365,922",20
Mar 2017,39,Jose Hightower inc,"227,209",9
Mar 2017,39,Jonathan Dalley inc,"196,591",10
Mar 2017,39,John Wolfram inc,"155,418",5
Mar 2017,39,James Angles inc,"154,308",8
Mar 2017,40,Karla Fernandez inc,"255,738",12
Mar 2017,40,Michael Rivas inc,"144,580",7
Mar 2017,40,Matthew Anderson 3 inc,"122,588",5
Mar 2017,40,Joanne Manning inc,"72,549",3
Mar 2017,40,Donald Glass inc,"69,337",3
Mar 2017,41,Joyce Mendez inc,"600,555",30
Mar 2017,41,Richard Bower inc,"281,716",13
Mar 2017,41,Annie Brownell inc,"275,399",13
Mar 2017,41,Stella Walker inc,"251,657",12
Mar 2017,41,Angela Peterson 3 inc,"243,340",13
Mar 2017,42,Louis Kahn inc,"712,484",34
Mar 2017,42,Carlene Phelps inc,"703,756",36
Mar 2017,42,Cynthia Northover inc,"391,673",17
Mar 2017,42,Gail Salvato inc,"366,929",17
Mar 2017,42,Annie Tack inc,"360,298",15
Mar 2017,44,Bart Carney inc,"274,448",13
Mar 2017,44,Jasmine Perez inc,"147,783",9
Mar 2017,44,Ashley Krupa inc,"138,654",7
Mar 2017,44,Margaret Robinson 7 inc,"128,709",6
Mar 2017,44,Marcos Ternullo inc,"108,263",6
Mar 2017,46,Asuncion Sandmeier inc,"370,883",22
Mar 2017,46,Josie Parrish inc,"321,774",14
Mar 2017,46,John Frank 5 inc,"246,818",12
Mar 2017,46,Paul Ross 3 inc,"202,401",10
Mar 2017,46,Andrew Jones 9 inc,"174,856",12
Mar 2017,47,Carlos Cook inc,"375,324",16
Mar 2017,47,Jeff Carr 2 inc,"228,840",12
Mar 2017,47,Marion Whitaker inc,"201,246",9
Mar 2017,47,Myrtle Hendrickson inc,"190,764",9
Mar 2017,47,Jessica Munoz 2 inc,"187,982",7
Mar 2017,48,Maria Bugg inc,"598,599",31
Mar 2017,48,Zelda Bozell inc,"498,275",26
Mar 2017,48,Bryan Vasquez inc,"449,619",22
Mar 2017,48,Stanley Cuevas inc,"429,286",18
Mar 2017,48,Laura Garroutte inc,"359,135",18
Mar 2017,49,Bernice Battles inc,"417,403",21
Mar 2017,49,Carole Lotton inc,"283,514",15
Mar 2017,49,Douglas Vaccaro inc,"243,090",12
Mar 2017,49,Robert Washington 6 inc,"130,300",5
Mar 2017,49,Joan Holmes 2 inc,"121,033",7
Mar 2017,51,Joshua Kuehnert inc,"1,222,889",60
Mar 2017,51,Irene Deschamps inc,"1,178,274",58
Mar 2017,51,Mary Mraz inc,"1,145,026",58
Mar 2017,51,Micheal Styles inc,"1,126,002",52
Mar 2017,51,Joanne Yannone inc,"1,017,482",52
Mar 2017,52,Arthur Noel inc,"470,340",24
Mar 2017,52,Kurt Sapp inc,"425,371",21
Mar 2017,52,Jean Biser inc,"332,402",15
Mar 2017,52,Ann Walser inc,"311,792",15
Mar 2017,52,David Young 7 inc,"280,512",13
Mar 2017,53,Cornelius Mattson inc,"3,389,271",165
Mar 2017,53,Keith Conley 3 inc,"2,549,931",128
Mar 2017,53,Robert Murdock inc,"1,676,316",79
Mar 2017,53,Cynthia Phelps inc,"1,540,176",75
Mar 2017,53,Ruth Benbow inc,"1,231,152",59
Mar 2017,54,Eloise Sorbo inc,"333,223",18
Mar 2017,54,Margaret Abelman inc,"139,904",6
Mar 2017,54,Barbara Brantly inc,"97,281",5
Mar 2017,54,Carol Martin 4 inc,"83,875",4
Mar 2017,54,Michael Floyd 4 inc,"80,614",4
Mar 2017,56,Gerald Miller 3 inc,"745,871",36
Mar 2017,56,Mary Varos inc,"623,979",29
Mar 2017,56,Scott Cornelius inc,"468,779",24
Mar 2017,56,Robert Ballard 4 inc,"415,878",19
Mar 2017,56,Christopher Jackson 5 inc,"400,092",18
Mar 2017,57,Jennifer Furr inc,"3,954,769",196
Mar 2017,57,Eddie Plunkett inc,"3,690,849",190
Mar 2017,57,Kenneth Huson inc,"2,850,820",144
Mar 2017,57,Rhonda Wheeler inc,"1,671,328",83
Mar 2017,57,Leila Oneil inc,"1,617,277",81
Mar 2017,58,Karen Brendal inc,"285,260",17
Mar 2017,58,Trevor Najera inc,"236,005",10
Mar 2017,58,Danelle Eichberger inc,"169,647",9
Mar 2017,58,Ricky Forker inc,"145,724",6
Mar 2017,58,Gregory Pollard inc,"134,892",6
Mar 2017,60,Lucas Ohara inc,"2,411,742",120
Mar 2017,60,Diane Perez 2 inc,"989,755",53
Mar 2017,60,David Peters inc,"953,345",47
Mar 2017,60,Virginia Correy inc,"942,157",46
Mar 2017,60,Kevin Deponte inc,"764,387",38
Mar 2017,61,Benjamin Elliott 3 inc,"407,093",20
Mar 2017,61,Audrey Thrash inc,"142,013",6
Mar 2017,61,Alvin Garrison inc,"108,048",5
Mar 2017,61,Roberto Adams inc,"88,325",4
Mar 2017,61,Susan Edwards inc,"77,265",3
Mar 2017,62,Rosemary Silva inc,"401,970",18
Mar 2017,62,Rita Mcreynolds inc,"377,843",22
Mar 2017,62,John Banks 5 inc,"371,207",18
Mar 2017,62,Richard William inc,"316,336",17
Mar 2017,62,Michael Jones 39 inc,"272,502",12
Mar 2017,63,Nestor Wright inc,"558,964",28
Mar 2017,63,Robert Boyette inc,"294,544",15
Mar 2017,63,Johnathan Oldham inc,"286,907",14
Mar 2017,63,Teresa Crutchfield inc,"281,044",12
Mar 2017,63,Jon Creasey inc,"223,734",12
Mar 2017,64,Edgar Johnson 3 inc,"604,571",29
Mar 2017,64,Matthew Cassem inc,"491,517",26
Mar 2017,64,Robert Smith 57 inc,"454,392",22
Mar 2017,64,Evelia Rexford inc,"422,683",19
Mar 2017,64,Essie Chapman inc,"406,012",18
Mar 2017,65,Richard Boehm inc,"155,714",8
Mar 2017,65,Emma Aikens inc,"132,863",7
Mar 2017,65,Melvina Regan inc,"108,539",5
Mar 2017,65,Alfred Mcbath inc,"103,046",5
Mar 2017,65,Rebecca Poling inc,"98,118",4
Mar 2017,66,Manuel Furlong inc,"926,686",47
Mar 2017,66,Derrick Phillips 2 inc,"547,711",26
Mar 2017,66,Joel Vermeesch inc,"448,140",19
Mar 2017,66,Alfred Taylor inc,"433,729",19
Mar 2017,66,Marie Serbus inc,"339,715",16
Mar 2017,68,Nola Bulow inc,"613,281",30
Mar 2017,68,Mary Franklin 4 inc,"348,771",15
Mar 2017,68,Jarvis Carrington inc,"299,749",16
Mar 2017,68,Ruby Hamilton inc,"212,771",9
Mar 2017,68,Clair Ziech inc,"186,022",7
Mar 2017,69,John Miller 7 inc,"143,313,278","7,156"
Mar 2017,69,Henry Barnhill inc,"49,810,329","2,498"
Mar 2017,69,June Gray inc,"32,593,436","1,595"
Mar 2017,69,Weston Hendon inc,"28,449,841","1,431"
Mar 2017,69,Pamela Glass 2 inc,"19,249,120",937
Mar 2017,70,Ileen Niss inc,"375,273",20
Mar 2017,70,Margie Dillard inc,"236,580",11
Mar 2017,70,Maxine Nolan inc,"144,287",7
Mar 2017,70,Lisa Gillen inc,"134,726",8
Mar 2017,70,Suk Appling inc,"129,870",7
Mar 2017,71,Anna Blumberg inc,"175,940",8
Mar 2017,71,Cindy Perry 2 inc,"117,229",5
Mar 2017,71,Thomas Whittle inc,"110,974",5
Mar 2017,71,Donald Lynch inc,"86,921",5
Mar 2017,71,Alan Peckenpaugh inc,"78,634",3
Mar 2017,73,Kathleen Lavole inc,"395,110",22
Mar 2017,73,Marilyn Conatser inc,"326,749",13
Mar 2017,73,Michael Wiand inc,"225,318",9
Mar 2017,73,Tracey Herz inc,"184,129",8
Mar 2017,73,Cynthia Burks inc,"183,116",8
Mar 2017,74,John Price 9 inc,"244,169",12
Mar 2017,74,Barbara Forney inc,"206,446",13
Mar 2017,74,Scott Blevins inc,"199,505",8
Mar 2017,74,Marion Carter 2 inc,"123,409",5
Mar 2017,74,Donna Talley 2 inc,"116,553",7
Mar 2017,75,William Gomez 5 inc,"560,362",28
Mar 2017,75,Everett Hertzler inc,"475,123",21
Mar 2017,75,Angel Raper inc,"240,524",11
Mar 2017,75,Kenneth Curtis inc,"234,483",10
Mar 2017,75,Daniel Rose inc,"209,833",9
Mar 2017,76,Bridget Kisner inc,"5,902,483",277
Mar 2017,76,Valerie Fitch inc,"1,956,156",102
Mar 2017,76,Karen Ohare inc,"1,924,244",103
Mar 2017,76,Carolyn Reeves 2 inc,"1,249,608",60
Mar 2017,76,Robert Capo inc,"1,245,017",65
Mar 2017,77,William Schwerdtfeger inc,"283,785",13
Mar 2017,77,David Alto inc,"283,170",13
Mar 2017,77,Lewis Abram inc,"187,962",8
Mar 2017,77,Edward Harris 5 inc,"86,597",3
Mar 2017,77,Kathy Johnson inc,"77,261",4
Mar 2017,78,James Nesbit 2 inc,"983,116",48
Mar 2017,78,Richard Hunsaker inc,"594,349",29
Mar 2017,78,Kenneth Mullen inc,"580,611",27
Mar 2017,78,Humberto Ruiz inc,"503,329",24
Mar 2017,78,Walter Vanderpool inc,"478,965",25
Mar 2017,79,Ronald Miller 5 inc,"739,393",35
Mar 2017,79,Stephen Krummel inc,"544,510",26
Mar 2017,79,Sabrina Arnold 2 inc,"393,332",18
Mar 2017,79,Richard Berry 2 inc,"288,135",15
Mar 2017,79,Esther Ellard inc,"250,924",13
Mar 2017,80,Eugene Pell inc,"243,842",11
Mar 2017,80,Lillian Bailey inc,"151,310",7
Mar 2017,80,Clara Leung 2 inc,"144,725",8
Mar 2017,80,Tiffany Levin inc,"111,853",5
Mar 2017,80,Bettye Olsen inc,"110,886",6
Mar 2017,81,Maria Heller inc,"210,365",10
Mar 2017,81,Debbie Wilkerson inc,"184,652",8
Mar 2017,81,William Silsby inc,"117,976",5
Mar 2017,81,Susan Mcleod 2 inc,"111,659",4
Mar 2017,81,Julie Schultz inc,"105,208",5
Mar 2017,82,Marie Husband inc,"307,110",15
Mar 2017,82,Allen Emmons inc,"276,536",15
Mar 2017,82,Robert Broyles 2 inc,"188,190",12
Mar 2017,82,Mary Rivera 6 inc,"178,731",9
Mar 2017,82,Peter Davis 2 inc,"160,217",6
Mar 2017,83,Chad Robinson 4 inc,"296,479",16
Mar 2017,83,Antonio Burdett inc,"279,294",12
Mar 2017,83,Rose Goldschmidt inc,"246,486",11
Mar 2017,83,Joyce Whitehead inc,"244,704",12
Mar 2017,83,Kenneth Hudson inc,"185,351",8
Mar 2017,84,Daniel Helmick inc,"240,139",11
Mar 2017,84,Michael Wingham inc,"143,796",7
Mar 2017,84,Nichole Wilson inc,"139,253",8
Mar 2017,84,Margaret Matheny inc,"112,485",4
Mar 2017,84,Luis Gettinger inc,"101,909",5
Mar 2017,85,Antonio Mcneill inc,"191,027",8
Mar 2017,85,Bobby Mills inc,"179,698",8
Mar 2017,85,Kathleen Hodgson inc,"177,725",8
Mar 2017,85,Bernard Nisbett inc,"161,013",7
Mar 2017,85,Matthew Fain inc,"124,011",5
Mar 2017,86,Jared Kirk inc,"407,607",24
Mar 2017,86,Diana Seide inc,"158,165",8
Mar 2017,86,Melvin Farrell inc,"130,801",6
Mar 2017,86,Douglas Word inc,"114,042",6
Mar 2017,86,Roxanne Conley inc,"92,277",4
Mar 2017,87,Tessie Jaramillo inc,"3,940,857",197
Mar 2017,87,Doug Moran inc,"3,659,481",180
Mar 2017,87,Joe Montgomery inc,"3,570,225",176
Mar 2017,87,Frank Garcia 2 inc,"3,528,832",186
Mar 2017,87,Betty Hunter 2 inc,"2,789,467",147
Mar 2017,88,Heather Ramberg inc,"8,265,989",420
Mar 2017,88,Ronald Hussein inc,"6,774,809",337
Mar 2017,88,Samantha Jackson inc,"6,023,485",304
Mar 2017,88,Deidre Bright inc,"6,017,222",303
Mar 2017,88,Scott Hildebrand inc,"5,257,669",258
Mar 2017,89,James Roderick inc,"113,913",7
Mar 2017,89,Carl Fonseca inc,"95,647",5
Mar 2017,89,Andrew Zuidema inc,"72,724",3
Mar 2017,89,Fidel Hernandez inc,"60,331",2
Mar 2017,89,George Hicks 2 inc,"56,452",3
Mar 2017,90,Brett Dejohn inc,"443,188",23
Mar 2017,90,Kevin Watkins 2 inc,"434,677",24
Mar 2017,90,Brian Moffatt inc,"409,010",20
Mar 2017,90,William Young 11 inc,"361,933",15
Mar 2017,90,Ernest Romero inc,"344,103",18
Mar 2017,91,Robert Rainville inc,"450,493",21
Mar 2017,91,Juana Bouchard inc,"375,163",21
Mar 2017,91,John Flowers 3 inc,"189,080",9
Mar 2017,91,Hyman Sison inc,"157,363",6
Mar 2017,91,Matthew Thomason inc,"141,482",9
Mar 2017,92,Charles Berg inc,"91,169",4
Mar 2017,92,Jennifer Pancoast inc,"67,637",3
Mar 2017,92,Gail Smith 3 inc,"60,154",3
Mar 2017,92,Sara Dossey inc,"41,126",2
Mar 2017,92,Joseph Ritz inc,"32,867",1
Mar 2017,94,Dora Dermody inc,"574,675",28
Mar 2017,94,Gene Sharp inc,"277,318",11
Mar 2017,94,Aida Oliver inc,"252,910",11
Mar 2017,94,Leslie Trull inc,"207,459",11
Mar 2017,94,Roger Mobley inc,"181,975",7
Mar 2017,96,Wendy Meyer inc,"771,701",37
Mar 2017,96,Lane Cross inc,"691,941",36
Mar 2017,96,Karen Holsten inc,"649,164",32
Mar 2017,96,Quinton Nelson inc,"587,287",31
Mar 2017,96,Joel Hayward inc,"536,518",27
Mar 2017,97,Richard Caskey inc,"764,892",38
Mar 2017,97,Beverly Lee inc,"750,227",36
Mar 2017,97,Joseph Burns 3 inc,"411,930",20
Mar 2017,97,Matthew Robles inc,"366,573",18
Mar 2017,97,David Lightfoot 2 inc,"327,721",14
Mar 2017,98,Dwight Alexander inc,"549,798",27
Mar 2017,98,Morris Denton inc,"466,957",22
Mar 2017,98,Marc Standard inc,"363,319",20
Mar 2017,98,Tara Miller inc,"345,484",18
Mar 2017,98,Bobby Rogers inc,"244,540",15
Mar 2017,100,Steven Epps inc,"370,232",20
Mar 2017,100,Leon Newell inc,"243,909",13
Mar 2017,100,Martin Sharum inc,"232,185",10
Mar 2017,100,Cheryl Tilley inc,"218,297",11
Mar 2017,100,Edward Moore 8 inc,"205,696",9
Mar 2017,101,Derek Davis 2 inc,"520,746",25
Mar 2017,101,Larry Faucher inc,"385,252",17
Mar 2017,101,Walter Villarreal 2 inc,"275,299",12
Mar 2017,101,Scott Delarosa inc,"265,656",14
Mar 2017,101,Lance Sanos inc,"241,598",12
Mar 2017,102,Barry Hart inc,"689,118",35
Mar 2017,102,Kimberly Luna inc,"284,182",13
Mar 2017,102,Wendell Morey inc,"246,555",10
Mar 2017,102,Horace Stewart inc,"227,670",11
Mar 2017,102,Mary Derby inc,"218,452",11
Mar 2017,103,Austin Talty inc,"292,686",15
Mar 2017,103,Rosemary Gough inc,"194,133",9
Mar 2017,103,Johnnie Carpentier inc,"152,558",7
Mar 2017,103,Jason Pescatore inc,"105,640",5
Mar 2017,103,Brandon Cerverizzo inc,"103,122",6
Mar 2017,104,Lillian Riffel inc,"238,209",12
Mar 2017,104,Laura Johnson 8 inc,"221,148",11
Mar 2017,104,Joseph Jacobs inc,"205,949",10
Mar 2017,104,James Thomas 20 inc,"182,766",10
Mar 2017,104,Heather Young inc,"172,893",7
Mar 2017,105,Eusebio Steese inc,"548,302",26
Mar 2017,105,Steve Haward inc,"445,629",20
Mar 2017,105,Robert Hartman inc,"292,375",13
Mar 2017,105,Gail Zastrow inc,"287,603",16
Mar 2017,105,Shawna Ward inc,"275,519",13
Mar 2017,106,Antonia Greenberg inc,"370,151",17
Mar 2017,106,Tamara Vasquez inc,"351,698",15
Mar 2017,106,Nancy Padilla inc,"246,350",11
Mar 2017,106,Marsha Cowan inc,"201,925",10
Mar 2017,106,Debbie Mitchell inc,"197,300",9
Mar 2017,107,Julius Kutz inc,"3,325,276",158
Mar 2017,107,Tim Crosby inc,"1,779,802",89
Mar 2017,107,Michael Truelove inc,"1,010,698",50
Mar 2017,107,Mary Duke 3 inc,"826,956",45
Mar 2017,107,Kimberly Subido inc,"690,887",33
Mar 2017,108,Suzanne Hammond inc,"294,003",15
Mar 2017,108,Lawrence Poindexter 2 inc,"162,151",8
Mar 2017,108,Jeannine Lockett inc,"114,971",6
Mar 2017,108,Cynthia Saechao inc,"108,524",5
Mar 2017,108,Opal Love inc,"108,059",4
Mar 2017,109,Lucille Knights inc,"1,034,315",47
Mar 2017,109,Jose Ortega inc,"683,186",39
Mar 2017,109,Maria Jobson inc,"327,965",15
Mar 2017,109,Leonard Beltran inc,"324,281",19
Mar 2017,109,Dorothy Park inc,"259,355",12
Mar 2017,110,Donna Gonzalez 4 inc,"2,391,549",126
Mar 2017,110,Mae Brown inc,"918,994",44
Mar 2017,110,Marvin Miller 2 inc,"841,233",36
Mar 2017,110,Connie Thompson 2 inc,"563,519",29
Mar 2017,110,Wanda Hill inc,"557,160",28
Mar 2017,111,David Kilpatrick inc,"396,128",18
Mar 2017,111,Robert Flores 6 inc,"385,356",17
Mar 2017,111,Robert Baker 9 inc,"342,947",18
Mar 2017,111,John Poremski inc,"307,979",14
Mar 2017,111,Janice Rogers inc,"276,483",13
Mar 2017,112,Tracy Mathews inc,"207,902",8
Mar 2017,112,Douglas Richner inc,"190,412",10
Mar 2017,112,Linda Black inc,"103,359",6
Mar 2017,112,Marcus Davis inc,"98,356",4
Mar 2017,112,Linda Feld inc,"88,518",4
Mar 2017,113,Rosalie Frizell inc,"207,132",11
Mar 2017,113,Edward Howell inc,"175,763",8
Mar 2017,113,Erika Slowe inc,"168,513",9
Mar 2017,113,Marlin Johnson inc,"165,576",9
Mar 2017,113,Ashley Schultz 3 inc,"160,410",7
Mar 2017,114,Kellie Aguilar inc,"272,183",14
Mar 2017,114,Joann Vidinha inc,"173,628",11
Mar 2017,114,Estella Bewick inc,"160,399",6
Mar 2017,114,Mildred Davidson inc,"140,945",7
Mar 2017,114,Joseph Kelley inc,"118,791",5
Mar 2017,115,John Campbell 11 inc,"565,547",27
Mar 2017,115,Johnny Ahmed inc,"241,964",12
Mar 2017,115,Virginia Grissom inc,"212,211",10
Mar 2017,115,Rick Reyes 2 inc,"167,193",9
Mar 2017,115,Gus Augustine inc,"163,487",9
Mar 2017,116,Mildred Leitheiser inc,"1,504,139",72
Mar 2017,116,Matthew Barnett 3 inc,"1,119,417",54
Mar 2017,116,Anthony Wangler inc,"1,036,440",47
Mar 2017,116,Harriet Fields inc,"789,250",38
Mar 2017,116,Chad Tobar inc,"761,990",44
Mar 2017,117,Theresa Martin 3 inc,"1,952,527",93
Mar 2017,117,Michael Farruggio inc,"1,944,216",90
Mar 2017,117,Dion Cantu inc,"1,635,989",80
Mar 2017,117,Catherine Tanner inc,"1,465,344",79
Mar 2017,117,Janet Hackney inc,"1,156,465",61
Mar 2017,118,Ashley Keith inc,"212,159",9
Mar 2017,118,Cristy Key inc,"171,387",7
Mar 2017,118,Werner Shepherd inc,"139,588",7
Mar 2017,118,Veronica Higdon inc,"124,043",5
Mar 2017,118,Helen Hannah inc,"81,417",3
Mar 2017,119,Michael Shade 2 inc,"326,550",12
Mar 2017,119,Betty Sanford inc,"257,691",15
Mar 2017,119,Jason Pappas inc,"229,987",11
Mar 2017,119,James David 2 inc,"227,550",12
Mar 2017,119,Lamar Gates inc,"227,187",11
Mar 2017,120,Sandra Summers inc,"295,179",13
Mar 2017,120,Denise Fowler 2 inc,"186,417",8
Mar 2017,120,Patricia Nebergall inc,"159,388",8
Mar 2017,120,Terrance Evans 2 inc,"141,610",6
Mar 2017,120,Timothy Blackman inc,"136,098",9
Mar 2017,122,Karen Holsten inc,"222,194",11
Mar 2017,122,Elaine Ternullo inc,"152,404",5
Mar 2017,122,Vanessa Estevez inc,"115,465",7
Mar 2017,122,Jordan Desalvo inc,"83,945",3
Mar 2017,122,Alice Green 2 inc,"81,666",7
Mar 2017,123,Katharine Mathews inc,"631,813",33
Mar 2017,123,Rita Barber inc,"486,124",24
Mar 2017,123,Alan Shannon inc,"349,722",20
Mar 2017,123,Gladys Wilson 2 inc,"260,499",13
Mar 2017,123,Gail Stern inc,"243,459",12
Mar 2017,124,Richard Blevins inc,"338,734",17
Mar 2017,124,Micheal Thompson inc,"315,784",17
Mar 2017,124,Queen Sawyer inc,"278,507",14
Mar 2017,124,Kara Cotner inc,"272,589",14
Mar 2017,124,Javier Smith 2 inc,"219,720",11
Mar 2017,125,Alex Purtell inc,"523,339",24
Mar 2017,125,Anthony Cain 2 inc,"439,288",25
Mar 2017,125,Brent Higgins inc,"432,563",22
Mar 2017,125,Heather Bayless inc,"406,336",22
Mar 2017,125,Virginia Maisey inc,"379,556",19
Mar 2017,126,Alice Freitag inc,"536,319",27
Mar 2017,126,Dorothy Tolman inc,"395,903",20
Mar 2017,126,Kristi Radford inc,"359,212",19
Mar 2017,126,Nicole Downs 2 inc,"327,259",17
Mar 2017,126,Virginia Scully inc,"305,210",14
Mar 2017,128,Richard Ward 7 inc,"306,912",16
Mar 2017,128,Eva Moffat inc,"232,531",13
Mar 2017,128,Lisa Macki inc,"211,630",8
Mar 2017,128,Robert Yodis inc,"201,900",10
Mar 2017,128,Virginia Harris inc,"183,958",8
Mar 2017,129,Sabrina Holley inc,"557,714",27
Mar 2017,129,Robert Dockery inc,"429,201",20
Mar 2017,129,Jackson Tweedy inc,"374,988",20
Mar 2017,129,Barbara Sasaki inc,"305,264",16
Mar 2017,129,Jacob Bolin inc,"200,553",12
Mar 2017,130,John Taylor 21 inc,"147,730",7
Mar 2017,130,Virginia Mustafa inc,"113,902",5
Mar 2017,130,Robert Tiller inc,"69,755",3
Mar 2017,130,Stephen Blanchard 2 inc,"63,729",3
Mar 2017,130,Horace Scianna inc,"56,431",2
Mar 2017,131,Christian Penn inc,"1,032,894",51
Mar 2017,131,Christen Harlow inc,"762,606",40
Mar 2017,131,Barry Sutherland inc,"534,469",33
Mar 2017,131,James Orrick inc,"527,080",25
Mar 2017,131,Bill Brainard inc,"520,693",27
Mar 2017,133,George Cecchini inc,"147,149",8
Mar 2017,133,Tyler Sharpe inc,"123,370",6
Mar 2017,133,Berry Aponte inc,"116,701",6
Mar 2017,133,Stephanie Obrien inc,"108,645",5
Mar 2017,133,Dean Noggle inc,"104,975",5
Mar 2017,135,Michael King 9 inc,"700,821",37
Mar 2017,135,Erik Tovar inc,"553,848",29
Mar 2017,135,Phillip Carlson inc,"411,307",22
Mar 2017,135,James Mccarty inc,"402,645",19
Mar 2017,135,Eula Fogg inc,"345,686",17
Mar 2017,136,Boyd Delosh inc,"611,829",34
Mar 2017,136,Justin Pellicone inc,"501,510",25
Mar 2017,136,John Marsaw inc,"431,066",21
Mar 2017,136,Don Kuboushek inc,"284,530",16
Mar 2017,136,Jennifer Brown 8 inc,"267,434",12
Mar 2017,137,Charles Cota inc,"7,263,463",346
Mar 2017,137,Liana Ramos inc,"6,886,509",359
Mar 2017,137,George Caporiccio inc,"6,578,848",329
Mar 2017,137,Rebecca Ross inc,"3,846,746",197
Mar 2017,137,Claudia Frazier inc,"2,908,721",146
Mar 2017,138,Barbara Brantly inc,"1,863,096",90
Mar 2017,138,Jessica Wilson inc,"1,335,974",65
Mar 2017,138,Ricardo Simpson inc,"1,167,682",54
Mar 2017,138,Elizabeth Pennington inc,"830,700",41
Mar 2017,138,Charlotte Lovell 2 inc,"742,310",36
Mar 2017,139,Irene Rutledge inc,"532,326",26
Mar 2017,139,Margie Alford inc,"358,236",18
Mar 2017,139,Jean Rogers 2 inc,"340,378",14
Mar 2017,139,Robert Horstman inc,"246,312",12
Mar 2017,139,Thomas Mahoney inc,"220,871",9
Mar 2017,140,Janet Mendiola inc,"2,936,877",145
Mar 2017,140,Robert Molina 2 inc,"1,364,723",62
Mar 2017,140,Chad Tobar inc,"1,125,956",51
Mar 2017,140,Eugene Lovelace inc,"947,107",44
Mar 2017,140,Lorraine Bittner inc,"944,273",48
Mar 2017,142,Manuel Lanehart inc,"380,443",18
Mar 2017,142,Bertha Albright inc,"129,992",6
Mar 2017,142,Steve Swartz inc,"125,782",6
Mar 2017,142,Dyan Davis inc,"116,737",5
Mar 2017,142,Ronald Breton inc,"116,127",7
Mar 2017,143,Scott Hepburn inc,"7,107,857",336
Mar 2017,143,Alan Eisenhower inc,"5,996,649",297
Mar 2017,143,Rose Garner inc,"4,991,642",240
Mar 2017,143,Rashida Hernandez inc,"4,068,467",205
Mar 2017,143,Marcus Stemp inc,"3,362,055",162
Mar 2017,144,Andres Knight inc,"405,550",19
Mar 2017,144,Kristofer Oquinn inc,"341,042",18
Mar 2017,144,Melvin Haro inc,"200,182",10
Mar 2017,144,Patricia Saucedo inc,"150,118",8
Mar 2017,144,Robert Mccain inc,"149,157",8
Mar 2017,145,Helen Brown 6 inc,"784,051",36
Mar 2017,145,Martin Long inc,"368,292",17
Mar 2017,145,Murray Perry inc,"352,473",19
Mar 2017,145,Courtney Eckert inc,"308,943",12
Mar 2017,145,Emmett Christian inc,"201,459",10
Mar 2017,146,Mary Kirby 2 inc,"419,227",21
Mar 2017,146,John Powell 7 inc,"404,523",19
Mar 2017,146,Sandra Kalkman inc,"348,542",18
Mar 2017,146,Donna Hewitt inc,"197,154",9
Mar 2017,146,Julie Davis 3 inc,"154,491",8
Mar 2017,147,Thomas Chipps inc,"652,475",34
Mar 2017,147,Richard Chavez 3 inc,"632,008",32
Mar 2017,147,Trevor Dean inc,"608,098",29
Mar 2017,147,Emma Laird inc,"574,615",27
Mar 2017,147,Rachel Kennedy 2 inc,"573,942",27
Mar 2017,148,Tricia Dozier inc,"610,502",35
Mar 2017,148,Christopher Mcdonald inc,"515,594",28
Mar 2017,148,Floyd Head inc,"322,271",17
Mar 2017,148,Nicolas Flaming inc,"280,180",13
Mar 2017,148,Trudy Scott inc,"205,237",9
Mar 2017,149,Alexandria Sarmiento inc,"5,136,659",255
Mar 2017,149,Kenneth Larson inc,"3,213,376",163
Mar 2017,149,Jerold Caldwell inc,"2,558,910",125
Mar 2017,149,Kelly Perez 2 inc,"2,047,925",100
Mar 2017,149,Lorraine Kennedy inc,"1,790,860",92
Mar 2017,150,Effie Mayfield inc,"543,988",30
Mar 2017,150,William Trotter inc,"302,118",13
Mar 2017,150,Deborah Stewart 3 inc,"279,304",14
Mar 2017,150,Michael Coster inc,"275,882",16
Mar 2017,150,Joe Joiner 2 inc,"203,441",11
Mar 2017,151,Cleo Shapiro inc,"203,033",7
Mar 2017,151,Orville Mcclellan inc,"201,457",9
Mar 2017,151,Shakita Jones inc,"199,391",10
Mar 2017,151,Kevin Weske inc,"169,371",7
Mar 2017,151,Susie Pritchett inc,"142,643",6
Mar 2017,153,Gary Neri inc,"280,199",14
Mar 2017,153,Martha Goldstein inc,"240,072",13
Mar 2017,153,Jimmy Scully inc,"225,712",13
Mar 2017,153,John Cade 2 inc,"164,910",11
Mar 2017,153,Terry Franz inc,"154,250",8
Mar 2017,155,Tracie Pennington inc,"708,558",31
Mar 2017,155,Anthony Cothran inc,"445,316",28
Mar 2017,155,Susie Wynn inc,"422,935",21
Mar 2017,155,Manuel Edwards inc,"395,789",18
Mar 2017,155,Andrew Doherty inc,"316,378",18
Mar 2017,156,Pamela Griffin inc,"763,634",35
Mar 2017,156,Bart Massey inc,"472,762",24
Mar 2017,156,Christopher Butts 2 inc,"470,396",22
Mar 2017,156,Bernice Haynesworth inc,"272,836",13
Mar 2017,156,Jose Sutton inc,"251,255",10
Mar 2017,157,Helen Burnsworth inc,"1,155,325",49
Mar 2017,157,Pearl Stone inc,"401,582",20
Mar 2017,157,Andrew Hilty inc,"301,882",15
Mar 2017,157,Robert Jenkins 7 inc,"287,710",14
Mar 2017,157,Loree Hansen inc,"272,617",14
Mar 2017,158,Dee Gallager inc,"11,970,581",603
Mar 2017,158,Darryl Revak inc,"11,519,302",589
Mar 2017,158,Robert Cruz 2 inc,"6,862,206",330
Mar 2017,158,Domingo Harper inc,"5,377,641",272
Mar 2017,158,Raymond Fetterhoff inc,"5,343,012",261
Mar 2017,159,Roy Coats inc,"1,307,776",63
Mar 2017,159,Lorenzo Hawkins inc,"702,790",35
Mar 2017,159,Monique Armstrong inc,"587,206",34
Mar 2017,159,Larry Stegall inc,"522,910",23
Mar 2017,159,Sean Groover inc,"422,402",22
Mar 2017,160,Richard Mccabe inc,"7,612,687",375
Mar 2017,160,Eliz Prater inc,"5,451,564",267
Mar 2017,160,Patricia Sharp 2 inc,"2,839,722",136
Mar 2017,160,Laurena Parks inc,"2,667,011",130
Mar 2017,160,Linda Pettus inc,"2,275,420",108
Mar 2017,161,Delbert Plater inc,"1,726,005",93
Mar 2017,161,Joyce Fletcher inc,"1,420,408",74
Mar 2017,161,Claire Mcclendon inc,"943,428",48
Mar 2017,161,William Boyle inc,"904,657",46
Mar 2017,161,Vita Bettes inc,"790,514",37
Mar 2017,162,Sanford Myers inc,"534,117",27
Mar 2017,162,Christopher Servais inc,"412,638",22
Mar 2017,162,Maureen Werre inc,"379,240",18
Mar 2017,162,Jennifer Rudio inc,"329,041",16
Mar 2017,162,Emelia Foulk inc,"309,388",15
Mar 2017,163,Dale Lotzer inc,"383,633",19
Mar 2017,163,Virginia Payne 2 inc,"286,333",13
Mar 2017,163,Linda Rogers 6 inc,"274,703",14
Mar 2017,163,Kathy Briggs inc,"272,610",13
Mar 2017,163,Patrick Davis 3 inc,"236,130",11
Mar 2017,165,Tyrone Malone inc,"415,722",18
Mar 2017,165,Michael Mabry inc,"337,658",13
Mar 2017,165,David Blackwell inc,"317,546",16
Mar 2017,165,Frank Vue inc,"196,962",8
Mar 2017,165,Katherine Mattox inc,"191,259",7
Mar 2017,166,Cheryl Boone inc,"355,617",15
Mar 2017,166,Opal Siegel inc,"169,670",8
Mar 2017,166,Ali Newsome inc,"147,419",6
Mar 2017,166,Stephen Johnson 9 inc,"129,753",6
Mar 2017,166,Michael Travis 3 inc,"125,817",6
Mar 2017,167,Betty Brown 9 inc,"559,649",30
Mar 2017,167,Allan Clark inc,"196,044",12
Mar 2017,167,Robert Labrum inc,"179,670",10
Mar 2017,167,Judith Korn inc,"163,931",8
Mar 2017,167,John Martinez 17 inc,"148,105",6
Mar 2017,168,Kristin Mcmurray inc,"618,292",28
Mar 2017,168,Richard James 5 inc,"497,089",27
Mar 2017,168,Mary Gallegos 2 inc,"461,749",23
Mar 2017,168,David Reyes 2 inc,"454,226",22
Mar 2017,168,Lucy Thomas 2 inc,"431,895",20
Mar 2017,169,Helen Mckean inc,"1,260,895",61
Mar 2017,169,Tom Judge inc,"1,042,476",46
Mar 2017,169,Larry Frias inc,"929,603",50
Mar 2017,169,Son Abraham inc,"836,113",39
Mar 2017,169,Barbara Enfinger inc,"811,136",36
Mar 2017,170,Thelma Metayer inc,"293,921",16
Mar 2017,170,Mamie James inc,"237,836",13
Mar 2017,170,Julia Childress inc,"204,072",10
Mar 2017,170,Reyes Milford inc,"202,965",10
Mar 2017,170,Tricia Williams 2 inc,"141,401",8
Mar 2017,171,Sandra Wells inc,"1,191,761",62
Mar 2017,171,Sarah Palmieri inc,"728,103",35
Mar 2017,171,David Holmes 4 inc,"687,776",32
Mar 2017,171,Bryan Harris 4 inc,"565,384",26
Mar 2017,171,Leanora Marshall inc,"462,836",18
Mar 2017,172,Jennie Gibbs inc,"530,652",25
Mar 2017,172,Blake Varrone inc,"422,644",18
Mar 2017,172,Emily Hill 2 inc,"338,772",16
Mar 2017,172,Michael Wilkowitz inc,"251,465",12
Mar 2017,172,Thomas Howard 3 inc,"243,607",11
Mar 2017,173,Robert Doyle 3 inc,"875,185",42
Mar 2017,173,Raleigh Gracia inc,"620,119",27
Mar 2017,173,Ruth Sutherland inc,"549,197",27
Mar 2017,173,Betty Mcelvaine inc,"498,316",23
Mar 2017,173,Yolanda Panzarella inc,"487,915",25
Mar 2017,174,Cody Leonard inc,"1,172,616",52
Mar 2017,174,Debra Rose 2 inc,"510,166",24
Mar 2017,174,Nancy Mckeown inc,"422,587",21
Mar 2017,174,Andrea Claybrook inc,"386,357",20
Mar 2017,174,Amy Linton inc,"357,379",16
Mar 2017,175,Judy Fujimoto inc,"494,788",23
Mar 2017,175,Rebecca Kelly 2 inc,"270,894",12
Mar 2017,175,Pauline Burdette inc,"248,389",11
Mar 2017,175,Celia Sayles inc,"224,050",9
Mar 2017,175,Randal Crocker inc,"222,119",14
Mar 2017,178,Tiffany Hardin inc,"95,660",6
Mar 2017,178,Sandra Kimball inc,"90,798",3
Mar 2017,178,Maria Allen 4 inc,"69,548",6
Mar 2017,178,John Brown 21 inc,"58,863",2
Mar 2017,178,Robert Lazo inc,"55,200",2
Mar 2017,179,Michael Swirsky inc,"4,634,824",227
Mar 2017,179,Gladys Castillo inc,"1,305,884",70
Mar 2017,179,Curtis Banks inc,"1,133,499",62
Mar 2017,179,Alan Poe inc,"1,015,629",49
Mar 2017,179,Judy Lutz inc,"709,392",36
Mar 2017,180,Anna Harrison inc,"673,807",30
Mar 2017,180,Ila Mcgrath inc,"340,495",19
Mar 2017,180,Denise Sievers inc,"303,227",18
Mar 2017,180,Arthur Coker inc,"222,452",9
Mar 2017,180,Alexandra Green inc,"215,591",13
Mar 2017,181,Juan Walsh 2 inc,"1,198,319",63
Mar 2017,181,Edith Roll inc,"549,539",29
Mar 2017,181,Edison Scott inc,"534,239",25
Mar 2017,181,Ella Harding inc,"397,314",18
Mar 2017,181,Gregg Verde inc,"353,097",16
Mar 2017,182,Julia Cope inc,"845,158",40
Mar 2017,182,Misty Slaugh inc,"534,359",26
Mar 2017,182,Harold Strand inc,"298,705",12
Mar 2017,182,Betty Pew inc,"238,274",13
Mar 2017,182,Jason Lopez 2 inc,"236,789",12
Mar 2017,183,Angela Jackson 5 inc,"402,478",20
Mar 2017,183,Justin Johnstone 2 inc,"338,000",14
Mar 2017,183,William Munroe inc,"253,014",12
Mar 2017,183,Esther Allen inc,"225,313",9
Mar 2017,183,Shanon Battle inc,"211,314",14
Mar 2017,184,Harold Ames inc,"372,507",18
Mar 2017,184,Christopher Waage inc,"342,006",17
Mar 2017,184,Cheryl Pike inc,"329,488",16
Mar 2017,184,Julie Hambrick inc,"268,720",14
Mar 2017,184,Charlotte Valdez inc,"211,828",9
Mar 2017,186,Larry Reid inc,"375,155",19
Mar 2017,186,Kathryn Clermont inc,"259,568",14
Mar 2017,186,Brett Richardson inc,"250,508",13
Mar 2017,186,James Brown 38 inc,"215,388",10
Mar 2017,186,Christine Paulino inc,"209,867",9
Mar 2017,187,Terence Harstad inc,"570,564",28
Mar 2017,187,Joseph Miles inc,"412,516",27
Mar 2017,187,Trudie Baker inc,"336,924",16
Mar 2017,187,Esther Townsend inc,"277,508",14
Mar 2017,187,Ronald Morgan inc,"203,350",11
Mar 2017,188,Anne Grantham inc,"552,891",26
Mar 2017,188,Thomas Thompson 9 inc,"511,730",29
Mar 2017,188,Joseph Jones 15 inc,"492,710",23
Mar 2017,188,Barbara Waldorf inc,"450,089",24
Mar 2017,188,James Pittsley inc,"447,012",25
Mar 2017,189,Andrew Eastman inc,"1,193,163",57
Mar 2017,189,Gertrude Espinosa inc,"822,137",43
Mar 2017,189,Diane Allen 2 inc,"578,578",28
Mar 2017,189,Christina Chamberlain inc,"540,860",28
Mar 2017,189,Alberto Brewton inc,"427,625",23
Mar 2017,190,Jay Hokanson inc,"487,722",22
Mar 2017,190,Denise Marquez 2 inc,"233,372",11
Mar 2017,190,Thomas Voyer inc,"221,759",10
Mar 2017,190,Bernice Harris inc,"198,113",10
Mar 2017,190,Diana Post inc,"143,044",6
Mar 2017,191,Patrick Heiden inc,"445,371",23
Mar 2017,191,Thomas Warner inc,"289,362",15
Mar 2017,191,Bruce Snyder inc,"275,745",14
Mar 2017,191,Phillip Lewis 3 inc,"257,921",15
Mar 2017,191,Virginia Greer inc,"238,304",12
Mar 2017,193,Adan Ellis inc,"365,637",18
Mar 2017,193,Lisa Plummer inc,"354,283",20
Mar 2017,193,Renate Snyder inc,"221,922",11
Mar 2017,193,Boyd Taylor inc,"217,430",10
Mar 2017,193,Sandra Holahan inc,"217,230",9
Mar 2017,194,Alison Magallanes inc,"792,005",36
Mar 2017,194,Irma Bales inc,"297,240",16
Mar 2017,194,Edgar Beeler inc,"196,904",9
Mar 2017,194,John Piper 2 inc,"184,284",9
Mar 2017,194,Walter Washington 2 inc,"159,935",11
Mar 2017,195,Scott Williamson inc,"303,738",13
Mar 2017,195,Casey Dawkins inc,"278,579",13
Mar 2017,195,John Wright 18 inc,"272,723",11
Mar 2017,195,Klara Ibanez inc,"219,646",12
Mar 2017,195,Dion Cantu inc,"212,581",10
Mar 2017,197,Claudia Rodriguez inc,"554,510",25
Mar 2017,197,Randi Duke inc,"380,571",19
Mar 2017,197,Gregory Bettis inc,"332,433",16
Mar 2017,197,Lori Mize inc,"252,215",14
Mar 2017,197,Ella Rose 2 inc,"195,404",12
Mar 2017,198,Mary Griffith inc,"256,693",10
Mar 2017,198,Jose Emerson inc,"248,200",10
Mar 2017,198,Charles Fritter inc,"244,739",10
Mar 2017,198,Nancy Foley inc,"194,140",12
Mar 2017,198,Rex Chesley inc,"175,690",9
Mar 2017,199,Elbert Six inc,"1,121,792",57
Mar 2017,199,Crystal Dwyer inc,"1,032,145",49
Mar 2017,199,Roger Serrano inc,"774,470",43
Mar 2017,199,Judy Evans 3 inc,"700,658",32
Mar 2017,199,Daryl Taylor inc,"437,573",24
Mar 2017,200,Sandra Davenport inc,"2,265,963",109
Mar 2017,200,Latanya Crofton inc,"1,426,471",72
Mar 2017,200,Juan Sojka inc,"1,225,554",65
Mar 2017,200,Nick Holcombe inc,"1,003,772",46
Mar 2017,200,Sabrina Oleary inc,"844,394",44
Mar 2017,201,James Howell 7 inc,"451,272",24
Mar 2017,201,Rosemary Clark inc,"207,528",8
Mar 2017,201,Patricia Hernandez 4 inc,"207,261",11
Mar 2017,201,Concepcion Kyle inc,"185,082",8
Mar 2017,201,Eugene Hodges inc,"160,201",8
Mar 2017,203,Albert Cadwell inc,"447,299",19
Mar 2017,203,Raymond Clark 2 inc,"166,781",7
Mar 2017,203,Ken Grant inc,"104,687",5
Mar 2017,203,Elizabeth Stubbs inc,"95,973",4
Mar 2017,203,Mark Manciel inc,"93,502",5
Mar 2017,204,Ruth Newark inc,"420,618",20
Mar 2017,204,Roxann Flores inc,"160,786",9
Mar 2017,204,Michelle Lilly inc,"151,843",7
Mar 2017,204,Josephina Taylor inc,"104,407",5
Mar 2017,204,Luke Thomas inc,"99,932",3
Mar 2017,205,Tyrone Dwaileebe inc,"129,680",6
Mar 2017,205,Thomas Anderson 10 inc,"121,936",5
Mar 2017,205,Wanda Hogan inc,"78,830",5
Mar 2017,205,Mark Bejar inc,"76,082",3
Mar 2017,205,Julian Rangel inc,"62,902",3
Mar 2017,206,Louise Owens inc,"182,330",10
Mar 2017,206,Ryan Gregg inc,"155,972",8
Mar 2017,206,Etta Mcdonald inc,"154,355",7
Mar 2017,206,Alberto Holmes inc,"148,040",5
Mar 2017,206,Susan Klotz inc,"144,596",8
Mar 2017,207,Vada Wheeler inc,"169,515",7
Mar 2017,207,Clarence Griffin inc,"126,671",6
Mar 2017,207,Chelsie Hayes inc,"94,016",4
Mar 2017,207,Cynthia Swamp inc,"85,952",4
Mar 2017,207,Vincent Peterson 2 inc,"78,296",3
Mar 2017,208,Michael Abramson inc,"417,443",17
Mar 2017,208,Dale Skalicky inc,"188,898",8
Mar 2017,208,Paula Santiago inc,"143,033",5
Mar 2017,208,Norbert Oberlin inc,"137,691",6
Mar 2017,208,Monica Deal inc,"126,255",5
Mar 2017,209,Ma Rowlands inc,"897,629",51
Mar 2017,209,Meaghan Saylor inc,"797,172",34
Mar 2017,209,Tempie Guardado inc,"359,410",19
Mar 2017,209,Wanda Lundberg inc,"352,425",19
Mar 2017,209,Michael Mincey inc,"303,013",17
Mar 2017,210,Angela Parsons inc,"690,802",37
Mar 2017,210,Michael Mocher inc,"523,552",23
Mar 2017,210,Jamie Remillard inc,"520,806",31
Mar 2017,210,John Bonello inc,"517,116",25
Mar 2017,210,Gary Goff inc,"453,977",23
Mar 2017,211,William Darden inc,"472,516",23
Mar 2017,211,Cathryn Holsopple inc,"377,005",16
Mar 2017,211,Crystal Krumholz inc,"327,237",16
Mar 2017,211,Ryan Charles inc,"270,280",15
Mar 2017,211,Karren Gibson inc,"232,836",11
Mar 2017,212,Donald Pimental inc,"4,545,053",229
Mar 2017,212,Rebecca Johnson 9 inc,"2,427,192",118
Mar 2017,212,Bernice Pratt inc,"2,087,306",106
Mar 2017,212,Mary Velazquez inc,"2,049,739",101
Mar 2017,212,Lisa Jones 9 inc,"1,942,217",94
Mar 2017,213,Katherine Stickel inc,"2,020,426",101
Mar 2017,213,Chad Tobar inc,"1,732,096",83
Mar 2017,213,Elizabeth Thomas 10 inc,"1,333,778",70
Mar 2017,213,William Velasquez 2 inc,"1,215,452",56
Mar 2017,213,Ella Rose 2 inc,"1,055,033",52
Mar 2017,214,Beatrice Thomas inc,"160,348",7
Mar 2017,214,Evelyn Reynoso 2 inc,"154,546",7
Mar 2017,214,Christie Poole inc,"150,792",9
Mar 2017,214,Daniel Steinbach inc,"134,755",7
Mar 2017,214,Melissa Schmidt inc,"134,428",6
Mar 2017,215,Katherine Caldwell inc,"206,983",11
Mar 2017,215,Karen Romero 2 inc,"94,040",4
Mar 2017,215,Kirk Adams inc,"86,202",3
Mar 2017,215,Dave Moore inc,"70,642",3
Mar 2017,215,Maria Mcduffie inc,"49,387",2
Mar 2017,216,Mary Donati inc,"252,871",11
Mar 2017,216,Helen Acosta inc,"207,449",11
Mar 2017,216,Roger Espinoza inc,"174,246",10
Mar 2017,216,Emma Dutton inc,"160,145",7
Mar 2017,216,Deanna Dudley inc,"142,492",7
Mar 2017,218,Julianne Mchugh inc,"588,884",32
Mar 2017,218,Nina Humphreys inc,"293,127",13
Mar 2017,218,Mildred Walton inc,"242,022",15
Mar 2017,218,Sarah Childs inc,"236,266",10
Mar 2017,218,Karisa Pope inc,"230,742",11
Mar 2017,219,Donald Smith 19 inc,"577,755",27
Mar 2017,219,Wendy Strong inc,"369,855",19
Mar 2017,219,Rodney Lichtenberg inc,"344,223",16
Mar 2017,219,James Henderson 10 inc,"341,542",16
Mar 2017,219,Christopher Marinaccio inc,"334,649",17
Mar 2017,220,Jaime Joyce inc,"388,052",15
Mar 2017,220,Rose Smith 7 inc,"321,074",15
Mar 2017,220,Marvin Rivera 2 inc,"214,758",9
Mar 2017,220,Megan Robinson 5 inc,"209,992",11
Mar 2017,220,Grace Gorman inc,"208,806",12
Mar 2017,221,Rose Brewer 2 inc,"235,708",13
Mar 2017,221,Tonya Christensen inc,"134,323",6
Mar 2017,221,Kirk Mckinney inc,"133,382",6
Mar 2017,221,James Chisam inc,"89,549",4
Mar 2017,221,Vanessa Yepsen inc,"85,515",4
Mar 2017,222,Joan Baggesen inc,"290,833",15
Mar 2017,222,Jonathon Morrison inc,"246,472",12
Mar 2017,222,Melvin Hurt inc,"243,537",14
Mar 2017,222,Theresa Martin 3 inc,"164,925",9
Mar 2017,222,Dennis Clancy inc,"132,358",6
Mar 2017,223,Robert Gatson inc,"422,565",17
Mar 2017,223,Connie Thompson inc,"383,291",18
Mar 2017,223,Gracie Mcmorran inc,"337,667",17
Mar 2017,223,Judy Turner inc,"300,696",16
Mar 2017,223,Valerie Larson inc,"234,369",12
Mar 2017,224,John Sutton 8 inc,"646,719",32
Mar 2017,224,Ronald Perkins 2 inc,"317,775",15
Mar 2017,224,Guillermo Wasson inc,"309,224",16
Mar 2017,224,Deborah Harris 5 inc,"276,551",13
Mar 2017,224,Donald Stansel inc,"135,106",6
Mar 2017,226,John Rutherford 4 inc,"1,706,140",85
Mar 2017,226,Jaime Marks inc,"701,256",34
Mar 2017,226,Maggie Rosa inc,"664,013",33
Mar 2017,226,Joseph Dempsey inc,"595,817",30
Mar 2017,226,Tod Dixon inc,"333,323",14
Mar 2017,227,Russell Murray inc,"158,131",7
Mar 2017,227,Frank Dana inc,"151,876",8
Mar 2017,227,Michele Dunn inc,"112,267",6
Mar 2017,227,Frank Mahler inc,"92,645",4
Mar 2017,227,Veta Drake inc,"85,961",3
Mar 2017,228,Pablo Laboy inc,"278,135",15
Mar 2017,228,Bobby Wortham inc,"153,737",9
Mar 2017,228,Deborah Dampeer inc,"119,746",6
Mar 2017,228,Gail Henderson inc,"114,231",5
Mar 2017,228,Constance Hubbard inc,"101,140",6
Mar 2017,229,Amanda Robinson 2 inc,"350,655",20
Mar 2017,229,Christina Moralez inc,"278,463",15
Mar 2017,229,Anton Greene inc,"214,241",9
Mar 2017,229,Debra Belanger 2 inc,"211,637",9
Mar 2017,229,Roy Hann inc,"210,914",10
Mar 2017,230,John Rivera 9 inc,"366,678",17
Mar 2017,230,Allison Burgess inc,"292,942",17
Mar 2017,230,Mary Melendez 3 inc,"267,489",13
Mar 2017,230,Terry Morris inc,"228,089",10
Mar 2017,230,Rosie Champagne inc,"196,510",10
Mar 2017,231,Ella Rose 2 inc,"783,465",38
Mar 2017,231,Joshua Berryhill inc,"702,906",39
Mar 2017,231,Robert Barfield inc,"623,096",34
Mar 2017,231,Melinda Haygood inc,"614,791",32
Mar 2017,231,Florence Mitchell 2 inc,"610,383",29
Mar 2017,232,Whitney Delgado inc,"655,889",31
Mar 2017,232,Charles Urias inc,"555,521",28
Mar 2017,232,Russell Fernandez inc,"483,837",20
Mar 2017,232,James Carpenter 7 inc,"459,330",22
Mar 2017,232,Michele Groves inc,"425,257",20
Mar 2017,233,Chad Tobar inc,"3,790,555",192
Mar 2017,233,Ella Rose 2 inc,"2,883,854",141
Mar 2017,233,John Mcneal 2 inc,"2,189,246",101
Mar 2017,233,Lori Joseph inc,"1,663,349",81
Mar 2017,233,Maria Meaker inc,"1,407,842",65
Mar 2017,234,Johnnie Elliott inc,"590,271",30
Mar 2017,234,Daniel Marshall 7 inc,"476,021",24
Mar 2017,234,Roslyn Lamb inc,"332,736",16
Mar 2017,234,Alice Dickerson inc,"328,224",16
Mar 2017,234,Anthony Tobey inc,"261,511",14
Mar 2017,235,Peter Adams 3 inc,"231,579",10
Mar 2017,235,Arthur Santiago 3 inc,"193,569",8
Mar 2017,235,Shirley Nichell inc,"106,258",5
Mar 2017,235,David Morris 4 inc,"105,164",6
Mar 2017,235,Veronica Pina inc,"92,574",4
Mar 2017,236,Jeremy Adams 3 inc,"224,187",9
Mar 2017,236,Nora Saenz inc,"176,588",8
Mar 2017,236,Nick Redenius inc,"167,946",7
Mar 2017,236,Maria Mitchell 4 inc,"136,773",6
Mar 2017,236,William Turnbull inc,"104,601",5
Mar 2017,237,Janet Platner inc,"143,236",7
Mar 2017,237,Elizabeth Thompson 5 inc,"136,492",7
Mar 2017,237,Julie Hughes inc,"110,783",5
Mar 2017,237,Joseph Utley inc,"92,055",6
Mar 2017,237,Perry Markrof inc,"88,584",4
Mar 2017,238,Kenneth Kimbler inc,"914,931",44
Mar 2017,238,Robin Forbes inc,"585,507",26
Mar 2017,238,Greg Myers inc,"582,331",26
Mar 2017,238,Eugene Roberts inc,"552,812",27
Mar 2017,238,Christopher Smith 19 inc,"407,801",18
Mar 2017,239,Leonard Parton inc,"517,229",23
Mar 2017,239,Jackson Tallant inc,"429,851",20
Mar 2017,239,Don Perez inc,"315,283",13
Mar 2017,239,Bonnie Gresham inc,"231,852",14
Mar 2017,239,Ivelisse Cipriani inc,"187,316",9
Mar 2017,240,Jessica Baxter inc,"225,733",11
Mar 2017,240,Ronald Cantey inc,"145,153",7
Mar 2017,240,Carol Galbraith inc,"131,277",7
Mar 2017,240,Donald Marin 2 inc,"123,097",6
Mar 2017,240,Erick Porter inc,"118,481",6
Mar 2017,242,Mae Davis 3 inc,"924,426",44
Mar 2017,242,Theodore Cooke inc,"650,513",29
Mar 2017,242,Estella Vidal inc,"621,673",30
Mar 2017,242,Ada Cough inc,"592,727",31
Mar 2017,242,John Bordner inc,"548,047",28
Mar 2017,244,Vivian Cawthorne inc,"1,601,353",81
Mar 2017,244,Diane Robbins inc,"1,167,319",61
Mar 2017,244,James Funk 2 inc,"919,145",46
Mar 2017,244,Pauline Hakes inc,"759,312",35
Mar 2017,244,Donald Bacon 2 inc,"754,478",38
Mar 2017,245,Brenda Green 4 inc,"580,721",30
Mar 2017,245,Thomas Cassidy inc,"323,261",18
Mar 2017,245,Lindsey Abernethy inc,"289,311",13
Mar 2017,245,James Brown 42 inc,"240,891",10
Mar 2017,245,Anton Wilder inc,"229,405",12
Mar 2017,246,Clarice Potts inc,"2,085,924",103
Mar 2017,246,James Holliday inc,"1,601,223",83
Mar 2017,246,Marc Juckett inc,"1,327,298",67
Mar 2017,246,Brian Larose inc,"898,938",46
Mar 2017,246,Gabriel Allen inc,"886,529",43
Mar 2017,247,Alex Couzens inc,"1,440,232",72
Mar 2017,247,Charles Doyle inc,"895,373",43
Mar 2017,247,Frederick Uson inc,"691,535",34
Mar 2017,247,Michael Miller 24 inc,"461,482",23
Mar 2017,247,Mary Schultheis inc,"452,782",23
Mar 2017,248,Marie Vaughn inc,"867,184",38
Mar 2017,248,Shanta Griffin inc,"859,433",40
Mar 2017,248,Katherine Gonce inc,"854,172",44
Mar 2017,248,George Wheeler 2 inc,"776,863",40
Mar 2017,248,Nicholas Mixer inc,"759,521",38
Mar 2017,250,Angela Mcnabb inc,"593,204",28
Mar 2017,250,Edward Campbell 2 inc,"473,444",25
Mar 2017,250,Raymond Williams 10 inc,"387,200",18
Mar 2017,250,Raymond Higginbotham inc,"318,595",18
Mar 2017,250,Stevie Shank inc,"302,444",13
Mar 2017,251,Ryan Harris 2 inc,"1,105,883",53
Mar 2017,251,Lola Cramer inc,"1,076,440",54
Mar 2017,251,Rose Mincey inc,"1,013,891",53
Mar 2017,251,Charles Bendel inc,"869,257",44
Mar 2017,251,Terri Hamm inc,"765,781",35
Mar 2017,252,Jimmy Kelly inc,"258,018",12
Mar 2017,252,Felicia Pickle inc,"184,934",9
Mar 2017,252,Joshua Kowalik inc,"123,424",5
Mar 2017,252,Ryan Peavey inc,"115,388",5
Mar 2017,252,Dominick Newsom inc,"101,556",6
Mar 2017,253,Karen Fiene inc,"462,174",28
Mar 2017,253,Jesse Valazquez inc,"409,920",20
Mar 2017,253,Dillon Renshaw inc,"359,073",18
Mar 2017,253,Kathleen Pittman inc,"295,873",14
Mar 2017,253,Agustina Jameson inc,"292,567",14
Mar 2017,254,Michael Newsom inc,"379,245",18
Mar 2017,254,Kermit Davis 2 inc,"82,133",5
Mar 2017,254,Judy Harder inc,"78,521",3
Mar 2017,254,Joseph Olson 2 inc,"72,307",4
Mar 2017,254,Winfred Canfield inc,"54,377",2
Mar 2017,255,Harmony Mathis inc,"429,540",20
Mar 2017,255,Joe Hall inc,"292,888",17
Mar 2017,255,Jeffrey Cawley inc,"284,019",12
Mar 2017,255,Sheryl Wilson inc,"271,806",15
Mar 2017,255,Barry Lyons 2 inc,"168,162",9
Mar 2017,256,Leigh Carr inc,"1,552,633",78
Mar 2017,256,Juan Kong inc,"554,651",24
Mar 2017,256,Ryan Kyle inc,"351,905",16
Mar 2017,256,Beatrice Graham inc,"344,531",15
Mar 2017,256,Edward Jones 10 inc,"224,840",13
Mar 2017,258,Lina Kelsey inc,"193,096",9
Mar 2017,258,Michelle Jones 13 inc,"167,332",8
Mar 2017,258,Derrick Johnson inc,"142,778",7
Mar 2017,258,Stacie Lucas inc,"141,666",6
Mar 2017,258,Damaris Godwin inc,"97,560",4
Mar 2017,259,Gerald Mccullough inc,"827,315",42
Mar 2017,259,Anthony Wheeler 2 inc,"552,596",24
Mar 2017,259,Allen Jackson 2 inc,"422,088",25
Mar 2017,259,Stephanie Reeves inc,"413,142",23
Mar 2017,259,Adrienne Hill inc,"411,082",20
Mar 2017,260,William Young 10 inc,"393,243",21
Mar 2017,260,Ronald Betcher inc,"263,492",13
Mar 2017,260,Sarah Mcclellan inc,"199,229",10
Mar 2017,260,Jordan Johnson inc,"197,464",9
Mar 2017,260,Juanita Gilliam inc,"193,128",11
Mar 2017,261,Donald Lowe inc,"412,268",22
Mar 2017,261,Samuel Powell inc,"312,215",18
Mar 2017,261,Renaldo Allen inc,"290,472",15
Mar 2017,261,Theresa Ocasio inc,"259,516",12
Mar 2017,261,Molly Hiestand inc,"251,184",13
Mar 2017,262,Lora Harrell inc,"421,112",20
Mar 2017,262,Wayne James 2 inc,"280,789",11
Mar 2017,262,Raymond Sylvester inc,"244,160",13
Mar 2017,262,Joshua Finchum inc,"231,574",11
Mar 2017,262,Larry Pittman inc,"127,767",6
Mar 2017,263,Donnell Cotto inc,"196,302",10
Mar 2017,263,Mary Stroup inc,"81,173",4
Mar 2017,263,Anita Rossi inc,"58,485",3
Mar 2017,263,David Millay 2 inc,"54,926",4
Mar 2017,263,Julia Gangler inc,"49,588",2
Mar 2017,264,Steven Patterson 3 inc,"335,556",14
Mar 2017,264,Judith Roth inc,"181,398",8
Mar 2017,264,Sandra Brison inc,"168,518",8
Mar 2017,264,Maria Harris 7 inc,"165,931",7
Mar 2017,264,Mary Hibbert inc,"161,147",10
Mar 2017,265,Matthew Jackson 3 inc,"290,859",14
Mar 2017,265,Michelle Dougherty inc,"248,330",11
Mar 2017,265,Emily Rathbone inc,"209,537",11
Mar 2017,265,Michael Feinberg inc,"191,503",8
Mar 2017,265,John Beasley 3 inc,"188,974",9
Mar 2017,266,Jerry Anderson 2 inc,"244,145",13
Mar 2017,266,Agnes Santos inc,"168,341",8
Mar 2017,266,Darryl Servin inc,"131,135",8
Mar 2017,266,Albert Howard inc,"128,510",6
Mar 2017,266,James Smith 48 inc,"116,334",4
Mar 2017,267,Maurice Ehret inc,"220,053",8
Mar 2017,267,Rebecca Pollard inc,"214,831",10
Mar 2017,267,Patricia Jackson 6 inc,"133,236",8
Mar 2017,267,Julie Young inc,"104,322",4
Mar 2017,267,Andrew Manning inc,"94,660",4
Mar 2017,268,Sabine King inc,"527,640",25
Mar 2017,268,Roy Mccoy inc,"522,421",24
Mar 2017,268,Trudy Harris inc,"510,628",24
Mar 2017,268,Timothy Lewis 8 inc,"353,636",16
Mar 2017,268,Ernest Garner inc,"340,445",18
Mar 2017,269,James Oliver 6 inc,"258,309",10
Mar 2017,269,Josephine Garrity inc,"149,797",7
Mar 2017,269,Gilbert Yee inc,"85,123",4
Mar 2017,269,Charles Young 5 inc,"80,056",5
Mar 2017,269,Mary Anderson 10 inc,"72,343",5
Mar 2017,270,Patricia Smith 25 inc,"479,670",22
Mar 2017,270,Jane Vanauken inc,"306,715",14
Mar 2017,270,Christine Montoro inc,"277,696",15
Mar 2017,270,Kendall Esposito inc,"248,448",11
Mar 2017,270,Cristina Lindsay inc,"173,014",10
Mar 2017,271,Sharon Mcdaniel inc,"954,149",50
Mar 2017,271,Ann Morrell inc,"654,451",29
Mar 2017,271,Christopher Castro 2 inc,"504,129",24
Mar 2017,271,Jimmy Garcia 2 inc,"479,092",26
Mar 2017,271,Mark Adams 5 inc,"472,990",26
Mar 2017,272,David Fitzpatrick inc,"661,897",35
Mar 2017,272,Joseph Olson 3 inc,"436,799",20
Mar 2017,272,Micheal Seymore inc,"394,875",19
Mar 2017,272,Mark Layne inc,"355,429",17
Mar 2017,272,Paul Baird inc,"349,894",15
Mar 2017,273,Mario Howard inc,"23,284",1
Mar 2017,273,John Sumstad inc,"20,236",1
Mar 2017,274,Doris Babcock inc,"2,759,748",138
Mar 2017,274,Angela Barrett 2 inc,"1,012,044",48
Mar 2017,274,Sylvester Wetzel inc,"843,935",42
Mar 2017,274,Austin Edmunds inc,"785,334",40
Mar 2017,274,William Hummel 2 inc,"712,175",39
Mar 2017,275,Frederick Mccammon inc,"344,590",16
Mar 2017,275,Rodney Clarke inc,"247,180",13
Mar 2017,275,Orville Caporiccio inc,"239,748",11
Mar 2017,275,Doris Bullard inc,"234,880",10
Mar 2017,275,James Mcmilliam inc,"153,925",7
Mar 2017,276,Steven Porter 2 inc,"603,832",30
Mar 2017,276,Terri Morse inc,"563,213",28
Mar 2017,276,Odis Hampton inc,"510,615",26
Mar 2017,276,Joey Johnson inc,"492,746",24
Mar 2017,276,Ladonna Seelbach inc,"447,014",23
Mar 2017,277,Jonathan Rollins inc,"3,000,211",151
Mar 2017,277,Michelle Briscoe inc,"1,888,850",90
Mar 2017,277,Tracie Dempsey inc,"1,717,308",92
Mar 2017,277,Daniel Phipps 2 inc,"1,688,733",87
Mar 2017,277,Amira Jefferson inc,"1,635,661",75
Mar 2017,278,Sylvia Holler inc,"1,148,978",59
Mar 2017,278,David Fontaine inc,"1,019,620",47
Mar 2017,278,Maria Davis 10 inc,"735,556",37
Mar 2017,278,Calvin Severy inc,"521,489",24
Mar 2017,278,Abigail Jefferis inc,"301,889",17
Mar 2017,279,Debra Williams 7 inc,"1,114,002",51
Mar 2017,279,Jocelyn Dixon inc,"809,194",44
Mar 2017,279,George Williams 20 inc,"789,127",39
Mar 2017,279,Denise Williams 5 inc,"738,607",35
Mar 2017,279,Robert Hall 16 inc,"718,013",38
Mar 2017,280,Clyde Garland inc,"2,059,127",101
Mar 2017,280,Matthew Horton 2 inc,"463,001",25
Mar 2017,280,John Harris 25 inc,"427,160",22
Mar 2017,280,Vivian Howard inc,"382,943",20
Mar 2017,280,Essie Altman inc,"358,030",15
Mar 2017,281,Charles Everett inc,"618,712",34
Mar 2017,281,Pierre Weiner inc,"334,417",17
Mar 2017,281,Christine Hernandez inc,"283,063",14
Mar 2017,281,Paul Perez 5 inc,"270,133",11
Mar 2017,281,Sandra Staples inc,"244,626",12
Mar 2017,282,Devon Sanders inc,"722,685",38
Mar 2017,282,Jonathan Crumble inc,"688,644",39
Mar 2017,282,Robert Karst inc,"520,575",26
Mar 2017,282,Fernando Williams inc,"484,915",25
Mar 2017,282,Katherine Cotter inc,"415,256",24
Mar 2017,283,Christopher Carter 3 inc,"1,754,358",88
Mar 2017,283,Marlin Stroud inc,"1,110,474",55
Mar 2017,283,Jennifer Moody inc,"943,596",46
Mar 2017,283,Sterling Haskins inc,"907,790",46
Mar 2017,283,Chad Tobar inc,"903,888",45
Mar 2017,285,Jefferey Smith inc,"618,355",28
Mar 2017,285,William Duby inc,"182,061",10
Mar 2017,285,Carolyn Hardy inc,"138,401",6
Mar 2017,285,Adriana Williams inc,"132,727",7
Mar 2017,285,Gary Jenkins 3 inc,"118,603",6
Mar 2017,286,Chris Heath inc,"2,976,264",141
Mar 2017,286,Rita Elias inc,"1,884,214",95
Mar 2017,286,Kevin Hellman inc,"1,883,973",93
Mar 2017,286,Jasmin Morataya inc,"1,572,345",80
Mar 2017,286,Lisa Castillo 2 inc,"1,446,191",69
Mar 2017,287,Sherri Garrison inc,"755,874",35
Mar 2017,287,Wm Evans inc,"417,406",17
Mar 2017,287,John Arlington inc,"213,793",9
Mar 2017,287,Carolyn Cary inc,"115,087",5
Mar 2017,287,Anita Herman inc,"92,204",5
Mar 2017,288,Michael Morgan 3 inc,"920,418",43
Mar 2017,288,Wallace Bennett inc,"588,739",29
Mar 2017,288,Isidro Pikes inc,"360,017",20
Mar 2017,288,Steve Crofton inc,"321,204",15
Mar 2017,288,Glenn Trevathan inc,"319,360",14
Mar 2017,289,Karla Reyna inc,"2,311,022",118
Mar 2017,289,Sherri Garrison inc,"1,953,706",101
Mar 2017,289,Willard Conditt inc,"936,058",49
Mar 2017,289,George Centeno inc,"900,235",47
Mar 2017,289,Elnora Cook inc,"842,666",41
Mar 2017,290,Shane Nelson inc,"232,083",12
Mar 2017,290,Guadalupe Schoenfeld inc,"202,475",11
Mar 2017,290,Jayne Powers inc,"148,730",7
Mar 2017,290,Nancy Felton inc,"135,044",5
Mar 2017,290,Lewis Bourque inc,"129,591",6
Mar 2017,291,Efrain Webb inc,"1,028,214",51
Mar 2017,291,Mary Castillo 2 inc,"857,740",46
Mar 2017,291,Chad Tobar inc,"853,296",42
Mar 2017,291,Lisa Bryant 3 inc,"852,571",40
Mar 2017,291,Paul Dietrich inc,"828,849",37
Mar 2017,292,Rebecca Kim 2 inc,"718,168",33
Mar 2017,292,Scott Uson inc,"541,204",26
Mar 2017,292,Ralph Phillips 2 inc,"371,047",19
Mar 2017,292,Gilbert Lowell inc,"363,164",17
Mar 2017,292,Brandon Manns inc,"206,804",11
Mar 2017,293,Lawrence Williams 4 inc,"155,311",7
Mar 2017,293,Mark Nelson 4 inc,"125,106",5
Mar 2017,293,Joseph Phillips 6 inc,"103,187",5
Mar 2017,293,Samuel Meyer inc,"96,539",6
Mar 2017,293,Daniel Johnston 2 inc,"96,371",4
Mar 2017,294,Keith Thomas 2 inc,"214,316",10
Mar 2017,294,Phyllis Matthews inc,"165,770",9
Mar 2017,294,Lloyd Collier inc,"142,405",6
Mar 2017,294,Jeane Mccord inc,"125,295",6
Mar 2017,294,Sheri Ahlman inc,"124,141",5
Mar 2017,295,Darren Brewer inc,"428,353",21
Mar 2017,295,Christopher Hubbard 3 inc,"341,690",16
Mar 2017,295,Jody Minor inc,"299,984",17
Mar 2017,295,John Banks 4 inc,"276,791",12
Mar 2017,295,Warren Cameron inc,"240,074",14
Mar 2017,296,Laura Carter inc,"565,524",26
Mar 2017,296,Dale Crowder inc,"510,135",26
Mar 2017,296,Larry Mcmanus inc,"384,188",19
Mar 2017,296,Edward Evanoff inc,"369,697",16
Mar 2017,296,Bessie Davis 2 inc,"337,771",16
Mar 2017,297,David Parsons 3 inc,"604,189",30
Mar 2017,297,Crystal Marquez inc,"524,723",26
Mar 2017,297,Arlyne Smith inc,"458,556",21
Mar 2017,297,Juan Higgins inc,"405,054",17
Mar 2017,297,Pierre Balzer inc,"376,723",19
Mar 2017,298,Marisa Corbin inc,"260,186",13
Mar 2017,298,Ella Rose 2 inc,"145,956",8
Mar 2017,298,Tony Moore 3 inc,"139,707",7
Mar 2017,298,Donna Canfield inc,"138,944",5
Mar 2017,298,Claudia Sievers inc,"130,472",5
Mar 2017,299,Gary Hayes inc,"261,668",13
Mar 2017,299,Eric Autrey inc,"244,388",10
Mar 2017,299,Joe Quinn inc,"224,844",10
Mar 2017,299,Michelle Thomas 6 inc,"201,966",10
Mar 2017,299,Mildred Tilman inc,"158,660",9
Mar 2017,300,Rene Roberts 2 inc,"689,511",35
Mar 2017,300,Eddie Coyle 2 inc,"622,887",33
Mar 2017,300,Stephen Lay inc,"466,187",25
Mar 2017,300,Ruben Frantz inc,"398,176",24
Mar 2017,300,Lorene Johnson 3 inc,"315,415",15
Mar 2017,301,Gabrielle Caudel inc,"291,168",15
Mar 2017,301,Laurie Trexler inc,"249,797",11
Mar 2017,301,Joyce Perry inc,"246,126",12
Mar 2017,301,Vicky Kilburn inc,"223,350",11
Mar 2017,301,Christopher Gray 4 inc,"193,289",9
Mar 2017,302,Albert Smith 10 inc,"1,239,520",59
Mar 2017,302,Colin Canelo inc,"733,899",37
Mar 2017,302,Mary Wells 6 inc,"598,439",29
Mar 2017,302,Thomas Crouchet inc,"490,776",22
Mar 2017,302,Amy Sheppard inc,"462,181",22
Mar 2017,303,Christine Hill 3 inc,"633,547",31
Mar 2017,303,Marvin Peterman inc,"257,499",15
Mar 2017,303,Bessie Fulmer inc,"244,109",12
Mar 2017,303,Joanne Baran inc,"215,006",11
Mar 2017,303,Kelly Thomas 4 inc,"187,015",11
Mar 2017,304,Cordelia Rice inc,"683,803",34
Mar 2017,304,Douglas Mackin inc,"423,489",19
Mar 2017,304,Heather Brackett inc,"356,086",16
Mar 2017,304,Jill Costa inc,"332,063",16
Mar 2017,304,Annie Coffman inc,"321,082",16
Mar 2017,306,Brenda Bacher inc,"191,514",9
Mar 2017,306,Timothy Sepulveda inc,"176,878",8
Mar 2017,306,Maurice Robertson inc,"139,445",7
Mar 2017,306,Henry Rosales inc,"118,805",5
Mar 2017,306,Ruby Armstead inc,"116,445",5
Mar 2017,307,John Kluender inc,"483,704",22
Mar 2017,307,Bernie Costa inc,"185,486",8
Mar 2017,307,Allie Lynch inc,"168,907",8
Mar 2017,307,Travis Hartson inc,"166,948",8
Mar 2017,307,Gordon Platt inc,"127,649",5
Mar 2017,308,Fannie Baltimore inc,"723,596",37
Mar 2017,308,Alicia Roberts inc,"490,094",23
Mar 2017,308,Roy Lavine inc,"433,273",24
Mar 2017,308,Reed Williams inc,"389,158",23
Mar 2017,308,Tracey Spangler inc,"371,057",17
Mar 2017,309,David Aucoin inc,"430,729",21
Mar 2017,309,Joel Seger inc,"333,398",18
Mar 2017,309,Patricia Jackson 7 inc,"169,289",9
Mar 2017,309,Christopher Frazier 2 inc,"159,675",8
Mar 2017,309,Carolyn Tooley inc,"117,463",5
Mar 2017,310,Briana Powell inc,"295,935",15
Mar 2017,310,Patricia Smith 24 inc,"236,806",13
Mar 2017,310,Darrick Pendleton inc,"228,113",10
Mar 2017,310,Jayson Skeels inc,"213,465",10
Mar 2017,310,Benjamin Cook inc,"209,369",9
Mar 2017,311,Michael Dunlop inc,"390,401",16
Mar 2017,311,Janet Baker 2 inc,"264,894",14
Mar 2017,311,Annie Bishop inc,"220,533",12
Mar 2017,311,Joseph Wade 2 inc,"212,873",8
Mar 2017,311,Walter May inc,"197,675",11
Mar 2017,312,Thomas Diaz 2 inc,"297,959",13
Mar 2017,312,David Gill 2 inc,"269,608",12
Mar 2017,312,Betty Ratliff inc,"264,286",11
Mar 2017,312,Tony Butler inc,"252,780",12
Mar 2017,312,David Taylor 12 inc,"224,702",13
Mar 2017,313,Danny Lupien inc,"286,589",17
Mar 2017,313,Judy Richards inc,"245,494",10
Mar 2017,313,Catherine Hogan inc,"184,551",12
Mar 2017,313,Linda Armendarez inc,"132,714",6
Mar 2017,313,Naomi Morris inc,"110,414",5
Mar 2017,314,Jeffery Aguilar 2 inc,"1,067,992",50
Mar 2017,314,Charles Dallas inc,"1,024,458",51
Mar 2017,314,Lloyd Brink inc,"880,063",40
Mar 2017,314,Carl Black inc,"794,992",40
Mar 2017,314,Erna Dahlgren inc,"651,710",38
Mar 2017,315,Lester Marcum inc,"126,800",8
Mar 2017,315,Harriet Miller inc,"78,165",3
Mar 2017,315,William Howlin inc,"77,758",4
Mar 2017,315,Leanne Totaro inc,"75,787",3
Mar 2017,315,Ruth Longoria 2 inc,"66,306",3
Mar 2017,318,Valerie Hutchinson inc,"490,911",22
Mar 2017,318,John Young 16 inc,"377,535",17
Mar 2017,318,Jose Penn inc,"314,758",16
Mar 2017,318,Ramona Clark inc,"304,640",16
Mar 2017,318,Ryan Malina inc,"288,625",14
Mar 2017,319,Patricia Jackson 4 inc,"58,284",2
Mar 2017,319,Rebecca Bartolini inc,"35,399",2
Mar 2017,319,Mandy Easton inc,"32,910",1
Mar 2017,319,Thomas Then inc,"30,416",2
Mar 2017,319,Maria Howard 2 inc,"23,253",1
Mar 2017,320,Tom Benavidez inc,"2,119,229",101
Mar 2017,320,Janice Whiteman inc,"547,455",25
Mar 2017,320,Edwin Riley inc,"508,698",26
Mar 2017,320,George Wilkins inc,"379,252",17
Mar 2017,320,John Kleis inc,"332,272",15
Mar 2017,321,John Longoria inc,"239,311",9
Mar 2017,321,Mark Awalt inc,"198,479",9
Mar 2017,321,Joseph Funk inc,"170,685",9
Mar 2017,321,Arthur Cobb inc,"167,928",8
Mar 2017,321,Rita Sanford inc,"117,335",5
Mar 2017,322,Quinton Elizarraras inc,"1,828,666",85
Mar 2017,322,Andrea Hartman inc,"1,668,104",84
Mar 2017,322,Allen Poulton inc,"1,063,369",57
Mar 2017,322,Dana Anderson inc,"885,030",47
Mar 2017,322,William White 20 inc,"852,151",41
Mar 2017,323,Ruben Lopez inc,"1,137,671",55
Mar 2017,323,Michael Wheeler 8 inc,"954,044",46
Mar 2017,323,Helen Hough inc,"256,411",12
Mar 2017,323,Daniel Gifford inc,"246,058",11
Mar 2017,323,Justin Cardenas inc,"217,286",10
Mar 2017,325,Christopher Pinneo inc,"813,809",43
Mar 2017,325,Dennis Terrance inc,"654,240",34
Mar 2017,325,Alpha Way inc,"350,424",19
Mar 2017,325,Craig Rehm inc,"308,290",17
Mar 2017,325,Ana Reaves inc,"288,824",13
Mar 2017,326,Marvin Nichols inc,"198,438",10
Mar 2017,326,Nancy Hill 5 inc,"168,187",7
Mar 2017,326,Robert Keith 3 inc,"120,750",7
Mar 2017,326,Patricia Strelow inc,"94,223",3
Mar 2017,326,Cecil Confer inc,"76,651",5
Mar 2017,327,Marla Hadfield inc,"118,721",6
Mar 2017,327,Arthur Cobb 3 inc,"103,361",5
Mar 2017,327,Winona Ellis inc,"95,049",5
Mar 2017,327,Charlotte Marley inc,"94,201",6
Mar 2017,327,Karen Briggs inc,"75,889",4
Mar 2017,328,William Darling inc,"578,560",29
Mar 2017,328,Wendy Donnelly inc,"285,275",16
Mar 2017,328,Heather Porter inc,"242,720",11
Mar 2017,328,Matthew Seldon inc,"159,888",8
Mar 2017,328,Bernadette Padron inc,"153,594",6
Mar 2017,329,Kristen Woods inc,"532,044",27
Mar 2017,329,Stephanie Bagaoisan inc,"472,163",25
Mar 2017,329,Robert Olson 4 inc,"293,996",17
Mar 2017,329,Sylvia Bass 2 inc,"277,155",13
Mar 2017,329,Jennifer Boone inc,"236,976",12
Mar 2017,330,Sandra Buckner inc,"359,299",16
Mar 2017,330,Carla Rathburn inc,"255,686",12
Mar 2017,330,Ricardo Kane inc,"245,689",10
Mar 2017,330,Kristin Garrett inc,"244,869",13
Mar 2017,330,Alyson Efird inc,"231,933",11
Mar 2017,331,Antoine Alexander inc,"7,403,922",372
Mar 2017,331,Valerie Martin 2 inc,"6,942,163",348
Mar 2017,331,Jean Jolley inc,"4,920,712",242
Mar 2017,331,Ryan Stephens 2 inc,"3,899,094",189
Mar 2017,331,Joann Lilly inc,"3,005,271",147
Mar 2017,333,Joseph Proctor inc,"4,368,926",220
Mar 2017,333,Teresa Begley inc,"3,412,733",170
Mar 2017,333,Vincent Peterson 2 inc,"1,888,676",98
Mar 2017,333,Naomi Day inc,"1,805,977",86
Mar 2017,333,Andrew Hernandez 2 inc,"1,786,510",89
Mar 2017,334,Brianna Derrick inc,"896,930",45
Mar 2017,334,Mary Siegel inc,"849,902",39
Mar 2017,334,Megan Brackeen inc,"684,734",33
Mar 2017,334,Noella Vansickle inc,"466,242",26
Mar 2017,334,Paulette Griffin inc,"386,948",17
Mar 2017,335,Catherine Tanner inc,"395,305",20
Mar 2017,335,Dion Cantu inc,"211,517",11
Mar 2017,335,Yolanda Jones 3 inc,"204,688",10
Mar 2017,335,Susan Katt inc,"143,221",6
Mar 2017,335,Jeffrey Bird inc,"131,144",6
Mar 2017,336,Frank Mcneil inc,"179,810",10
Mar 2017,336,Katherine Kirschner inc,"152,154",8
Mar 2017,336,Helen Stubbendeck inc,"123,598",5
Mar 2017,336,Ashley Conger inc,"97,022",5
Mar 2017,336,David Steese inc,"93,741",4
Mar 2017,337,Karen Lee 2 inc,"421,542",18
Mar 2017,337,Mary Ruggiero inc,"230,189",11
Mar 2017,337,Anna Baker 2 inc,"222,479",11
Mar 2017,337,Anthony Everett inc,"156,730",8
Mar 2017,337,Larry Ryan inc,"147,790",7
Mar 2017,338,Lucas Carmona inc,"174,948",8
Mar 2017,338,Lon Larson inc,"168,836",9
Mar 2017,338,James Morin inc,"140,091",6
Mar 2017,338,John Barksdale inc,"120,835",5
Mar 2017,338,Donald Choate inc,"113,424",5
Mar 2017,339,Gertrudis Stamps inc,"748,408",37
Mar 2017,339,Marie Reynolds 4 inc,"689,360",30
Mar 2017,339,Christopher Greer inc,"675,923",32
Mar 2017,339,Mireya Smith inc,"437,061",27
Mar 2017,339,Robert Caruso inc,"396,576",19
Mar 2017,340,Terry Turpin 2 inc,"1,966,870",91
Mar 2017,340,Nancy Jamison 2 inc,"1,216,423",57
Mar 2017,340,Thelma Williams 3 inc,"1,101,693",51
Mar 2017,340,Janet Johnson 3 inc,"844,043",47
Mar 2017,340,Katherine Rovero inc,"837,291",46
Mar 2017,341,David Kellam inc,"331,466",17
Mar 2017,341,Daniel Huff inc,"271,935",13
Mar 2017,341,Joan Cuevas inc,"259,060",12
Mar 2017,341,Bonita Lemons inc,"235,555",11
Mar 2017,341,Monica Garcia 3 inc,"206,001",10
Mar 2017,342,William Roney inc,"984,326",45
Mar 2017,342,Mary Tierney inc,"247,012",10
Mar 2017,342,Gordon Burdock inc,"177,264",8
Mar 2017,342,Rhonda Rojas inc,"157,567",9
Mar 2017,342,Jo Earles inc,"136,906",6
Mar 2017,343,Joshua Reyna inc,"148,094",9
Mar 2017,343,Michael Broadwater inc,"127,981",7
Mar 2017,343,Edward Hathcock inc,"122,494",6
Mar 2017,343,Christopher Kroll inc,"92,598",4
Mar 2017,343,Daphne Bickley inc,"91,801",5
Mar 2017,344,Morris Grooms inc,"1,158,809",62
Mar 2017,344,Jerry Facer inc,"709,466",39
Mar 2017,344,Ella Rose 2 inc,"475,168",28
Mar 2017,344,Chad Tobar inc,"436,044",20
Mar 2017,344,Brian Page inc,"429,684",21
Mar 2017,345,John Hyett inc,"182,360",10
Mar 2017,345,Patrick Nunn inc,"158,888",8
Mar 2017,345,Cindy Moore inc,"86,258",5
Mar 2017,345,Thomas Waszkiewicz inc,"81,495",4
Mar 2017,345,Susan Campbell inc,"76,098",3
Mar 2017,347,Edna Ledesma inc,"889,259",46
Mar 2017,347,Christopher Jackson 5 inc,"709,628",35
Mar 2017,347,James Carlson 5 inc,"701,781",32
Mar 2017,347,Carolyn Hardin inc,"641,695",29
Mar 2017,347,Shirley Lawrence 2 inc,"554,315",25
May 2017,1,Kathie Sughrue inc,"81,466,993","4,061"
May 2017,1,Cesar Hall inc,"75,009,544","3,682"
May 2017,1,Mary Gray 7 inc,"44,974,143","2,222"
May 2017,1,Steven Russell inc,"24,948,959","1,218"
May 2017,1,Maxine Flores inc,"22,379,214","1,128"
May 2017,2,Mark Cipolla inc,"329,338",16
May 2017,2,James Luhman inc,"270,202",14
May 2017,2,Shana Platt inc,"258,280",13
May 2017,2,Charles Budde inc,"240,508",9
May 2017,2,Arthur Walz inc,"198,275",8
May 2017,3,Dennis Mcmillan inc,"749,117",35
May 2017,3,Rhonda Cunningham inc,"624,307",31
May 2017,3,Donnie Sefcovic inc,"345,301",17
May 2017,3,Robert Harrison 7 inc,"300,539",18
May 2017,3,Harvey Shelby inc,"278,119",14
May 2017,4,Louise Cole 2 inc,"2,711,683",151
May 2017,4,Nathaniel Stewart inc,"1,838,177",91
May 2017,4,Enriqueta Barbour inc,"1,413,287",71
May 2017,4,Carolyn Smith 8 inc,"1,404,754",70
May 2017,4,Mary Perry 8 inc,"1,362,940",63
May 2017,6,Terrell Dueno inc,"458,750",21
May 2017,6,Elizabeth Mueller inc,"386,753",17
May 2017,6,Jack Mcsweeney inc,"299,222",11
May 2017,6,Kelly Dial inc,"190,488",8
May 2017,6,Guillermo Angelilli inc,"173,261",8
May 2017,7,Mable Galarza inc,"310,195",14
May 2017,7,Sheila Bissonnette inc,"308,704",14
May 2017,7,Armand Humphrey inc,"272,746",15
May 2017,7,Joe Powell inc,"263,197",14
May 2017,7,Don Lenz inc,"230,626",13
May 2017,8,Mike Sparks inc,"1,144,995",52
May 2017,8,Carlotta Schell inc,"1,144,253",57
May 2017,8,Larry Stegall 2 inc,"815,055",38
May 2017,8,Charlene Richter inc,"705,787",37
May 2017,8,Sandra Crocker inc,"613,942",29
May 2017,9,Rachael Oehler inc,"502,857",24
May 2017,9,Barbara Bishop inc,"391,455",19
May 2017,9,Daniel Pouliot inc,"327,250",16
May 2017,9,Scott Brown 6 inc,"319,170",18
May 2017,9,Christopher Gerstner inc,"286,560",15
May 2017,10,Kristin Victoria inc,"733,555",37
May 2017,10,Socorro Stevens inc,"585,266",27
May 2017,10,Roger Murach inc,"579,522",31
May 2017,10,Iris Key inc,"501,692",26
May 2017,10,Maribel Prince inc,"452,551",22
May 2017,11,Paula Crumb inc,"1,664,539",90
May 2017,11,Matthew Verhoeven inc,"1,028,083",51
May 2017,11,Linda Hogan 2 inc,"984,083",47
May 2017,11,Kenneth Ramos inc,"823,704",43
May 2017,11,Rafael Tarr inc,"605,388",33
May 2017,12,Joe Cleghorn inc,"1,189,204",58
May 2017,12,Catherine Martin 7 inc,"920,369",48
May 2017,12,Delbert Sherlock inc,"723,456",38
May 2017,12,Priscilla Contreras 2 inc,"674,403",33
May 2017,12,Emily Jiggetts inc,"545,569",31
May 2017,13,Carol Green inc,"432,035",20
May 2017,13,Gary Koehler inc,"411,032",20
May 2017,13,Louise Ennis inc,"384,276",15
May 2017,13,Ida Cox 2 inc,"265,418",13
May 2017,13,Robert Brown 41 inc,"256,656",14
May 2017,14,Cynthia Wood 2 inc,"833,917",40
May 2017,14,James Mayoka inc,"739,953",35
May 2017,14,Stanley Summerville inc,"617,638",28
May 2017,14,Alex Richardson inc,"597,162",28
May 2017,14,John Bielinski inc,"532,449",31
May 2017,16,Cheryl Croom inc,"194,907",10
May 2017,16,Veronica Wroblewski inc,"157,090",7
May 2017,16,Timothy Staats inc,"154,916",6
May 2017,16,Willie Walker 4 inc,"141,433",6
May 2017,16,Ernie Shorb inc,"118,414",6
May 2017,17,Sharonda Jordan inc,"12,560,523",625
May 2017,17,Beatrice Pears inc,"11,446,641",556
May 2017,17,Nick Curtis inc,"8,281,135",419
May 2017,17,Virgil Lemon inc,"5,640,600",285
May 2017,17,Samuel Scott 3 inc,"5,225,487",261
May 2017,18,Ruth Fuentes inc,"658,356",32
May 2017,18,Leon Foster inc,"154,826",8
May 2017,18,Theresa Martini inc,"141,082",7
May 2017,18,Winnie Currie inc,"139,517",9
May 2017,18,Richard Mahoney inc,"136,029",6
May 2017,19,Lori Joseph inc,"12,407,648",606
May 2017,19,Ella Rose 2 inc,"10,524,580",535
May 2017,19,Chad Tobar inc,"9,994,283",514
May 2017,19,Tony Moore 3 inc,"6,535,171",323
May 2017,19,Zachary Mayle inc,"6,046,727",301
May 2017,20,Justin Ganser inc,"3,052,261",154
May 2017,20,Natasha Bucher inc,"2,151,617",109
May 2017,20,Sarah Harris 5 inc,"904,219",49
May 2017,20,Ann Myers inc,"805,520",38
May 2017,20,Craig Miller 4 inc,"798,427",40
May 2017,21,Thelma Cashen inc,"1,149,029",58
May 2017,21,Katherine Brown 4 inc,"1,041,381",55
May 2017,21,Toni Keith 2 inc,"951,757",49
May 2017,21,Eldridge Williams 2 inc,"864,722",47
May 2017,21,John Boschert inc,"789,760",35
May 2017,22,Shirley Tucker 2 inc,"273,692",12
May 2017,22,Daniel Browning inc,"241,254",10
May 2017,22,Elizabeth Ehrisman inc,"218,805",10
May 2017,22,Caitlin Bambacigno inc,"215,264",12
May 2017,22,Aileen Rivera inc,"200,898",10
May 2017,23,Ellen Tait inc,"392,581",19
May 2017,23,Stacey Sharon inc,"349,339",20
May 2017,23,Ernest Lohrenz inc,"301,850",14
May 2017,23,Gary Kalberer inc,"238,407",9
May 2017,23,Bruce Smith 7 inc,"222,065",13
May 2017,24,Mariah Pugh inc,"902,831",48
May 2017,24,Dorthea Brewington inc,"606,791",27
May 2017,24,Cynthia Vargas 2 inc,"546,787",25
May 2017,24,Donald Sullivan 5 inc,"542,387",26
May 2017,24,Roger Lavalley inc,"483,701",23
May 2017,25,Kathryn Carson inc,"4,141,753",200
May 2017,25,Rebecca Sales inc,"3,433,050",163
May 2017,25,Kay Connolly inc,"3,342,408",164
May 2017,25,Jeffrey Belcher 2 inc,"1,877,443",93
May 2017,25,Julie Lewis 2 inc,"1,599,039",72
May 2017,26,Kristy Fonseca inc,"334,120",18
May 2017,26,Cesar Ross inc,"322,341",17
May 2017,26,Samuel Miller 3 inc,"157,991",7
May 2017,26,John Hector inc,"148,974",6
May 2017,26,Ronald Bermeo inc,"134,189",6
May 2017,28,Lee Hodgkiss inc,"516,538",26
May 2017,28,Henry Anderson 4 inc,"302,991",14
May 2017,28,Maureen Colony inc,"294,838",13
May 2017,28,Charles Simonson inc,"281,441",16
May 2017,28,Jo Miland inc,"277,121",13
May 2017,29,Kirsten Huse inc,"737,263",38
May 2017,29,Tarsha Chance inc,"486,627",23
May 2017,29,Raymond Plaza inc,"262,590",14
May 2017,29,Lillian Thompson 2 inc,"228,383",11
May 2017,29,Betty Jones 9 inc,"207,408",10
May 2017,30,Donald Ireland inc,"1,535,719",71
May 2017,30,Clarence Streater inc,"1,013,027",51
May 2017,30,Doris King 3 inc,"1,007,398",53
May 2017,30,Dennis Johnson 6 inc,"824,349",43
May 2017,30,Mary Lancaster 3 inc,"725,973",36
May 2017,32,Harriet Reeder inc,"275,647",13
May 2017,32,Kenneth Burnette inc,"237,663",11
May 2017,32,Anthony Bjorkman inc,"145,997",8
May 2017,32,Thomas Stone 2 inc,"141,937",7
May 2017,32,Shanna Rice inc,"134,335",5
May 2017,33,Pearl Newport inc,"601,764",25
May 2017,33,Douglas Magic inc,"561,129",26
May 2017,33,Ronald Johnson 17 inc,"529,263",26
May 2017,33,Otto Deshotel inc,"464,006",23
May 2017,33,Christina Stanton inc,"391,667",19
May 2017,34,Nina Conn inc,"731,240",42
May 2017,34,Mitchell Kalhorn inc,"676,982",33
May 2017,34,Kris Endicott inc,"574,026",30
May 2017,34,Alysia Ceovantes inc,"571,638",30
May 2017,34,Danny Martinez inc,"484,578",24
May 2017,35,Bobby Ames inc,"193,551",12
May 2017,35,Pamela Spiro inc,"171,506",7
May 2017,35,Lewis Wiley inc,"168,032",7
May 2017,35,Juanita Whitton inc,"160,154",6
May 2017,35,William Glaude inc,"155,910",8
May 2017,36,Esther Diaz inc,"558,321",28
May 2017,36,Teresa Volk inc,"445,047",23
May 2017,36,Ronald Jones 10 inc,"368,731",15
May 2017,36,Henrietta Cook inc,"336,428",16
May 2017,36,Cythia Gunn inc,"218,678",13
May 2017,38,Douglas Mccullen inc,"303,048",15
May 2017,38,Miranda Tiller inc,"195,362",7
May 2017,38,Roberta Peery inc,"184,065",8
May 2017,38,Pearl Sperling inc,"146,401",7
May 2017,38,John Rishel inc,"139,794",5
May 2017,39,Patricia Marble inc,"360,877",19
May 2017,39,James Angles inc,"209,539",9
May 2017,39,John Wolfram inc,"188,671",10
May 2017,39,Kimberly Welchel inc,"171,910",10
May 2017,39,Jane Terry 3 inc,"149,591",8
May 2017,40,Karla Fernandez inc,"138,333",8
May 2017,40,James Pope 4 inc,"107,027",4
May 2017,40,Donald Turnquist inc,"106,030",5
May 2017,40,Matthew Anderson 3 inc,"90,899",4
May 2017,40,Kenneth Fountain inc,"86,101",3
May 2017,41,Joyce Mendez inc,"484,634",25
May 2017,41,Richard Bower inc,"398,518",20
May 2017,41,Angela Peterson 3 inc,"267,647",15
May 2017,41,Stella Walker inc,"245,294",11
May 2017,41,Veronica Paul inc,"185,440",10
May 2017,42,Carlene Phelps inc,"587,311",29
May 2017,42,Louis Kahn inc,"577,984",28
May 2017,42,Glenn Richmond inc,"463,979",24
May 2017,42,Vincenzo Devenport inc,"396,987",17
May 2017,42,Marvin Sanchez 2 inc,"392,249",20
May 2017,44,Jon Moore inc,"346,229",14
May 2017,44,Bart Carney inc,"305,329",15
May 2017,44,Ashley Krupa inc,"232,998",10
May 2017,44,Spencer Greenstreet inc,"220,192",10
May 2017,44,William Johnson 30 inc,"162,744",7
May 2017,46,Andrew Jones 9 inc,"303,267",16
May 2017,46,Paul Ross 3 inc,"286,925",15
May 2017,46,Edward Colter inc,"252,742",11
May 2017,46,Mariano Krenz inc,"249,534",11
May 2017,46,Milton Herrera inc,"232,744",11
May 2017,47,Jeff Carr 2 inc,"362,533",17
May 2017,47,Nicole Chamberlain inc,"352,063",19
May 2017,47,Walter Jorgensen inc,"243,320",13
May 2017,47,Marion Whitaker inc,"209,340",10
May 2017,47,Carlos Cook inc,"177,055",9
May 2017,48,Bryan Vasquez inc,"615,383",30
May 2017,48,Stanley Cuevas inc,"466,983",24
May 2017,48,Zelda Bozell inc,"452,510",22
May 2017,48,Maria Bugg inc,"404,379",22
May 2017,48,Angelina Hartz inc,"378,200",18
May 2017,49,Carole Lotton inc,"414,845",17
May 2017,49,Bernice Battles inc,"309,078",16
May 2017,49,Dale Nielsen inc,"301,374",15
May 2017,49,Joan Holmes 2 inc,"148,706",8
May 2017,49,Victor Parsons inc,"131,488",7
May 2017,51,Mary Mraz inc,"1,563,798",78
May 2017,51,Joanne Yannone inc,"1,207,321",62
May 2017,51,Micheal Styles inc,"1,025,950",47
May 2017,51,Cassandra Scarbrough inc,"915,693",50
May 2017,51,Jean Jolley inc,"912,449",46
May 2017,52,Jean Biser inc,"536,255",28
May 2017,52,Richard Bell 6 inc,"410,504",22
May 2017,52,Arthur Noel inc,"407,412",21
May 2017,52,Kurt Sapp inc,"379,561",19
May 2017,52,Sadie Mccrate inc,"318,139",15
May 2017,53,Cornelius Mattson inc,"3,900,504",187
May 2017,53,Keith Conley 3 inc,"3,208,464",156
May 2017,53,Cynthia Phelps inc,"1,880,271",96
May 2017,53,Robert Murdock inc,"1,731,781",83
May 2017,53,Debra Wilczynski inc,"1,630,049",81
May 2017,54,Eloise Sorbo inc,"358,552",20
May 2017,54,Michael Floyd 4 inc,"75,183",3
May 2017,54,Dwayne Brayman inc,"72,322",3
May 2017,54,Mark Cruz inc,"71,445",3
May 2017,54,Barbara Brantly inc,"69,316",3
May 2017,56,Mary Varos inc,"984,771",45
May 2017,56,Gerald Miller 3 inc,"827,243",41
May 2017,56,Robert Ballard 4 inc,"460,501",20
May 2017,56,Courtney Mansfield inc,"432,829",20
May 2017,56,Scott Cornelius inc,"401,034",19
May 2017,57,Jennifer Furr inc,"4,068,490",200
May 2017,57,Eddie Plunkett inc,"3,585,214",181
May 2017,57,Kenneth Huson inc,"2,952,347",149
May 2017,57,Rhonda Wheeler inc,"1,540,740",76
May 2017,57,Eloise Montgomery inc,"1,361,146",69
May 2017,58,Trevor Najera inc,"338,780",17
May 2017,58,Gregory Pollard inc,"207,674",8
May 2017,58,Karen Brendal inc,"188,307",11
May 2017,58,Brian Reyna inc,"161,025",8
May 2017,58,Anthony Rosenau inc,"150,441",6
May 2017,60,Lucas Ohara inc,"2,183,271",106
May 2017,60,Diane Perez 2 inc,"1,110,405",50
May 2017,60,Rafael Goss inc,"788,717",38
May 2017,60,Catherine Hurley inc,"691,482",31
May 2017,60,Kevin Deponte inc,"672,976",33
May 2017,61,Benjamin Elliott 3 inc,"358,806",19
May 2017,61,Alvin Garrison inc,"127,512",6
May 2017,61,Audrey Thrash inc,"107,965",7
May 2017,61,Ashley Hertenstein inc,"80,328",3
May 2017,61,Susan Wood 2 inc,"78,758",6
May 2017,62,Richard William inc,"382,568",17
May 2017,62,Richard Jones 18 inc,"352,466",18
May 2017,62,Gloria Scheunemann inc,"341,123",17
May 2017,62,Rita Mcreynolds inc,"282,913",16
May 2017,62,John Banks 5 inc,"232,928",14
May 2017,63,Nestor Wright inc,"541,379",25
May 2017,63,Johnathan Oldham inc,"397,163",18
May 2017,63,Jon Creasey inc,"295,205",14
May 2017,63,Robert Boyette inc,"285,039",13
May 2017,63,Raul Arroyo inc,"165,108",9
May 2017,64,Edgar Johnson 3 inc,"471,152",22
May 2017,64,Matthew Cassem inc,"456,352",24
May 2017,64,Evelia Rexford inc,"399,733",17
May 2017,64,Essie Chapman inc,"359,748",18
May 2017,64,Richard Armstrong 2 inc,"306,790",18
May 2017,65,Alfred Mcbath inc,"217,634",9
May 2017,65,Richard Boehm inc,"196,849",9
May 2017,65,Elton Lemons inc,"113,160",5
May 2017,65,Paul Abbott inc,"107,154",5
May 2017,65,Edwin Harper inc,"103,713",4
May 2017,66,Manuel Furlong inc,"1,001,952",51
May 2017,66,Derrick Phillips 2 inc,"400,904",21
May 2017,66,Dora Tuck inc,"347,045",17
May 2017,66,Robert Clark 17 inc,"272,871",13
May 2017,66,David Jagers inc,"262,573",13
May 2017,68,Nola Bulow inc,"874,644",40
May 2017,68,Clair Ziech inc,"251,251",14
May 2017,68,Jarvis Carrington inc,"246,054",13
May 2017,68,Sheri Stidham inc,"163,712",8
May 2017,68,Mary Harmon 3 inc,"149,701",7
May 2017,69,John Miller 7 inc,"202,794,720","10,040"
May 2017,69,Henry Barnhill inc,"51,262,578","2,566"
May 2017,69,June Gray inc,"31,922,996","1,582"
May 2017,69,Weston Hendon inc,"28,775,152","1,424"
May 2017,69,Pamela Glass 2 inc,"20,099,813",997
May 2017,70,Ileen Niss inc,"529,499",26
May 2017,70,Margie Dillard inc,"226,330",11
May 2017,70,Maxine Nolan inc,"167,171",7
May 2017,70,Lisa Gillen inc,"152,577",8
May 2017,70,Yolanda Carlock inc,"147,501",5
May 2017,71,Horace Magnuson inc,"194,434",8
May 2017,71,Harold Buster inc,"107,243",5
May 2017,71,Adam Shields inc,"97,653",4
May 2017,71,Cindy Perry 2 inc,"94,599",5
May 2017,71,Anna Blumberg inc,"91,273",4
May 2017,73,Kathleen Lavole inc,"540,539",25
May 2017,73,Marilyn Conatser inc,"245,888",11
May 2017,73,Sylvia Carter inc,"120,662",9
May 2017,73,Richard Miller 10 inc,"117,907",7
May 2017,73,Tracey Herz inc,"113,586",5
May 2017,74,Barbara Forney inc,"422,362",21
May 2017,74,Andrea Cioffi inc,"201,521",9
May 2017,74,Scott Blevins inc,"140,105",7
May 2017,74,Alan Prechtl inc,"125,362",6
May 2017,74,Morris Bennett inc,"116,904",5
May 2017,75,William Gomez 5 inc,"406,960",21
May 2017,75,Robert Flannigan 2 inc,"260,177",10
May 2017,75,Angel Raper inc,"212,845",10
May 2017,75,James Funk 2 inc,"198,793",9
May 2017,75,Daniel Rose inc,"189,698",11
May 2017,76,Bridget Kisner inc,"5,966,827",312
May 2017,76,Karen Ohare inc,"2,043,323",102
May 2017,76,Valerie Fitch inc,"1,958,664",96
May 2017,76,Brandon Lodi inc,"1,447,647",73
May 2017,76,Carolyn Reeves 2 inc,"1,425,072",71
May 2017,77,William Schwerdtfeger inc,"405,016",18
May 2017,77,David Alto inc,"223,242",13
May 2017,77,Ursula Martinez inc,"186,586",9
May 2017,77,Jorge Taber inc,"160,377",8
May 2017,77,Lewis Abram inc,"155,600",8
May 2017,78,John Offerdahl inc,"605,850",27
May 2017,78,Richard Hunsaker inc,"536,847",29
May 2017,78,Edward Levy inc,"515,338",20
May 2017,78,Kenneth Mullen inc,"495,641",24
May 2017,78,James Nesbit 2 inc,"338,279",18
May 2017,79,Stephen Krummel inc,"571,367",32
May 2017,79,Sabrina Arnold 2 inc,"571,162",31
May 2017,79,Ronald Miller 5 inc,"553,724",28
May 2017,79,Martin Adkins inc,"375,487",17
May 2017,79,Gregory Edwards inc,"374,678",20
May 2017,80,Eugene Pell inc,"443,969",22
May 2017,80,Clara Leung 2 inc,"297,874",13
May 2017,80,Kari Jones inc,"167,812",9
May 2017,80,Lillian Bailey inc,"140,533",7
May 2017,80,Theodore Martine inc,"120,767",6
May 2017,81,Maria Heller inc,"254,422",13
May 2017,81,William Silsby inc,"195,461",10
May 2017,81,Randall Kaufman inc,"175,175",8
May 2017,81,Julie Schultz inc,"155,734",7
May 2017,81,Timothy Paradise inc,"112,186",5
May 2017,82,Allen Emmons inc,"371,486",17
May 2017,82,Marie Husband inc,"293,675",15
May 2017,82,Thomas Regan inc,"144,326",7
May 2017,82,Joyce Wilson 5 inc,"139,922",9
May 2017,82,Gary Fleeger inc,"134,678",5
May 2017,83,Joyce Whitehead inc,"333,278",17
May 2017,83,Barry Schuh inc,"321,609",18
May 2017,83,Kenneth Hudson inc,"290,976",13
May 2017,83,Tyrone Thompson 2 inc,"276,593",16
May 2017,83,Chad Robinson 4 inc,"257,830",15
May 2017,84,Nichole Wilson inc,"179,697",9
May 2017,84,Margaret Matheny inc,"167,499",7
May 2017,84,Michael Wingham inc,"111,173",6
May 2017,84,Jeff Wyman inc,"105,105",5
May 2017,84,Barbara Chui inc,"99,232",7
May 2017,85,Bernard Nisbett inc,"262,156",12
May 2017,85,Bobby Mills inc,"248,250",10
May 2017,85,Kathleen Hodgson inc,"182,848",9
May 2017,85,Matthew Fain inc,"118,566",5
May 2017,85,Michael Smithson inc,"115,470",5
May 2017,86,Jared Kirk inc,"302,499",16
May 2017,86,Diana Seide inc,"142,572",6
May 2017,86,Margaret Thompson 6 inc,"136,416",6
May 2017,86,David Butler 4 inc,"123,213",6
May 2017,86,Christine Blackwell inc,"114,443",7
May 2017,87,Joe Montgomery inc,"4,667,848",230
May 2017,87,Doug Moran inc,"4,286,002",211
May 2017,87,Frank Garcia 2 inc,"3,948,786",194
May 2017,87,Tessie Jaramillo inc,"3,336,697",169
May 2017,87,Betty Hunter 2 inc,"3,070,487",156
May 2017,88,Heather Ramberg inc,"8,218,053",419
May 2017,88,Deidre Bright inc,"6,555,839",333
May 2017,88,Ronald Hussein inc,"6,289,793",309
May 2017,88,Samantha Jackson inc,"5,948,713",292
May 2017,88,Kristen Hurtado inc,"4,921,258",242
May 2017,89,Carl Fonseca inc,"308,235",14
May 2017,89,Kim Hayman inc,"108,349",4
May 2017,89,George Hicks 2 inc,"96,752",5
May 2017,89,James Roderick inc,"80,810",4
May 2017,89,Felicia Roberts 2 inc,"79,970",3
May 2017,90,Brian Moffatt inc,"697,875",34
May 2017,90,Brett Dejohn inc,"600,358",27
May 2017,90,Jeffrey Wilson inc,"395,752",18
May 2017,90,Lee Vazquez inc,"380,674",18
May 2017,90,Leslie Dejesus inc,"363,959",15
May 2017,91,Robert Rainville inc,"401,250",20
May 2017,91,Vicente Landeros inc,"161,845",10
May 2017,91,Christine Devine inc,"143,490",9
May 2017,91,Juana Bouchard inc,"133,639",6
May 2017,91,John Flowers 3 inc,"116,739",5
May 2017,92,Lisa Denning inc,"134,695",6
May 2017,92,Patricia Nazario inc,"48,664",2
May 2017,92,Charles Berg inc,"45,057",2
May 2017,92,David Millay inc,"39,738",1
May 2017,92,Annie Watson 3 inc,"34,462",1
May 2017,94,Dora Dermody inc,"428,733",21
May 2017,94,Zachary Solis inc,"405,046",18
May 2017,94,Brian Jones 8 inc,"290,812",14
May 2017,94,Cassie Franklin inc,"247,714",14
May 2017,94,Leslie Trull inc,"215,919",10
May 2017,96,Wendy Meyer inc,"783,387",41
May 2017,96,Lane Cross inc,"741,526",35
May 2017,96,Karen Holsten inc,"584,239",32
May 2017,96,Quinton Nelson inc,"565,901",26
May 2017,96,Bruce Braden inc,"515,584",25
May 2017,97,Richard Caskey inc,"896,441",49
May 2017,97,Beverly Lee inc,"788,774",39
May 2017,97,Joseph Burns 3 inc,"477,632",26
May 2017,97,David Lightfoot 2 inc,"445,120",26
May 2017,97,Edward Goodridge inc,"291,100",14
May 2017,98,Morris Denton inc,"393,978",19
May 2017,98,Bobby Rogers inc,"286,770",13
May 2017,98,Dwight Alexander inc,"249,751",13
May 2017,98,Tara Miller inc,"238,281",14
May 2017,98,Mavis Willis inc,"233,793",10
May 2017,100,Steven Epps inc,"664,597",33
May 2017,100,Candace Morton inc,"302,584",17
May 2017,100,Earl Brown 2 inc,"298,660",15
May 2017,100,George Mondragon inc,"275,934",14
May 2017,100,Leon Newell inc,"274,769",15
May 2017,101,Carol Tate inc,"366,874",19
May 2017,101,Derek Davis 2 inc,"345,570",18
May 2017,101,Larry Faucher inc,"242,944",11
May 2017,101,Lance Sanos inc,"242,489",13
May 2017,101,David Espitia inc,"210,098",9
May 2017,102,Barry Hart inc,"622,066",33
May 2017,102,Cleta Ro inc,"347,068",19
May 2017,102,Troy Centeno inc,"327,197",17
May 2017,102,Kimberly Luna inc,"269,008",13
May 2017,102,Ramona Lay inc,"252,640",11
May 2017,103,Austin Talty inc,"222,796",11
May 2017,103,William Murray 5 inc,"142,633",8
May 2017,103,Tracy Vansant inc,"108,290",5
May 2017,103,Sam Werner inc,"89,187",4
May 2017,103,Anna Campbell inc,"85,733",4
May 2017,104,Lillian Riffel inc,"369,281",17
May 2017,104,James Thomas 20 inc,"348,104",17
May 2017,104,Joseph Jacobs inc,"251,432",12
May 2017,104,Laura Johnson 8 inc,"195,455",10
May 2017,104,Jeffery Wills inc,"180,450",10
May 2017,105,Eusebio Steese inc,"548,478",30
May 2017,105,Shawna Ward inc,"247,609",10
May 2017,105,Gail Zastrow inc,"239,261",11
May 2017,105,Steve Haward inc,"220,366",11
May 2017,105,Phillip Lewis 3 inc,"216,408",9
May 2017,106,Antonia Greenberg inc,"520,496",27
May 2017,106,Bryan Porterfield inc,"274,547",12
May 2017,106,Tamara Vasquez inc,"240,135",12
May 2017,106,Thomas Crowe 2 inc,"183,366",8
May 2017,106,Debbie Mitchell inc,"169,328",6
May 2017,107,Julius Kutz inc,"3,035,847",158
May 2017,107,Tim Crosby inc,"2,038,491",100
May 2017,107,Michael Truelove inc,"1,188,870",61
May 2017,107,Mary Duke 3 inc,"1,081,682",53
May 2017,107,Kimberly Subido inc,"961,780",48
May 2017,108,Suzanne Hammond inc,"328,184",13
May 2017,108,Daniel Jackson 9 inc,"189,138",9
May 2017,108,Virginia Weymouth inc,"157,429",8
May 2017,108,Jeannine Lockett inc,"137,475",6
May 2017,108,Delois Mcdaniel inc,"130,834",7
May 2017,109,Lucille Knights inc,"797,060",38
May 2017,109,Jose Ortega inc,"582,810",27
May 2017,109,Maria Jobson inc,"437,332",21
May 2017,109,Willa Mccormick inc,"345,051",15
May 2017,109,Betty Bale inc,"304,963",16
May 2017,110,Donna Gonzalez 4 inc,"2,999,180",148
May 2017,110,Wanda Hill inc,"929,367",44
May 2017,110,Mae Brown inc,"919,212",47
May 2017,110,Connie Thompson 2 inc,"728,400",35
May 2017,110,Roger Pray inc,"726,341",33
May 2017,111,Marlon Braund inc,"332,299",14
May 2017,111,David Kilpatrick inc,"255,038",14
May 2017,111,Bertha Walton inc,"243,317",12
May 2017,111,Robert Flores 6 inc,"216,765",14
May 2017,111,Janice Rogers inc,"206,921",8
May 2017,112,Linda Black inc,"164,532",9
May 2017,112,Douglas Richner inc,"140,908",6
May 2017,112,Gregory Barnett 2 inc,"113,513",6
May 2017,112,Patrick Hubbard inc,"95,577",4
May 2017,112,Marcus Davis inc,"90,704",5
May 2017,113,Mary Montgomery 4 inc,"217,120",11
May 2017,113,Arlene Lehmberg inc,"179,834",9
May 2017,113,Ellen Foersterling inc,"119,077",5
May 2017,113,Darrell Weis inc,"110,080",5
May 2017,113,Joanna Ovalle inc,"85,923",4
May 2017,114,Kellie Aguilar inc,"419,722",22
May 2017,114,Joann Vidinha inc,"226,124",11
May 2017,114,Sandra Rustin inc,"206,421",8
May 2017,114,Leonard Crawford inc,"172,295",8
May 2017,114,Estella Bewick inc,"113,916",6
May 2017,115,John Campbell 11 inc,"330,829",16
May 2017,115,Johnny Ahmed inc,"215,340",12
May 2017,115,Cynthia Mccall inc,"188,966",8
May 2017,115,Holly Roper inc,"157,885",7
May 2017,115,Lamar Kyle inc,"134,520",8
May 2017,116,Chad Tobar inc,"1,208,627",59
May 2017,116,Matthew Barnett 3 inc,"1,046,702",51
May 2017,116,Mildred Leitheiser inc,"916,159",47
May 2017,116,Anthony Wangler inc,"885,304",44
May 2017,116,Novella Yates inc,"794,854",43
May 2017,117,Theresa Martin 3 inc,"2,011,360",99
May 2017,117,Dion Cantu inc,"1,871,910",87
May 2017,117,Michael Farruggio inc,"1,487,847",77
May 2017,117,Catherine Tanner inc,"1,370,384",71
May 2017,117,Debra Alexander 2 inc,"1,142,120",60
May 2017,118,Werner Shepherd inc,"210,662",12
May 2017,118,Cristy Key inc,"206,501",8
May 2017,118,Shirley Brown 7 inc,"85,736",4
May 2017,118,Deidre Prieto inc,"74,364",4
May 2017,118,John Mcgovern inc,"72,558",4
May 2017,119,Betty Sanford inc,"317,088",16
May 2017,119,James Camp 3 inc,"283,515",12
May 2017,119,Lamar Gates inc,"245,568",11
May 2017,119,Jason Pappas inc,"222,719",11
May 2017,119,James David 2 inc,"202,731",12
May 2017,120,Timothy Blackman inc,"307,509",16
May 2017,120,Sandra Summers inc,"258,686",15
May 2017,120,Patricia Nebergall inc,"202,252",9
May 2017,120,Kenneth Lewis 3 inc,"190,347",10
May 2017,120,Denise Fowler 2 inc,"184,379",8
May 2017,122,Karen Holsten inc,"134,519",7
May 2017,122,Roberta Malcolm inc,"61,621",3
May 2017,122,Summer Parker inc,"48,679",2
May 2017,122,Erma Vaden inc,"44,587",2
May 2017,122,Derek Zimmerman inc,"43,755",3
May 2017,123,Alan Shannon inc,"616,963",30
May 2017,123,Rita Barber inc,"515,990",28
May 2017,123,Katharine Mathews inc,"361,263",20
May 2017,123,Kurt Garcia inc,"354,967",16
May 2017,123,Cecila Ragusa inc,"225,381",11
May 2017,124,Richard Blevins inc,"433,716",23
May 2017,124,Ellsworth Shubert inc,"305,173",14
May 2017,124,Weston Cyree inc,"227,618",9
May 2017,124,Jodie Otero inc,"220,081",11
May 2017,124,Kara Cotner inc,"214,953",10
May 2017,125,Alex Purtell inc,"429,935",22
May 2017,125,Virginia Maisey inc,"411,698",20
May 2017,125,Brent Higgins inc,"404,805",19
May 2017,125,Caroline Mccann inc,"371,868",17
May 2017,125,Anthony Cain 2 inc,"323,876",15
May 2017,126,Kristi Radford inc,"620,944",28
May 2017,126,Dorothy Tolman inc,"542,211",23
May 2017,126,Alice Freitag inc,"420,930",18
May 2017,126,Oscar Nelson 2 inc,"398,888",21
May 2017,126,Kevin Chang inc,"393,095",18
May 2017,128,Lisa Macki inc,"502,988",25
May 2017,128,Pamela Pickett inc,"367,057",18
May 2017,128,Eva Moffat inc,"331,963",15
May 2017,128,Richard Ward 7 inc,"224,905",11
May 2017,128,Matthew Hebert 3 inc,"222,256",11
May 2017,129,Barbara Sasaki inc,"668,439",34
May 2017,129,Robert Dockery inc,"545,166",26
May 2017,129,Sabrina Holley inc,"502,558",22
May 2017,129,Jackson Tweedy inc,"348,488",18
May 2017,129,Beverly Johnson 3 inc,"318,922",14
May 2017,130,Virginia Mustafa inc,"248,729",10
May 2017,130,Barbara Romero 2 inc,"109,573",4
May 2017,130,Michele Walters inc,"71,327",3
May 2017,130,Roy Guertin inc,"56,657",2
May 2017,130,Kevin Peters inc,"54,392",2
May 2017,131,Bill Brainard inc,"815,678",42
May 2017,131,James Orrick inc,"742,374",38
May 2017,131,Christen Harlow inc,"707,177",35
May 2017,131,Christian Penn inc,"573,805",29
May 2017,131,Micheal Moyer inc,"564,185",26
May 2017,133,George Cecchini inc,"231,106",10
May 2017,133,Dean Noggle inc,"179,406",10
May 2017,133,Tyler Sharpe inc,"155,468",8
May 2017,133,Dorothy Eder inc,"128,950",6
May 2017,133,Joseph Palmese inc,"109,175",6
May 2017,135,Michael King 9 inc,"869,420",41
May 2017,135,Erik Tovar inc,"541,286",26
May 2017,135,Phillip Carlson inc,"418,064",19
May 2017,135,Hugh Ford inc,"399,408",20
May 2017,135,Irma Zamarripa inc,"301,366",13
May 2017,136,Boyd Delosh inc,"620,003",31
May 2017,136,Justin Pellicone inc,"561,094",25
May 2017,136,John Marsaw inc,"443,140",22
May 2017,136,Jennifer Brown 8 inc,"392,891",22
May 2017,136,Mark Parrish inc,"313,897",16
May 2017,137,Charles Cota inc,"7,290,358",345
May 2017,137,George Caporiccio inc,"6,689,479",333
May 2017,137,Liana Ramos inc,"6,452,181",313
May 2017,137,Rebecca Ross inc,"5,018,289",240
May 2017,137,Claudia Frazier inc,"2,782,748",141
May 2017,138,Jessica Wilson inc,"1,313,705",66
May 2017,138,Barbara Brantly inc,"1,186,477",60
May 2017,138,Elizabeth Pennington inc,"1,128,907",62
May 2017,138,Eloise Sorbo inc,"769,035",35
May 2017,138,Carol Martin 4 inc,"697,042",32
May 2017,139,Irene Rutledge inc,"429,327",23
May 2017,139,Caroline Green inc,"322,459",15
May 2017,139,Jean Rogers 2 inc,"290,380",14
May 2017,139,Margie Alford inc,"235,930",11
May 2017,139,Patricia Ross 4 inc,"195,008",9
May 2017,140,Janet Mendiola inc,"2,512,809",124
May 2017,140,Eugene Lovelace inc,"1,258,341",62
May 2017,140,Robert Molina 2 inc,"1,213,728",62
May 2017,140,Lorraine Bittner inc,"1,069,464",56
May 2017,140,Chad Tobar inc,"836,451",44
May 2017,142,Manuel Lanehart inc,"326,021",19
May 2017,142,Bertha Albright inc,"84,628",4
May 2017,142,Janet Banks inc,"83,262",5
May 2017,142,Dyan Davis inc,"82,486",5
May 2017,142,Gregg Perez inc,"78,294",5
May 2017,143,Scott Hepburn inc,"7,371,043",368
May 2017,143,Helen Kern inc,"6,133,288",306
May 2017,143,Alan Eisenhower inc,"5,407,553",275
May 2017,143,Rose Garner inc,"4,562,221",233
May 2017,143,Rashida Hernandez inc,"3,604,272",183
May 2017,144,Kristofer Oquinn inc,"321,954",17
May 2017,144,Melvin Haro inc,"236,512",12
May 2017,144,Patricia Saucedo inc,"204,942",9
May 2017,144,Robert Mccain inc,"200,019",12
May 2017,144,Andres Knight inc,"157,771",9
May 2017,145,Helen Brown 6 inc,"507,572",23
May 2017,145,Martin Long inc,"451,028",26
May 2017,145,Emmett Christian inc,"326,997",14
May 2017,145,Matt Harris inc,"176,118",7
May 2017,145,Andrew Powers 3 inc,"175,372",9
May 2017,146,Mary Kirby 2 inc,"461,084",22
May 2017,146,Sandra Kalkman inc,"202,787",9
May 2017,146,John Powell 7 inc,"182,891",7
May 2017,146,Edward Cross inc,"161,947",7
May 2017,146,Suzanne Bartholomew inc,"143,294",6
May 2017,147,Patricia Dodson inc,"650,688",31
May 2017,147,Thomas Chipps inc,"582,924",27
May 2017,147,Emma Laird inc,"504,248",28
May 2017,147,Rachel Kennedy 2 inc,"482,928",25
May 2017,147,Richard Chavez 3 inc,"476,015",25
May 2017,148,Christopher Mcdonald inc,"536,555",26
May 2017,148,Tricia Dozier inc,"402,448",18
May 2017,148,Nicolas Flaming inc,"287,870",13
May 2017,148,Floyd Head inc,"240,189",12
May 2017,148,Trudy Scott inc,"148,716",7
May 2017,149,Alexandria Sarmiento inc,"3,909,005",193
May 2017,149,Kenneth Larson inc,"3,769,934",181
May 2017,149,Jerold Caldwell inc,"2,522,492",123
May 2017,149,Kelly Perez 2 inc,"2,367,195",116
May 2017,149,Lorraine Kennedy inc,"1,597,198",77
May 2017,150,Effie Mayfield inc,"501,824",26
May 2017,150,Corey Perron inc,"274,269",14
May 2017,150,Theresa Woods inc,"261,136",12
May 2017,150,William Trotter inc,"187,381",11
May 2017,150,Joe Joiner 2 inc,"176,676",9
May 2017,151,Shakita Jones inc,"292,432",13
May 2017,151,Cleo Shapiro inc,"249,134",12
May 2017,151,Elfriede Jones inc,"179,584",9
May 2017,151,Darren Fairchild inc,"106,227",5
May 2017,151,Jeanette Wilkinson inc,"97,757",5
May 2017,153,Gary Neri inc,"316,630",15
May 2017,153,Jimmy Scully inc,"255,489",14
May 2017,153,Terry Franz inc,"201,458",8
May 2017,153,Martha Goldstein inc,"192,240",12
May 2017,153,Ruth Landing inc,"151,441",7
May 2017,155,Susie Wynn inc,"635,967",34
May 2017,155,Lena Napolitano inc,"465,913",23
May 2017,155,Tracie Pennington inc,"458,270",22
May 2017,155,Tina Salls inc,"401,064",20
May 2017,155,Chang Harvilla inc,"340,115",15
May 2017,156,Christopher Butts 2 inc,"683,418",37
May 2017,156,Pamela Griffin inc,"402,813",19
May 2017,156,Dorothy Miesch inc,"364,657",18
May 2017,156,Bart Massey inc,"302,689",19
May 2017,156,Della Dudziak inc,"237,096",11
May 2017,157,Helen Burnsworth inc,"1,479,840",75
May 2017,157,Loree Hansen inc,"346,316",16
May 2017,157,Pearl Stone inc,"335,892",14
May 2017,157,Andrew Owens inc,"236,668",11
May 2017,157,Robert Jenkins 7 inc,"222,105",12
May 2017,158,Dee Gallager inc,"12,096,889",607
May 2017,158,Darryl Revak inc,"11,490,815",586
May 2017,158,Robert Cruz 2 inc,"7,405,391",378
May 2017,158,Domingo Harper inc,"6,177,021",302
May 2017,158,Bridget Patterson inc,"5,475,799",274
May 2017,159,Roy Coats inc,"1,386,126",69
May 2017,159,Mary Hudspeth inc,"542,016",27
May 2017,159,Lorenzo Hawkins inc,"507,721",29
May 2017,159,Sean Groover inc,"401,909",19
May 2017,159,Allan Carter 2 inc,"371,481",16
May 2017,160,Richard Mccabe inc,"8,826,776",439
May 2017,160,Eliz Prater inc,"5,289,656",281
May 2017,160,Donna Croshaw inc,"3,161,792",151
May 2017,160,Patricia Sharp 2 inc,"3,150,441",153
May 2017,160,Laurena Parks inc,"2,531,742",124
May 2017,161,Delbert Plater inc,"2,125,450",108
May 2017,161,Joyce Fletcher inc,"1,887,780",102
May 2017,161,Claire Mcclendon inc,"1,161,392",63
May 2017,161,Bernice Winner inc,"931,915",42
May 2017,161,Sebastian Cabrera inc,"869,982",39
May 2017,162,Pedro Roberts 2 inc,"612,294",31
May 2017,162,Maureen Werre inc,"498,397",26
May 2017,162,Allen Wiersma inc,"451,188",23
May 2017,162,Sanford Myers inc,"398,129",19
May 2017,162,Jennifer Rudio inc,"370,833",16
May 2017,163,Kathy Briggs inc,"435,568",22
May 2017,163,Dale Lotzer inc,"429,577",22
May 2017,163,Linda Rogers 6 inc,"409,408",22
May 2017,163,Helen Mccutchan inc,"281,675",13
May 2017,163,Virginia Payne 2 inc,"267,377",11
May 2017,165,David Blackwell inc,"431,942",19
May 2017,165,Tyrone Malone inc,"377,493",17
May 2017,165,Florence Botcher inc,"244,323",11
May 2017,165,Michael Mabry inc,"240,758",11
May 2017,165,James Wells 5 inc,"173,857",7
May 2017,166,Cheryl Boone inc,"357,831",15
May 2017,166,Opal Siegel inc,"266,158",15
May 2017,166,Rodney Hatton inc,"213,239",12
May 2017,166,Gina Sichler inc,"145,031",8
May 2017,166,Ali Newsome inc,"136,212",7
May 2017,167,Betty Brown 9 inc,"716,502",37
May 2017,167,Valerie Doyle inc,"249,396",11
May 2017,167,Ronald Brooks 3 inc,"246,010",11
May 2017,167,Richard Sittre inc,"186,113",7
May 2017,167,Mary Pereda inc,"180,080",7
May 2017,168,Richard James 5 inc,"527,505",24
May 2017,168,Mary Gallegos 2 inc,"498,380",28
May 2017,168,David Reyes 2 inc,"483,521",26
May 2017,168,Kristin Mcmurray inc,"479,618",25
May 2017,168,Lucy Thomas 2 inc,"469,863",25
May 2017,169,Helen Mckean inc,"1,187,458",53
May 2017,169,Barbara Enfinger inc,"1,071,932",50
May 2017,169,Larry Frias inc,"884,035",45
May 2017,169,Roy Lindsay inc,"859,097",42
May 2017,169,Tom Judge inc,"829,669",46
May 2017,170,Thelma Metayer inc,"489,126",24
May 2017,170,Mamie James inc,"306,865",18
May 2017,170,Reyes Milford inc,"279,001",12
May 2017,170,Jack Terry 2 inc,"233,928",11
May 2017,170,Julia Childress inc,"174,874",7
May 2017,171,Sandra Wells inc,"1,282,703",70
May 2017,171,Bryan Harris 4 inc,"706,226",42
May 2017,171,Sarah Palmieri inc,"666,951",32
May 2017,171,David Holmes 4 inc,"608,912",31
May 2017,171,Megan Mattson inc,"348,071",19
May 2017,172,Jennie Gibbs inc,"534,119",29
May 2017,172,Emily Hill 2 inc,"494,300",23
May 2017,172,Vernon Gross 2 inc,"493,010",19
May 2017,172,Tommy Mcfarland inc,"440,455",20
May 2017,172,Carlos Miller inc,"231,733",14
May 2017,173,Robert Doyle 3 inc,"1,330,996",65
May 2017,173,Raleigh Gracia inc,"960,351",44
May 2017,173,Yolanda Panzarella inc,"752,733",36
May 2017,173,Patrick Roberts 2 inc,"518,681",24
May 2017,173,Robert Warne inc,"476,259",23
May 2017,174,Cody Leonard inc,"786,933",38
May 2017,174,Debra Rose 2 inc,"569,234",29
May 2017,174,Karen Coffman inc,"441,280",24
May 2017,174,Andrea Claybrook inc,"395,320",21
May 2017,174,Nancy Mckeown inc,"358,324",20
May 2017,175,Judy Fujimoto inc,"592,391",28
May 2017,175,Rebecca Kelly 2 inc,"494,667",23
May 2017,175,Karen Wallace 2 inc,"426,353",21
May 2017,175,Eugene Santelli inc,"389,010",18
May 2017,175,Pauline Burdette inc,"356,312",20
May 2017,178,Maria Allen 4 inc,"210,776",10
May 2017,178,Lamont Miyashiro inc,"136,049",7
May 2017,178,Tiffany Hardin inc,"98,052",6
May 2017,178,Sandra Higginson inc,"81,337",4
May 2017,178,Sandra Kimball inc,"47,964",3
May 2017,179,Michael Swirsky inc,"4,731,087",235
May 2017,179,Gladys Castillo inc,"1,410,228",69
May 2017,179,Alan Poe inc,"1,190,090",64
May 2017,179,Curtis Banks inc,"939,605",46
May 2017,179,Judy Lutz inc,"818,533",42
May 2017,180,Denise Sievers inc,"643,002",30
May 2017,180,Anna Harrison inc,"593,748",32
May 2017,180,Arthur Coker inc,"262,853",12
May 2017,180,Alexandra Green inc,"215,605",14
May 2017,180,Ila Mcgrath inc,"204,484",11
May 2017,181,Juan Walsh 2 inc,"1,038,231",52
May 2017,181,Edith Roll inc,"415,016",19
May 2017,181,Kathleen Gau inc,"297,184",16
May 2017,181,Grant Son inc,"277,655",15
May 2017,181,Ella Harding inc,"271,047",16
May 2017,182,Misty Slaugh inc,"625,991",32
May 2017,182,Julia Cope inc,"390,786",18
May 2017,182,Harold Strand inc,"316,761",14
May 2017,182,Janice Wilson 2 inc,"310,595",13
May 2017,182,Betty Pew inc,"301,868",14
May 2017,183,Angela Jackson 5 inc,"417,166",20
May 2017,183,Shanon Battle inc,"366,913",21
May 2017,183,William Munroe inc,"332,089",17
May 2017,183,Michael Ko inc,"288,879",15
May 2017,183,John Otoole inc,"272,526",13
May 2017,184,Harold Ames inc,"313,718",16
May 2017,184,Charlotte Valdez inc,"294,968",15
May 2017,184,Christopher Waage inc,"290,469",15
May 2017,184,Tracy Webster inc,"260,120",14
May 2017,184,Denise Carlton inc,"226,858",10
May 2017,186,Christine Paulino inc,"365,701",19
May 2017,186,Larry Reid inc,"309,887",15
May 2017,186,Brett Richardson inc,"305,648",13
May 2017,186,David Zapata inc,"258,155",14
May 2017,186,Cora Brown inc,"249,857",12
May 2017,187,Trudie Baker inc,"346,268",17
May 2017,187,Joseph Miles inc,"342,042",17
May 2017,187,Terence Harstad inc,"239,548",12
May 2017,187,Matthew Willingham inc,"233,419",10
May 2017,187,Steven Kimbrell inc,"213,328",9
May 2017,188,Linda Alexander inc,"506,445",25
May 2017,188,Anne Grantham inc,"502,550",25
May 2017,188,Barbara Waldorf inc,"495,499",24
May 2017,188,Ryan Widell inc,"479,200",25
May 2017,188,Joseph Jones 15 inc,"408,407",20
May 2017,189,Andrew Eastman inc,"895,436",47
May 2017,189,Christina Chamberlain inc,"712,503",37
May 2017,189,Gertrude Espinosa inc,"668,379",35
May 2017,189,Diane Allen 2 inc,"476,219",27
May 2017,189,Jack Huffman inc,"367,521",18
May 2017,190,Jay Hokanson inc,"471,549",23
May 2017,190,Bernice Harris inc,"218,262",11
May 2017,190,Thomas Voyer inc,"186,484",11
May 2017,190,Linda Dallas inc,"176,963",6
May 2017,190,Alisa Chaisson inc,"131,354",6
May 2017,191,Virginia Greer inc,"456,513",21
May 2017,191,Patrick Heiden inc,"456,019",21
May 2017,191,Brenda Gagnon inc,"379,214",17
May 2017,191,Frank Lundborg inc,"367,915",20
May 2017,191,Jocelyn Bruce inc,"324,225",16
May 2017,193,Adan Ellis inc,"364,411",18
May 2017,193,Lisa Plummer inc,"361,367",17
May 2017,193,Dorothy Woods inc,"318,254",16
May 2017,193,Renate Snyder inc,"284,955",14
May 2017,193,Richard Rombough inc,"196,433",10
May 2017,194,Alison Magallanes inc,"444,104",21
May 2017,194,Walter Washington 2 inc,"233,008",13
May 2017,194,Mark Horst inc,"224,888",9
May 2017,194,Irma Bales inc,"210,213",11
May 2017,194,Edgar Beeler inc,"177,234",9
May 2017,195,Klara Ibanez inc,"292,112",13
May 2017,195,John Wright 18 inc,"265,234",13
May 2017,195,James Everhart 2 inc,"233,904",10
May 2017,195,Dion Cantu inc,"190,711",9
May 2017,195,Casey Dawkins inc,"184,542",11
May 2017,197,Claudia Rodriguez inc,"805,474",36
May 2017,197,Gregory Bettis inc,"352,794",16
May 2017,197,Randi Duke inc,"321,216",17
May 2017,197,Ella Rose 2 inc,"269,507",14
May 2017,197,Chad Tobar inc,"263,340",13
May 2017,198,Michael Howe 2 inc,"178,527",9
May 2017,198,Jose Emerson inc,"176,973",9
May 2017,198,Nancy Foley inc,"168,310",8
May 2017,198,Walter Barbieri inc,"149,174",8
May 2017,198,Charles Fritter inc,"148,818",6
May 2017,199,Elbert Six inc,"1,499,192",72
May 2017,199,Crystal Dwyer inc,"1,199,564",57
May 2017,199,Roger Serrano inc,"802,760",38
May 2017,199,Daryl Taylor inc,"695,849",31
May 2017,199,Judy Evans 3 inc,"602,510",32
May 2017,200,Sandra Davenport inc,"2,150,280",116
May 2017,200,Teresa Ellis inc,"1,641,683",83
May 2017,200,Latanya Crofton inc,"1,268,048",64
May 2017,200,Juan Sojka inc,"1,075,687",51
May 2017,200,Nick Holcombe inc,"933,616",46
May 2017,201,James Howell 7 inc,"499,464",24
May 2017,201,Rosemary Clark inc,"265,726",12
May 2017,201,Dawn Jackson 4 inc,"207,940",10
May 2017,201,Concepcion Kyle inc,"185,679",9
May 2017,201,Patricia Hernandez 4 inc,"180,630",10
May 2017,203,Albert Cadwell inc,"337,577",17
May 2017,203,Jeffrey Berryman inc,"168,484",10
May 2017,203,Wayne Bird inc,"146,693",6
May 2017,203,Tyson Yen inc,"140,390",6
May 2017,203,Ken Grant inc,"133,075",7
May 2017,204,Ruth Newark inc,"292,216",13
May 2017,204,Hosea Ray inc,"119,115",4
May 2017,204,Debora Giles inc,"110,593",5
May 2017,204,Josephina Taylor inc,"101,397",4
May 2017,204,Michelle Lilly inc,"95,246",5
May 2017,205,Tyrone Dwaileebe inc,"150,874",8
May 2017,205,Thomas Anderson 10 inc,"117,058",6
May 2017,205,Julian Rangel inc,"98,555",6
May 2017,205,Todd Ogden inc,"81,313",4
May 2017,205,Roberto Szymanski inc,"72,279",4
May 2017,206,Ryan Gregg inc,"234,969",12
May 2017,206,Louise Owens inc,"171,702",8
May 2017,206,Susan Klotz inc,"162,301",9
May 2017,206,Treva Padilla inc,"132,398",6
May 2017,206,Alberto Holmes inc,"119,111",6
May 2017,207,Clarence Griffin inc,"179,378",8
May 2017,207,Glenn Marshall inc,"105,598",4
May 2017,207,Chelsie Hayes inc,"93,591",5
May 2017,207,Vincent Peterson 2 inc,"93,555",6
May 2017,207,Teresa Begley inc,"75,243",4
May 2017,208,Michael Abramson inc,"609,738",31
May 2017,208,Paula Santiago inc,"147,923",7
May 2017,208,Dale Skalicky inc,"104,924",4
May 2017,208,Jason Ho inc,"102,582",5
May 2017,208,Lynette Kaehler inc,"99,850",4
May 2017,209,Meaghan Saylor inc,"740,442",36
May 2017,209,Ma Rowlands inc,"646,715",34
May 2017,209,Michael Mincey inc,"417,120",23
May 2017,209,Wanda Lundberg inc,"343,086",17
May 2017,209,Cathrine Guerrero inc,"342,073",14
May 2017,210,Angela Parsons inc,"864,447",43
May 2017,210,Jamie Remillard inc,"809,700",43
May 2017,210,Felipe Erickson inc,"691,342",33
May 2017,210,Michael Mocher inc,"671,024",31
May 2017,210,Timothy Godwin inc,"564,182",28
May 2017,211,Darryl Ellis inc,"337,184",14
May 2017,211,William Darden inc,"318,894",16
May 2017,211,Ryan Charles inc,"263,309",16
May 2017,211,Karren Gibson inc,"229,931",10
May 2017,211,Richard Allen 4 inc,"221,944",12
May 2017,212,Donald Pimental inc,"4,860,607",232
May 2017,212,Rebecca Johnson 9 inc,"3,297,945",157
May 2017,212,Anna Risher inc,"2,326,572",115
May 2017,212,Lisa Jones 9 inc,"2,035,870",102
May 2017,212,Bernice Pratt inc,"2,006,984",97
May 2017,213,Katherine Stickel inc,"2,326,590",113
May 2017,213,Elizabeth Thomas 10 inc,"1,949,555",93
May 2017,213,Chad Tobar inc,"1,440,365",73
May 2017,213,Ella Rose 2 inc,"1,184,846",61
May 2017,213,Nichol Gentry inc,"1,120,489",54
May 2017,214,Daniel Steinbach inc,"297,425",13
May 2017,214,Elizabeth Dougherty inc,"238,193",11
May 2017,214,Miles West inc,"229,295",12
May 2017,214,Scott Debroux inc,"195,415",9
May 2017,214,Rosendo Wallin inc,"182,829",9
May 2017,215,Katherine Caldwell inc,"654,463",32
May 2017,215,Mary Keath inc,"78,942",3
May 2017,215,Joanne Webb inc,"55,067",2
May 2017,215,Dennis Landon inc,"53,422",3
May 2017,215,Kirk Adams inc,"51,288",2
May 2017,216,Helen Acosta inc,"313,084",15
May 2017,216,James Nelson 9 inc,"259,280",10
May 2017,216,Wesley Ramirez inc,"212,612",9
May 2017,216,Mary Donati inc,"191,514",9
May 2017,216,William Gibson 6 inc,"181,105",9
May 2017,218,Julianne Mchugh inc,"678,892",34
May 2017,218,Charles Oneil inc,"296,977",16
May 2017,218,Nina Humphreys inc,"268,645",11
May 2017,218,Matthew Gonzalez 4 inc,"242,185",12
May 2017,218,Mildred Walton inc,"238,421",10
May 2017,219,Donald Smith 19 inc,"805,784",37
May 2017,219,Rodney Lichtenberg inc,"599,758",31
May 2017,219,Alfreda Mcnaughton inc,"480,188",23
May 2017,219,James Henderson 10 inc,"459,539",24
May 2017,219,Christopher Marinaccio inc,"344,666",18
May 2017,220,Rose Smith 7 inc,"385,166",18
May 2017,220,Valerie Ellison inc,"220,988",11
May 2017,220,Grace Gorman inc,"184,750",8
May 2017,220,Jaime Joyce inc,"160,219",7
May 2017,220,Kathleen Mcbride inc,"155,047",8
May 2017,221,Vanessa Yepsen inc,"115,568",5
May 2017,221,Robert Stone 6 inc,"108,784",4
May 2017,221,Jean Andrus inc,"107,416",4
May 2017,221,Linda Harrist inc,"91,982",4
May 2017,221,Rose Brewer 2 inc,"87,685",6
May 2017,222,Melvin Hurt inc,"431,038",20
May 2017,222,Jonathon Morrison inc,"251,983",12
May 2017,222,Joan Baggesen inc,"222,730",10
May 2017,222,Maria Alston inc,"118,283",6
May 2017,222,Dion Cantu inc,"103,894",5
May 2017,223,Gracie Mcmorran inc,"648,835",32
May 2017,223,Connie Thompson inc,"426,460",21
May 2017,223,Judy Turner inc,"335,546",16
May 2017,223,Rachel Allman inc,"242,721",12
May 2017,223,Ronald Daniels 2 inc,"221,328",11
May 2017,224,John Sutton 8 inc,"508,822",26
May 2017,224,Deborah Harris 5 inc,"224,913",11
May 2017,224,Ronald Perkins 2 inc,"202,820",12
May 2017,224,Guillermo Wasson inc,"186,228",10
May 2017,224,Michael Stiteler inc,"119,852",5
May 2017,226,John Rutherford 4 inc,"1,597,593",84
May 2017,226,Maggie Rosa inc,"733,973",37
May 2017,226,Jaime Marks inc,"470,112",24
May 2017,226,Joseph Dempsey inc,"411,342",22
May 2017,226,Kori Butler inc,"348,742",14
May 2017,227,Frank Mahler inc,"123,318",6
May 2017,227,Robert Baker 8 inc,"107,116",5
May 2017,227,Brandon Morrison 2 inc,"94,403",4
May 2017,227,James Holbrook inc,"84,742",3
May 2017,227,Michele Dunn inc,"79,124",4
May 2017,228,Deborah Dampeer inc,"183,957",8
May 2017,228,David Piles inc,"155,003",7
May 2017,228,Bobby Wortham inc,"127,249",8
May 2017,228,Mary Harland inc,"124,097",6
May 2017,228,Pablo Laboy inc,"114,196",5
May 2017,229,Christina Moralez inc,"514,849",24
May 2017,229,Amanda Robinson 2 inc,"264,369",11
May 2017,229,Anton Greene inc,"255,835",14
May 2017,229,Roy Hann inc,"221,022",11
May 2017,229,Muriel Alvarez inc,"211,906",11
May 2017,230,Mary Melendez 3 inc,"418,858",20
May 2017,230,Terry Morris inc,"295,639",14
May 2017,230,John Rivera 9 inc,"229,267",11
May 2017,230,Casey Hampton inc,"197,681",8
May 2017,230,Joseph Bass inc,"182,967",10
May 2017,231,Robert Barfield inc,"1,153,041",53
May 2017,231,Joshua Berryhill inc,"1,024,980",53
May 2017,231,Edward Hebert 3 inc,"765,490",39
May 2017,231,Gladys Perry inc,"711,298",32
May 2017,231,Florence Mitchell 2 inc,"698,562",36
May 2017,232,Whitney Delgado inc,"568,789",28
May 2017,232,Charles Urias inc,"516,731",21
May 2017,232,Truman Garcia inc,"453,052",22
May 2017,232,James Carpenter 7 inc,"430,166",22
May 2017,232,Karen Griffin inc,"365,168",19
May 2017,233,Chad Tobar inc,"4,850,285",229
May 2017,233,Ella Rose 2 inc,"2,782,741",133
May 2017,233,John Mcneal 2 inc,"2,071,946",96
May 2017,233,Ruth Kohl inc,"2,061,388",99
May 2017,233,Lori Joseph inc,"1,834,331",91
May 2017,234,Daniel Marshall 7 inc,"582,061",29
May 2017,234,Alice Dickerson inc,"492,209",25
May 2017,234,Anthony Tobey inc,"466,123",22
May 2017,234,Eva Wise inc,"285,478",13
May 2017,234,Rachel Honeycutt inc,"245,181",13
May 2017,235,Michael Brickner inc,"214,142",10
May 2017,235,Peter Adams 3 inc,"180,265",8
May 2017,235,Myra Abron inc,"105,745",6
May 2017,235,Shawn Helfrich inc,"84,530",3
May 2017,235,Andrew Bullock inc,"72,508",3
May 2017,236,Nick Redenius inc,"143,201",5
May 2017,236,Brandon Winchell inc,"123,801",6
May 2017,236,Maria Mitchell 4 inc,"115,269",5
May 2017,236,Jeremy Adams 3 inc,"109,779",5
May 2017,236,Angela Smith 12 inc,"82,443",4
May 2017,237,Bernice Batz inc,"201,205",9
May 2017,237,Julie Hughes inc,"156,552",8
May 2017,237,Elizabeth Thompson 5 inc,"104,970",5
May 2017,237,Roy Lafayette inc,"84,495",5
May 2017,237,Earl Quarles inc,"79,812",3
May 2017,238,Kenneth Kimbler inc,"958,614",44
May 2017,238,Greg Myers inc,"662,874",32
May 2017,238,Robin Forbes inc,"655,046",32
May 2017,238,Christopher Smith 19 inc,"497,781",24
May 2017,238,Eugene Roberts inc,"381,242",22
May 2017,239,Jackson Tallant inc,"523,231",24
May 2017,239,Ivelisse Cipriani inc,"361,146",16
May 2017,239,Leonard Parton inc,"294,156",14
May 2017,239,Don Perez inc,"247,673",12
May 2017,239,Dean Arteaga inc,"201,603",10
May 2017,240,Erick Porter inc,"154,414",10
May 2017,240,Gloria Applin inc,"133,819",6
May 2017,240,Jessica Baxter inc,"98,851",5
May 2017,240,Geneva Mccroskey inc,"86,354",3
May 2017,240,Ronald Cantey inc,"79,383",4
May 2017,242,Mae Davis 3 inc,"997,875",48
May 2017,242,Ada Cough inc,"815,873",43
May 2017,242,Theodore Cooke inc,"457,228",20
May 2017,242,John Bordner inc,"443,977",23
May 2017,242,Ruby Nease inc,"361,303",18
May 2017,244,Vivian Cawthorne inc,"1,670,454",85
May 2017,244,Diane Robbins inc,"1,184,874",65
May 2017,244,James Funk 2 inc,"1,099,293",54
May 2017,244,Donald Bacon 2 inc,"834,212",54
May 2017,244,Robert Christensen 4 inc,"637,929",29
May 2017,245,Brenda Green 4 inc,"677,202",33
May 2017,245,Bobby Bryce inc,"443,644",22
May 2017,245,Thomas Cassidy inc,"378,958",19
May 2017,245,Anton Wilder inc,"317,944",16
May 2017,245,Lindsey Abernethy inc,"311,702",16
May 2017,246,Clarice Potts inc,"2,839,785",146
May 2017,246,Marc Juckett inc,"1,586,645",77
May 2017,246,James Holliday inc,"1,456,835",76
May 2017,246,Daniel Shawl inc,"1,087,637",56
May 2017,246,Brian Larose inc,"956,443",50
May 2017,247,Alex Couzens inc,"1,120,970",54
May 2017,247,Charles Doyle inc,"608,993",31
May 2017,247,Jennifer Cunningham 2 inc,"495,758",24
May 2017,247,Mary Schultheis inc,"358,465",17
May 2017,247,Frederick Uson inc,"269,533",17
May 2017,248,Nicholas Mixer inc,"1,097,275",55
May 2017,248,George Wheeler 2 inc,"906,551",48
May 2017,248,Katherine Gonce inc,"848,040",40
May 2017,248,David Dixon 5 inc,"811,984",40
May 2017,248,Marie Vaughn inc,"765,842",31
May 2017,250,Raymond Higginbotham inc,"488,440",24
May 2017,250,Angela Mcnabb inc,"413,550",21
May 2017,250,Edward Campbell 2 inc,"385,346",17
May 2017,250,David Meler inc,"380,614",17
May 2017,250,Catherine Ochs inc,"358,586",17
May 2017,251,Lola Cramer inc,"1,554,086",75
May 2017,251,Rose Mincey inc,"1,123,317",54
May 2017,251,Ryan Harris 2 inc,"855,871",47
May 2017,251,Vonda Lake inc,"854,527",44
May 2017,251,Leticia Meyer inc,"700,957",33
May 2017,252,Jimmy Kelly inc,"283,597",13
May 2017,252,Felicia Pickle inc,"138,721",7
May 2017,252,Cherlyn Moss inc,"120,921",6
May 2017,252,Fredrick Colburn inc,"117,211",5
May 2017,252,Dominick Newsom inc,"115,803",7
May 2017,253,Danielle Vargas inc,"473,469",22
May 2017,253,Karen Fiene inc,"330,208",15
May 2017,253,Dillon Renshaw inc,"309,169",13
May 2017,253,Jesse Valazquez inc,"297,305",16
May 2017,253,Barry Mcmakin inc,"263,698",13
May 2017,254,Michael Newsom inc,"371,567",19
May 2017,254,Joseph Olson 2 inc,"171,391",8
May 2017,254,John Pinto 2 inc,"150,989",7
May 2017,254,Winfred Canfield inc,"125,594",9
May 2017,254,Dorothy Sharp 2 inc,"89,460",5
May 2017,255,Harmony Mathis inc,"549,208",29
May 2017,255,Sheryl Wilson inc,"311,469",18
May 2017,255,Jeffrey Cawley inc,"175,321",11
May 2017,255,Hazel Nett inc,"163,785",8
May 2017,255,Joe Hall inc,"161,022",8
May 2017,256,Leigh Carr inc,"1,398,144",71
May 2017,256,Juan Kong inc,"484,533",24
May 2017,256,Edward Jones 10 inc,"473,969",20
May 2017,256,Beatrice Graham inc,"430,059",22
May 2017,256,Ralph Palmer inc,"231,009",11
May 2017,258,Damaris Godwin inc,"226,668",9
May 2017,258,Lina Kelsey inc,"193,558",8
May 2017,258,Derrick Johnson inc,"138,566",6
May 2017,258,Michelle Jones 13 inc,"136,637",6
May 2017,258,Whitney Miranda inc,"107,800",7
May 2017,259,Gerald Mccullough inc,"744,586",37
May 2017,259,Allen Jackson 2 inc,"683,879",31
May 2017,259,Anthony Wheeler 2 inc,"445,078",23
May 2017,259,Carol Patton inc,"387,590",18
May 2017,259,Stephanie Reeves inc,"370,075",20
May 2017,260,William Young 10 inc,"471,852",21
May 2017,260,Ronald Betcher inc,"257,748",12
May 2017,260,Eloise Paoli inc,"206,568",10
May 2017,260,James Spencer 4 inc,"182,847",9
May 2017,260,Christopher Bullock inc,"181,488",8
May 2017,261,Renaldo Allen inc,"371,195",16
May 2017,261,Samuel Powell inc,"348,387",14
May 2017,261,Patricia Park 2 inc,"229,225",11
May 2017,261,Robena Jones inc,"225,966",9
May 2017,261,Theresa Ocasio inc,"223,920",9
May 2017,262,Lora Harrell inc,"237,761",13
May 2017,262,Raymond Sylvester inc,"230,116",13
May 2017,262,Wayne James 2 inc,"175,962",7
May 2017,262,Maryann Carson inc,"145,340",6
May 2017,262,Joshua Finchum inc,"143,085",7
May 2017,263,Joan Miller 2 inc,"202,416",9
May 2017,263,David Millay 2 inc,"128,562",5
May 2017,263,Donnell Cotto inc,"127,908",7
May 2017,263,Mary Stroup inc,"121,990",6
May 2017,263,Nicholas Pearsall inc,"103,175",5
May 2017,264,Maria Harris 7 inc,"196,432",8
May 2017,264,Erika Legrand inc,"175,362",10
May 2017,264,Grace Cox inc,"158,372",8
May 2017,264,Michael Golden inc,"142,923",7
May 2017,264,Gail Currier inc,"113,910",7
May 2017,265,Michelle Dougherty inc,"376,672",20
May 2017,265,Brandon Beatty inc,"257,988",14
May 2017,265,Emily Rathbone inc,"249,865",11
May 2017,265,Michael Feinberg inc,"223,584",9
May 2017,265,Aron Chase inc,"207,448",10
May 2017,266,Jerry Anderson 2 inc,"317,153",19
May 2017,266,Darryl Servin inc,"247,072",11
May 2017,266,Timothy Poole inc,"146,023",6
May 2017,266,Agnes Santos inc,"123,627",5
May 2017,266,James Smith 48 inc,"112,794",5
May 2017,267,Cecilia Fowler inc,"236,967",10
May 2017,267,Genesis Barcia inc,"216,683",11
May 2017,267,Rebecca Pollard inc,"177,198",10
May 2017,267,Dennis Smith 8 inc,"164,329",9
May 2017,267,Maurice Ehret inc,"138,240",6
May 2017,268,Trudy Harris inc,"692,198",35
May 2017,268,Sabine King inc,"580,138",25
May 2017,268,Roy Mccoy inc,"481,194",27
May 2017,268,William Mitchell 10 inc,"446,505",20
May 2017,268,Gale Funderburk inc,"326,249",16
May 2017,269,Heather Hopkins inc,"179,754",8
May 2017,269,Linda Beaudin inc,"150,428",8
May 2017,269,Josephine Garrity inc,"148,421",7
May 2017,269,Gracia Patterson inc,"141,132",6
May 2017,269,Veronica Huttar inc,"119,348",5
May 2017,270,Christine Montoro inc,"442,689",25
May 2017,270,Jane Vanauken inc,"255,773",12
May 2017,270,Frances Beasley inc,"232,316",11
May 2017,270,Patricia Smith 25 inc,"215,175",11
May 2017,270,David Park inc,"199,403",11
May 2017,271,Sharon Mcdaniel inc,"709,049",37
May 2017,271,Ann Morrell inc,"629,352",27
May 2017,271,Christopher Castro 2 inc,"539,953",27
May 2017,271,Jame Perez inc,"440,923",21
May 2017,271,Jimmy Garcia 2 inc,"392,281",23
May 2017,272,David Fitzpatrick inc,"726,815",34
May 2017,272,Joseph Olson 3 inc,"514,210",24
May 2017,272,Jeanne Bell 2 inc,"358,456",19
May 2017,272,Mark Layne inc,"352,652",18
May 2017,272,Eloise Davis inc,"346,744",17
May 2017,273,David Houchin inc,"78,468",3
May 2017,273,Antoine Alexander inc,"51,914",2
May 2017,273,Mario Howard inc,"39,229",2
May 2017,273,Kirk Hashim inc,"38,578",1
May 2017,273,Wilfred Conboy inc,"29,982",1
May 2017,274,Doris Babcock inc,"2,480,104",125
May 2017,274,Sylvester Wetzel inc,"1,226,556",65
May 2017,274,Angela Barrett 2 inc,"921,075",45
May 2017,274,Austin Edmunds inc,"844,471",44
May 2017,274,Jane Bell inc,"798,240",42
May 2017,275,Frederick Mccammon inc,"299,397",14
May 2017,275,Doris Bullard inc,"225,323",10
May 2017,275,Brittany Cohn inc,"209,654",10
May 2017,275,Orville Caporiccio inc,"200,552",9
May 2017,275,James Mcmilliam inc,"156,451",9
May 2017,276,Odis Hampton inc,"811,576",37
May 2017,276,Steven Porter 2 inc,"581,300",29
May 2017,276,Vesta Jackson inc,"553,149",26
May 2017,276,Lynette Standridge inc,"479,640",24
May 2017,276,Terri Morse inc,"478,405",24
May 2017,277,Jonathan Rollins inc,"3,252,705",164
May 2017,277,Tracie Dempsey inc,"2,353,568",120
May 2017,277,Amira Jefferson inc,"2,287,983",116
May 2017,277,Daniel Phipps 2 inc,"2,054,718",99
May 2017,277,Michelle Briscoe inc,"1,906,997",97
May 2017,278,Sylvia Holler inc,"1,187,434",56
May 2017,278,David Fontaine inc,"745,237",35
May 2017,278,Maria Davis 10 inc,"658,180",34
May 2017,278,Calvin Severy inc,"419,046",20
May 2017,278,Berry Cannata inc,"366,038",19
May 2017,279,George Williams 20 inc,"1,092,928",50
May 2017,279,Debra Williams 7 inc,"1,019,495",52
May 2017,279,Jocelyn Dixon inc,"808,413",41
May 2017,279,Miguel Walt inc,"769,329",42
May 2017,279,Robert Hall 16 inc,"737,892",34
May 2017,280,Clyde Garland inc,"1,973,382",98
May 2017,280,John Harris 25 inc,"596,785",26
May 2017,280,Matthew Horton 2 inc,"545,424",25
May 2017,280,Thomas Adams 6 inc,"487,803",25
May 2017,280,Vivian Howard inc,"312,351",19
May 2017,281,Pierre Weiner inc,"358,853",19
May 2017,281,Charles Everett inc,"343,847",16
May 2017,281,Clayton Palmer inc,"243,968",13
May 2017,281,Faith Redmond inc,"230,874",12
May 2017,281,Sandra Staples inc,"204,623",11
May 2017,282,Jonathan Crumble inc,"1,105,659",54
May 2017,282,Devon Sanders inc,"668,964",34
May 2017,282,Katherine Cotter inc,"546,013",30
May 2017,282,Robert Karst inc,"498,855",23
May 2017,282,Daron Corley inc,"480,940",26
May 2017,283,Christopher Carter 3 inc,"1,976,088",89
May 2017,283,Marlin Stroud inc,"1,179,571",61
May 2017,283,Sean Rohman inc,"918,082",45
May 2017,283,Jennifer Moody inc,"915,763",46
May 2017,283,Floretta Blankenship inc,"853,819",39
May 2017,285,Jefferey Smith inc,"221,410",10
May 2017,285,Mary Ramsey inc,"154,192",7
May 2017,285,Patricia Keith 2 inc,"146,054",7
May 2017,285,Carolyn Hardy inc,"137,406",8
May 2017,285,Juanita Moss inc,"114,742",6
May 2017,286,Chris Heath inc,"3,542,268",173
May 2017,286,Kevin Hellman inc,"2,098,468",104
May 2017,286,Rita Elias inc,"1,882,791",91
May 2017,286,Jasmin Morataya inc,"1,820,060",89
May 2017,286,Lisa Castillo 2 inc,"1,170,478",60
May 2017,287,Sherri Garrison inc,"599,243",31
May 2017,287,Wm Evans inc,"327,270",14
May 2017,287,John Arlington inc,"232,600",12
May 2017,287,Carolyn Cary inc,"99,465",5
May 2017,287,Jessica Rodriguez 5 inc,"96,811",6
May 2017,288,Michael Morgan 3 inc,"603,394",32
May 2017,288,Lynn Brown 6 inc,"529,084",26
May 2017,288,Steve Crofton inc,"433,213",21
May 2017,288,Glenn Trevathan inc,"336,346",15
May 2017,288,Emily Batton inc,"321,357",13
May 2017,289,Karla Reyna inc,"2,372,066",114
May 2017,289,Sherri Garrison inc,"1,661,496",82
May 2017,289,Willard Conditt inc,"1,290,324",62
May 2017,289,George Centeno inc,"826,096",43
May 2017,289,Elnora Cook inc,"794,845",39
May 2017,290,Guadalupe Schoenfeld inc,"329,645",15
May 2017,290,Shane Nelson inc,"258,032",10
May 2017,290,Irene Blake inc,"200,729",10
May 2017,290,Daniel Jones 11 inc,"152,014",8
May 2017,290,Timothy Oneill inc,"146,808",7
May 2017,291,Mary Castillo 2 inc,"1,290,816",63
May 2017,291,Efrain Webb inc,"945,784",43
May 2017,291,Paul Dietrich inc,"930,381",45
May 2017,291,Ella Rose 2 inc,"919,636",41
May 2017,291,James Cronin 2 inc,"773,348",34
May 2017,292,Rebecca Kim 2 inc,"596,405",30
May 2017,292,Brandon Manns inc,"344,304",15
May 2017,292,Ralph Phillips 2 inc,"329,697",14
May 2017,292,Scott Uson inc,"316,645",15
May 2017,292,Gilbert Lowell inc,"292,262",17
May 2017,293,Jessica Blackwood inc,"144,678",7
May 2017,293,Daniel Johnston 2 inc,"138,236",6
May 2017,293,Peter Yasutomi inc,"109,668",5
May 2017,293,Vincent Dunn inc,"90,639",5
May 2017,293,Maria Morlan inc,"85,864",5
May 2017,294,Keith Thomas 2 inc,"501,085",22
May 2017,294,Phyllis Matthews inc,"212,412",10
May 2017,294,Stephanie Cheatham inc,"204,642",9
May 2017,294,Mathew Vogus inc,"153,309",9
May 2017,294,Timothy Dhondt inc,"140,695",7
May 2017,295,Darren Brewer inc,"458,905",24
May 2017,295,Jody Minor inc,"420,952",23
May 2017,295,John Mayfield 2 inc,"269,655",11
May 2017,295,Annie Camacho inc,"246,624",12
May 2017,295,Willie Ball 2 inc,"238,893",9
May 2017,296,Laura Carter inc,"642,427",31
May 2017,296,Edward Evanoff inc,"441,344",22
May 2017,296,Larry Mcmanus inc,"441,252",24
May 2017,296,Harold Knopp inc,"412,159",21
May 2017,296,Randall Howard inc,"389,568",19
May 2017,297,Pierre Balzer inc,"580,801",29
May 2017,297,Nicole Borrero inc,"503,626",25
May 2017,297,Amelia Ray inc,"496,409",26
May 2017,297,Crystal Marquez inc,"448,939",23
May 2017,297,Ehtel Lynn inc,"373,352",18
May 2017,298,Marisa Corbin inc,"280,066",16
May 2017,298,Ella Rose 2 inc,"267,773",12
May 2017,298,Donna Canfield inc,"230,591",10
May 2017,298,Ricardo Callahan inc,"175,772",9
May 2017,298,Guadalupe Blank inc,"158,989",10
May 2017,299,Gary Hayes inc,"286,006",11
May 2017,299,Mildred Tilman inc,"269,692",15
May 2017,299,Eric Autrey inc,"232,517",12
May 2017,299,Lucille Torres inc,"208,491",10
May 2017,299,Jeff Padron inc,"196,813",8
May 2017,300,Rene Roberts 2 inc,"732,042",35
May 2017,300,Eddie Coyle 2 inc,"627,332",29
May 2017,300,Ruben Frantz inc,"490,530",25
May 2017,300,William Ramsey 2 inc,"388,336",18
May 2017,300,Lorene Johnson 3 inc,"359,867",16
May 2017,301,Juan Jennrich inc,"315,996",16
May 2017,301,Gabrielle Caudel inc,"250,053",12
May 2017,301,Joyce Perry inc,"236,667",12
May 2017,301,Roy Cosby inc,"189,442",8
May 2017,301,John Hammond 2 inc,"175,654",10
May 2017,302,Albert Smith 10 inc,"1,140,981",57
May 2017,302,Colin Canelo inc,"848,102",47
May 2017,302,Thomas Crouchet inc,"553,211",28
May 2017,302,Kevin Starks inc,"462,123",23
May 2017,302,John Whatley inc,"384,550",17
May 2017,303,Bessie Fulmer inc,"337,078",18
May 2017,303,Marvin Peterman inc,"330,084",14
May 2017,303,Christine Hill 3 inc,"235,338",14
May 2017,303,Josue Britt inc,"223,726",13
May 2017,303,Peter Nelson 4 inc,"211,815",11
May 2017,304,Cordelia Rice inc,"712,700",38
May 2017,304,Heather Brackett inc,"459,270",19
May 2017,304,Douglas Mackin inc,"411,168",19
May 2017,304,Jill Costa inc,"391,750",20
May 2017,304,Paul Clemmer inc,"218,544",11
May 2017,306,Timothy Sepulveda inc,"236,799",13
May 2017,306,Ruby Armstead inc,"112,587",5
May 2017,306,Linda Zawacki inc,"94,489",4
May 2017,306,Brenda Bacher inc,"94,371",5
May 2017,306,Shannon Depuy inc,"91,461",5
May 2017,307,John Kluender inc,"451,612",22
May 2017,307,Thomas Smith 28 inc,"159,988",9
May 2017,307,Jamal Moore inc,"159,883",7
May 2017,307,Allie Lynch inc,"152,454",9
May 2017,307,Victor Sandquist inc,"150,611",8
May 2017,308,Roy Lavine inc,"750,837",32
May 2017,308,Fannie Baltimore inc,"469,273",23
May 2017,308,Tracey Spangler inc,"385,672",18
May 2017,308,Anthony Lewis 5 inc,"363,156",18
May 2017,308,Alicia Roberts inc,"361,639",18
May 2017,309,David Aucoin inc,"257,731",13
May 2017,309,Shirley Richardson 2 inc,"199,827",10
May 2017,309,Vernon Zeigler inc,"197,984",8
May 2017,309,Patricia Jackson 7 inc,"161,285",7
May 2017,309,Minnie Wendt inc,"153,607",7
May 2017,310,Briana Powell inc,"257,490",12
May 2017,310,Patricia Smith 24 inc,"231,699",12
May 2017,310,Barbara Thomas 9 inc,"228,562",13
May 2017,310,Maria Black 2 inc,"218,029",10
May 2017,310,Darrick Pendleton inc,"176,122",10
May 2017,311,Janet Baker 2 inc,"323,713",18
May 2017,311,Benjamin Hunt inc,"276,837",13
May 2017,311,Michael Dunlop inc,"272,020",14
May 2017,311,Walter May inc,"201,040",9
May 2017,311,Carole West inc,"180,039",10
May 2017,312,David Taylor 12 inc,"325,961",19
May 2017,312,Kimberly Ballard inc,"196,842",11
May 2017,312,Virginia Long inc,"179,684",9
May 2017,312,Brandon Whitman inc,"177,991",9
May 2017,312,Oscar Carter inc,"158,572",7
May 2017,313,Danny Lupien inc,"379,213",21
May 2017,313,Judy Richards inc,"228,437",12
May 2017,313,Jason Butler 2 inc,"130,425",7
May 2017,313,Mary Prehn inc,"119,078",5
May 2017,313,Brian Garza inc,"114,807",6
May 2017,314,Charles Dallas inc,"1,134,705",58
May 2017,314,Jeffery Aguilar 2 inc,"987,361",47
May 2017,314,Lloyd Brink inc,"905,516",43
May 2017,314,Erna Dahlgren inc,"639,907",36
May 2017,314,Carl Black inc,"637,582",29
May 2017,315,Lester Marcum inc,"118,819",5
May 2017,315,Evelyn Leis inc,"110,679",5
May 2017,315,Ruth Longoria 2 inc,"100,234",5
May 2017,315,James Maltie inc,"81,290",5
May 2017,315,Nicholas Pimental inc,"68,334",3
May 2017,318,John Young 16 inc,"333,808",15
May 2017,318,Jean Vandusen inc,"311,185",19
May 2017,318,Jose Penn inc,"266,647",13
May 2017,318,Valerie Hutchinson inc,"266,410",14
May 2017,318,Jason Black inc,"233,455",12
May 2017,319,John Carrousal inc,"107,455",4
May 2017,319,Jessica Wilson inc,"82,679",4
May 2017,319,Thomas Then inc,"81,454",5
May 2017,319,Patricia Jackson 4 inc,"42,058",2
May 2017,319,Rebecca Bartolini inc,"39,322",2
May 2017,320,Tom Benavidez inc,"2,461,093",124
May 2017,320,Janice Whiteman inc,"805,143",44
May 2017,320,Edwin Riley inc,"731,791",35
May 2017,320,Arthur Dove inc,"399,430",23
May 2017,320,Rebecca Harrold inc,"387,506",21
May 2017,321,Mark Awalt inc,"320,758",14
May 2017,321,Timothy Mays inc,"200,463",8
May 2017,321,Graham Palacios inc,"182,025",7
May 2017,321,John Longoria inc,"166,832",7
May 2017,321,Joseph Funk inc,"160,192",7
May 2017,322,Quinton Elizarraras inc,"1,566,615",81
May 2017,322,Andrea Hartman inc,"1,320,078",67
May 2017,322,Dana Anderson inc,"870,398",44
May 2017,322,Allen Poulton inc,"862,748",47
May 2017,322,Kristin Garrett inc,"706,738",38
May 2017,323,Ruben Lopez inc,"1,265,702",57
May 2017,323,Michael Wheeler 8 inc,"420,976",24
May 2017,323,Michael Sosa inc,"284,788",13
May 2017,323,Willie Hudson inc,"283,091",13
May 2017,323,Justin Cardenas inc,"230,946",10
May 2017,325,Dennis Terrance inc,"430,743",24
May 2017,325,Craig Rehm inc,"422,995",21
May 2017,325,Christopher Pinneo inc,"389,224",21
May 2017,325,Francine Legions inc,"365,832",17
May 2017,325,Miriam Cisneros inc,"326,151",16
May 2017,326,Richard Markle inc,"268,859",13
May 2017,326,Nancy Hill 5 inc,"229,391",14
May 2017,326,Emily Blalock inc,"140,598",5
May 2017,326,David Mann 4 inc,"127,714",6
May 2017,326,Elizabeth Crist inc,"98,666",5
May 2017,327,Marla Hadfield inc,"142,414",7
May 2017,327,Clarence Worthington inc,"103,244",4
May 2017,327,David Mineo inc,"91,104",5
May 2017,327,Christina Baylon inc,"84,987",5
May 2017,327,Charlotte Marley inc,"80,874",4
May 2017,328,William Darling inc,"795,873",39
May 2017,328,Samira Cervantes inc,"345,878",15
May 2017,328,Matthew Seldon inc,"286,932",15
May 2017,328,Wendy Donnelly inc,"220,094",11
May 2017,328,Sharon Burke inc,"208,993",10
May 2017,329,Jose Brice inc,"412,882",22
May 2017,329,Kristen Woods inc,"397,739",20
May 2017,329,Stephanie Bagaoisan inc,"377,129",22
May 2017,329,Dora Hernandez 2 inc,"346,017",18
May 2017,329,Robert Olson 4 inc,"344,878",19
May 2017,330,Ricardo Kane inc,"307,385",13
May 2017,330,Karen Pate inc,"286,160",13
May 2017,330,Hugh Gale inc,"224,836",10
May 2017,330,Jason Aube inc,"221,730",10
May 2017,330,Jenna Gardner inc,"192,382",8
May 2017,331,Valerie Martin 2 inc,"7,251,126",359
May 2017,331,Antoine Alexander inc,"7,182,749",367
May 2017,331,Jean Jolley inc,"5,451,085",268
May 2017,331,Ryan Stephens 2 inc,"3,952,833",190
May 2017,331,Joann Lilly inc,"3,108,165",157
May 2017,333,Joseph Proctor inc,"3,544,224",178
May 2017,333,Teresa Begley inc,"3,154,796",166
May 2017,333,Vincent Peterson 2 inc,"1,955,127",95
May 2017,333,Andrew Hernandez 2 inc,"1,894,369",91
May 2017,333,Naomi Day inc,"1,502,371",79
May 2017,334,Brianna Derrick inc,"1,049,733",55
May 2017,334,Noella Vansickle inc,"632,943",30
May 2017,334,Sue Sexton inc,"613,835",29
May 2017,334,Jeffrey Bock inc,"559,034",28
May 2017,334,Megan Brackeen inc,"552,013",25
May 2017,335,Catherine Tanner inc,"410,909",21
May 2017,335,William Howland inc,"237,096",8
May 2017,335,Dion Cantu inc,"168,121",8
May 2017,335,Yolanda Jones 3 inc,"146,407",6
May 2017,335,Michael Farruggio inc,"131,852",8
May 2017,336,Roberto Mundy inc,"209,168",9
May 2017,336,Katherine Kirschner inc,"205,865",9
May 2017,336,Frank Mcneil inc,"135,654",6
May 2017,336,Jack Turner inc,"128,228",6
May 2017,336,Angie Ewald inc,"100,674",5
May 2017,337,Karen Lee 2 inc,"387,451",20
May 2017,337,Mary Ruggiero inc,"257,076",13
May 2017,337,Anna Baker 2 inc,"197,988",11
May 2017,337,Timothy Robins inc,"178,730",8
May 2017,337,Ora Jones inc,"157,222",9
May 2017,338,Lon Larson inc,"292,057",13
May 2017,338,Jocelyn Scott inc,"120,347",5
May 2017,338,Sharon Haley 2 inc,"112,438",5
May 2017,338,John Barksdale inc,"107,381",6
May 2017,338,Lucas Carmona inc,"98,687",7
May 2017,339,Marie Reynolds 4 inc,"780,114",36
May 2017,339,Christopher Greer inc,"636,923",30
May 2017,339,Gertrudis Stamps inc,"430,437",20
May 2017,339,James Moss 3 inc,"418,697",22
May 2017,339,Robert Caruso inc,"334,881",17
May 2017,340,Terry Turpin 2 inc,"1,859,221",90
May 2017,340,Janet Johnson 3 inc,"1,042,449",50
May 2017,340,Nancy Jamison 2 inc,"981,233",48
May 2017,340,Thelma Williams 3 inc,"958,096",48
May 2017,340,Linda Gordon 4 inc,"813,565",41
May 2017,341,Charles Francis 2 inc,"821,921",43
May 2017,341,Bonita Lemons inc,"534,234",25
May 2017,341,Joan Cuevas inc,"343,421",16
May 2017,341,Luanne Garay inc,"296,122",13
May 2017,341,David Kellam inc,"282,845",12
May 2017,342,William Roney inc,"625,161",33
May 2017,342,Eric Elrod inc,"160,648",9
May 2017,342,Hazel Ward inc,"132,874",6
May 2017,342,Jo Earles inc,"125,043",8
May 2017,342,Lillie Knox inc,"113,153",5
May 2017,343,Linda Holmes 2 inc,"159,888",7
May 2017,343,Christopher Kroll inc,"136,894",6
May 2017,343,Valda Marks inc,"125,400",5
May 2017,343,Mary Norris 6 inc,"120,467",6
May 2017,343,Edward Hathcock inc,"88,786",5
May 2017,344,Morris Grooms inc,"1,131,113",62
May 2017,344,Jerry Facer inc,"779,860",36
May 2017,344,David Vives inc,"699,522",33
May 2017,344,John Bigbee inc,"467,282",23
May 2017,344,Erica Paul inc,"401,347",20
May 2017,345,Patrick Nunn inc,"180,632",8
May 2017,345,Susan Campbell inc,"158,227",8
May 2017,345,Julius Garrett inc,"148,089",7
May 2017,345,John Hyett inc,"124,449",8
May 2017,345,Thomas Waszkiewicz inc,"122,729",5
May 2017,347,Edna Ledesma inc,"1,008,144",52
May 2017,347,Christopher Jackson 5 inc,"759,114",38
May 2017,347,Erma Milligan inc,"722,128",36
May 2017,347,Shirley Lawrence 2 inc,"690,209",31
May 2017,347,Carolyn Hardin inc,"594,556",28
Nov 2017,1,Kathie Sughrue inc,"223,840,806","11,087"
Nov 2017,1,Cesar Hall inc,"200,580,016","10,017"
Nov 2017,1,Mary Gray 7 inc,"89,304,818","4,460"
Nov 2017,1,Betty Belden inc,"48,445,347","2,394"
Nov 2017,1,David Gunstream inc,"47,610,044","2,360"
Nov 2017,2,Mark Cipolla inc,"406,813",18
Nov 2017,2,Cristal Forney inc,"360,896",16
Nov 2017,2,Shana Platt inc,"318,549",17
Nov 2017,2,James Luhman inc,"310,619",15
Nov 2017,2,William Urena inc,"290,509",14
Nov 2017,3,Rhonda Cunningham inc,"951,907",48
Nov 2017,3,Dennis Mcmillan inc,"849,646",45
Nov 2017,3,Donnie Sefcovic inc,"815,115",37
Nov 2017,3,Robert Harrison 7 inc,"614,673",33
Nov 2017,3,Mark Bedor inc,"532,032",27
Nov 2017,4,Louise Cole 2 inc,"3,216,645",161
Nov 2017,4,Carolyn Smith 8 inc,"2,977,858",142
Nov 2017,4,Juan Niemi inc,"2,955,450",148
Nov 2017,4,Nathaniel Stewart inc,"2,720,371",126
Nov 2017,4,Mary Perry 8 inc,"2,090,898",96
Nov 2017,6,Terrell Dueno inc,"451,851",26
Nov 2017,6,Elizabeth Mueller inc,"423,653",20
Nov 2017,6,Andrea Cash inc,"383,014",15
Nov 2017,6,Jack Mcsweeney inc,"370,119",17
Nov 2017,6,Eva Mcnear inc,"288,960",14
Nov 2017,7,Don Lenz inc,"647,167",31
Nov 2017,7,Sheila Bissonnette inc,"616,991",27
Nov 2017,7,Joe Powell inc,"472,874",25
Nov 2017,7,Armand Humphrey inc,"346,400",18
Nov 2017,7,Carol Farris inc,"329,366",15
Nov 2017,8,Sandra Crocker inc,"1,439,642",67
Nov 2017,8,Mike Sparks inc,"1,289,721",68
Nov 2017,8,Carlotta Schell inc,"1,268,780",63
Nov 2017,8,Charlene Richter inc,"1,106,079",58
Nov 2017,8,Larry Stegall 2 inc,"842,915",50
Nov 2017,9,Rachael Oehler inc,"848,481",40
Nov 2017,9,Scott Brown 6 inc,"691,891",35
Nov 2017,9,Christopher Gerstner inc,"527,602",26
Nov 2017,9,Barbara Bishop inc,"505,494",29
Nov 2017,9,Walter Grillo inc,"431,695",21
Nov 2017,10,Roger Murach inc,"1,258,362",59
Nov 2017,10,Iris Key inc,"913,045",42
Nov 2017,10,Alexandra Easton inc,"777,879",37
Nov 2017,10,Maribel Prince inc,"646,267",31
Nov 2017,10,Kristin Victoria inc,"599,499",26
Nov 2017,11,Carolyn Mortimer inc,"2,866,744",150
Nov 2017,11,Paula Crumb inc,"2,381,733",118
Nov 2017,11,Matthew Verhoeven inc,"1,693,402",88
Nov 2017,11,Linda Hogan 2 inc,"1,346,161",65
Nov 2017,11,Kenneth Ramos inc,"1,214,187",67
Nov 2017,12,Joe Cleghorn inc,"2,388,604",119
Nov 2017,12,Delbert Sherlock inc,"1,846,688",89
Nov 2017,12,Catherine Martin 7 inc,"1,507,268",73
Nov 2017,12,Robyn Douglas inc,"1,451,678",70
Nov 2017,12,Emily Jiggetts inc,"1,148,475",58
Nov 2017,13,Carol Green inc,"738,270",37
Nov 2017,13,Gary Koehler inc,"684,696",30
Nov 2017,13,Robert Brown 41 inc,"623,468",28
Nov 2017,13,Curtis Gregg inc,"566,475",25
Nov 2017,13,Ida Cox 2 inc,"424,449",23
Nov 2017,14,Cynthia Wood 2 inc,"2,188,960",108
Nov 2017,14,Alex Richardson inc,"1,253,885",62
Nov 2017,14,John Bielinski inc,"1,163,299",60
Nov 2017,14,Stanley Summerville inc,"942,737",45
Nov 2017,14,James Mayoka inc,"817,525",37
Nov 2017,16,Veronica Wroblewski inc,"581,908",28
Nov 2017,16,Willie Walker 4 inc,"371,980",19
Nov 2017,16,Ernie Shorb inc,"321,024",19
Nov 2017,16,Cheryl Croom inc,"292,588",14
Nov 2017,16,Timothy Staats inc,"249,531",12
Nov 2017,17,Sharonda Jordan inc,"18,531,057",915
Nov 2017,17,Beatrice Pears inc,"16,773,872",840
Nov 2017,17,Nick Curtis inc,"12,665,908",636
Nov 2017,17,Samuel Scott 3 inc,"10,400,650",514
Nov 2017,17,Alexander Vidal inc,"8,011,866",409
Nov 2017,18,Ruth Fuentes inc,"1,359,743",65
Nov 2017,18,Justin Dildy inc,"271,186",13
Nov 2017,18,Susan Rhodes inc,"243,086",12
Nov 2017,18,Winnie Currie inc,"240,975",14
Nov 2017,18,Richard Mahoney inc,"211,135",9
Nov 2017,19,Ella Rose 2 inc,"21,844,218","1,088"
Nov 2017,19,Chad Tobar inc,"20,625,292","1,040"
Nov 2017,19,Lori Joseph inc,"20,145,895",997
Nov 2017,19,Tony Moore 3 inc,"11,273,960",567
Nov 2017,19,Zachary Mayle inc,"10,574,263",528
Nov 2017,20,Justin Ganser inc,"5,429,519",263
Nov 2017,20,Natasha Bucher inc,"3,260,422",166
Nov 2017,20,Sarah Harris 5 inc,"1,701,399",80
Nov 2017,20,Luisa Goldstein inc,"1,485,772",73
Nov 2017,20,Ann Myers inc,"1,360,628",68
Nov 2017,21,Thelma Cashen inc,"1,481,157",80
Nov 2017,21,Toni Keith 2 inc,"1,357,788",72
Nov 2017,21,Katherine Brown 4 inc,"1,350,308",66
Nov 2017,21,Steven Nagle inc,"1,349,061",63
Nov 2017,21,Jeffrey Starr inc,"1,315,893",63
Nov 2017,22,Phyllis Allen 2 inc,"526,482",25
Nov 2017,22,Ronald Kloepper inc,"521,234",21
Nov 2017,22,Fred Trent inc,"421,371",20
Nov 2017,22,Allen Laban inc,"410,308",19
Nov 2017,22,Allen Patrick inc,"390,755",21
Nov 2017,23,Ellen Tait inc,"778,691",44
Nov 2017,23,Ernest Lohrenz inc,"503,624",26
Nov 2017,23,Bruce Smith 7 inc,"434,494",20
Nov 2017,23,Stacey Sharon inc,"342,774",15
Nov 2017,23,Joseph Bailey 2 inc,"320,814",14
Nov 2017,24,Cynthia Vargas 2 inc,"1,402,822",60
Nov 2017,24,Dorthea Brewington inc,"1,190,071",62
Nov 2017,24,Mariah Pugh inc,"1,170,655",60
Nov 2017,24,Donald Sullivan 5 inc,"1,067,250",57
Nov 2017,24,Francisco Hopper inc,"935,749",48
Nov 2017,25,Kathryn Carson inc,"6,022,940",294
Nov 2017,25,Rebecca Sales inc,"5,750,628",288
Nov 2017,25,Kay Connolly inc,"5,687,292",286
Nov 2017,25,Jeffrey Belcher 2 inc,"3,399,875",185
Nov 2017,25,Clarence Streater inc,"3,006,129",138
Nov 2017,26,Kristy Fonseca inc,"488,209",28
Nov 2017,26,Cesar Ross inc,"279,295",14
Nov 2017,26,Beverly Webb inc,"192,170",9
Nov 2017,26,Daniel Liefer inc,"189,641",12
Nov 2017,26,Samuel Miller 3 inc,"150,289",6
Nov 2017,28,Henry Anderson 4 inc,"581,652",31
Nov 2017,28,Jennifer Chadwell inc,"434,641",21
Nov 2017,28,Jo Miland inc,"414,684",20
Nov 2017,28,Maureen Colony inc,"412,096",25
Nov 2017,28,Charles Simonson inc,"389,565",21
Nov 2017,29,Kirsten Huse inc,"1,466,494",76
Nov 2017,29,Tarsha Chance inc,"487,927",27
Nov 2017,29,Tia Shepperd inc,"380,404",16
Nov 2017,29,Raymond Plaza inc,"372,622",20
Nov 2017,29,Paul Gaska inc,"361,763",16
Nov 2017,30,Clarence Streater inc,"2,317,137",113
Nov 2017,30,Doris King 3 inc,"2,021,067",102
Nov 2017,30,Donald Ireland inc,"1,975,702",100
Nov 2017,30,Dennis Johnson 6 inc,"1,184,477",63
Nov 2017,30,Eddie Williams 5 inc,"1,065,819",53
Nov 2017,32,Harriet Reeder inc,"318,900",16
Nov 2017,32,Thomas Stone 2 inc,"223,900",8
Nov 2017,32,Kenneth Burnette inc,"219,054",12
Nov 2017,32,Nellie Sheehan inc,"155,414",10
Nov 2017,32,Gilbert Leland inc,"154,345",7
Nov 2017,33,Ronald Johnson 17 inc,"991,914",46
Nov 2017,33,Danny Thompson inc,"975,836",48
Nov 2017,33,Pearl Newport inc,"775,992",37
Nov 2017,33,Kathy Manders inc,"611,251",27
Nov 2017,33,Douglas Magic inc,"574,833",29
Nov 2017,34,Nina Conn inc,"1,063,452",53
Nov 2017,34,Alysia Ceovantes inc,"786,399",35
Nov 2017,34,Kris Endicott inc,"772,725",40
Nov 2017,34,Danny Martinez inc,"757,453",33
Nov 2017,34,Mitchell Kalhorn inc,"600,776",29
Nov 2017,35,Bobby Ames inc,"373,542",19
Nov 2017,35,Pamela Spiro inc,"285,617",13
Nov 2017,35,Mark Scheer 2 inc,"224,616",11
Nov 2017,35,Thomas Costello 2 inc,"196,662",9
Nov 2017,35,William Glaude inc,"151,339",7
Nov 2017,36,Henrietta Cook inc,"1,092,416",55
Nov 2017,36,Esther Diaz inc,"647,316",33
Nov 2017,36,Hien Herrera inc,"506,538",28
Nov 2017,36,Ralph Cowdery inc,"486,549",21
Nov 2017,36,Ronald Jones 10 inc,"462,458",26
Nov 2017,38,Patricia Odonnell inc,"442,046",23
Nov 2017,38,Douglas Mccullen inc,"435,473",22
Nov 2017,38,Richard Seanez inc,"415,743",19
Nov 2017,38,Miranda Tiller inc,"322,423",14
Nov 2017,38,Matha Ortega inc,"305,746",15
Nov 2017,39,Patricia Marble inc,"479,531",20
Nov 2017,39,Jonathan Dalley inc,"386,179",19
Nov 2017,39,James Angles inc,"349,974",19
Nov 2017,39,Judie Robinson inc,"310,723",15
Nov 2017,39,Jane Terry 3 inc,"290,596",15
Nov 2017,40,Karla Fernandez inc,"448,250",22
Nov 2017,40,Kay Tito inc,"253,279",12
Nov 2017,40,Kathryn Schumpert inc,"192,289",9
Nov 2017,40,Michael Rivas inc,"170,619",8
Nov 2017,40,Joanne Manning inc,"142,657",7
Nov 2017,41,Joyce Mendez inc,"1,817,573",91
Nov 2017,41,Richard Bower inc,"579,854",25
Nov 2017,41,Stella Walker inc,"548,403",30
Nov 2017,41,Tricia Peabody inc,"487,744",26
Nov 2017,41,Jimmy Laliberte inc,"466,812",26
Nov 2017,42,Louis Kahn inc,"1,109,988",56
Nov 2017,42,Glenn Richmond inc,"925,958",44
Nov 2017,42,Carlene Phelps inc,"885,818",46
Nov 2017,42,Cynthia Northover inc,"802,624",39
Nov 2017,42,Avis Leday inc,"515,089",22
Nov 2017,44,Bart Carney inc,"525,069",26
Nov 2017,44,Jon Moore inc,"410,228",23
Nov 2017,44,Spencer Greenstreet inc,"400,984",18
Nov 2017,44,Jasmine Perez inc,"385,962",18
Nov 2017,44,Sylvia Gonzalez 2 inc,"338,231",13
Nov 2017,46,Asuncion Sandmeier inc,"748,667",39
Nov 2017,46,Mariano Krenz inc,"357,455",17
Nov 2017,46,Edward Colter inc,"352,884",18
Nov 2017,46,Noe Morado inc,"305,432",14
Nov 2017,46,Rachel Carter 2 inc,"295,909",16
Nov 2017,47,Carlos Cook inc,"492,276",25
Nov 2017,47,Myrtle Hendrickson inc,"267,328",12
Nov 2017,47,Jeff Carr 2 inc,"253,898",12
Nov 2017,47,Angela Wade 2 inc,"241,953",9
Nov 2017,47,Walter Jorgensen inc,"231,804",11
Nov 2017,48,Zelda Bozell inc,"1,235,215",64
Nov 2017,48,Stanley Cuevas inc,"1,069,968",53
Nov 2017,48,George Brown 11 inc,"1,048,888",51
Nov 2017,48,Sheila Mcintyre inc,"809,228",40
Nov 2017,48,Rebecca Moore 3 inc,"770,416",36
Nov 2017,49,Bernice Battles inc,"695,126",33
Nov 2017,49,Joan Holmes 2 inc,"314,255",16
Nov 2017,49,Carole Lotton inc,"236,252",10
Nov 2017,49,Donna Delariva inc,"219,154",11
Nov 2017,49,Kimberly Singleton inc,"193,046",12
Nov 2017,51,Mary Mraz inc,"2,204,103",110
Nov 2017,51,Micheal Styles inc,"1,739,122",84
Nov 2017,51,Irene Deschamps inc,"1,541,979",83
Nov 2017,51,Joanne Yannone inc,"1,459,367",71
Nov 2017,51,Raul Gribble inc,"1,380,690",68
Nov 2017,52,Kurt Sapp inc,"825,590",44
Nov 2017,52,Arthur Noel inc,"821,299",37
Nov 2017,52,Ann Walser inc,"748,961",38
Nov 2017,52,Jean Biser inc,"682,064",37
Nov 2017,52,Sadie Mccrate inc,"589,694",28
Nov 2017,53,Cornelius Mattson inc,"5,789,039",288
Nov 2017,53,Keith Conley 3 inc,"5,532,173",277
Nov 2017,53,Cynthia Phelps inc,"3,788,401",192
Nov 2017,53,Debra Wilczynski inc,"2,689,105",130
Nov 2017,53,Robert Murdock inc,"2,522,189",130
Nov 2017,54,Eloise Sorbo inc,"382,267",17
Nov 2017,54,Barbara Brantly inc,"166,696",10
Nov 2017,54,Donald Hart inc,"129,522",7
Nov 2017,54,Janis Galvan inc,"119,951",6
Nov 2017,54,Michael Floyd 4 inc,"107,517",6
Nov 2017,56,Gerald Miller 3 inc,"1,124,292",54
Nov 2017,56,Courtney Mansfield inc,"856,913",42
Nov 2017,56,Mary Varos inc,"586,102",33
Nov 2017,56,Scott Cornelius inc,"560,249",29
Nov 2017,56,Oliver Part inc,"453,581",22
Nov 2017,57,Jennifer Furr inc,"7,932,374",403
Nov 2017,57,Eddie Plunkett inc,"7,207,460",348
Nov 2017,57,Kenneth Huson inc,"6,006,242",299
Nov 2017,57,Rhonda Wheeler inc,"3,834,828",193
Nov 2017,57,John Sumstad inc,"2,844,144",148
Nov 2017,58,Trevor Najera inc,"1,168,111",64
Nov 2017,58,Karen Brendal inc,"720,964",36
Nov 2017,58,Michael Devito inc,"430,434",22
Nov 2017,58,Gregory Pollard inc,"337,386",17
Nov 2017,58,Jeannette Russell inc,"272,117",15
Nov 2017,60,Lucas Ohara inc,"3,021,004",142
Nov 2017,60,Diane Perez 2 inc,"1,956,262",106
Nov 2017,60,Rafael Goss inc,"1,550,199",73
Nov 2017,60,Catherine Hurley inc,"1,383,875",62
Nov 2017,60,Mary James 10 inc,"1,080,837",52
Nov 2017,61,Benjamin Elliott 3 inc,"800,588",39
Nov 2017,61,Audrey Thrash inc,"311,700",17
Nov 2017,61,Alvin Garrison inc,"225,043",12
Nov 2017,61,Susan Wood 2 inc,"210,623",9
Nov 2017,61,Douglas Brotzman inc,"201,067",9
Nov 2017,62,Rita Mcreynolds inc,"845,524",40
Nov 2017,62,Rosemary Silva inc,"457,518",21
Nov 2017,62,David Seidman inc,"452,783",22
Nov 2017,62,Richard Jones 18 inc,"417,648",24
Nov 2017,62,Aaron Mccombs inc,"416,196",17
Nov 2017,63,Nestor Wright inc,"932,284",45
Nov 2017,63,Johnathan Oldham inc,"729,794",38
Nov 2017,63,Jon Creasey inc,"513,409",26
Nov 2017,63,Robert Boyette inc,"384,710",19
Nov 2017,63,Gladys Gibbons inc,"349,920",18
Nov 2017,64,Matthew Cassem inc,"786,979",37
Nov 2017,64,Raymond Wahlberg inc,"735,952",38
Nov 2017,64,Essie Chapman inc,"694,061",34
Nov 2017,64,Ruby Richmond inc,"538,441",25
Nov 2017,64,Terri Gamez inc,"538,264",27
Nov 2017,65,Emma Aikens inc,"380,918",19
Nov 2017,65,Janice Meriwether inc,"275,800",12
Nov 2017,65,Richard Boehm inc,"240,188",11
Nov 2017,65,Samuel Beck inc,"229,306",12
Nov 2017,65,Elton Lemons inc,"212,875",12
Nov 2017,66,Manuel Furlong inc,"787,172",38
Nov 2017,66,Alfred Taylor inc,"553,660",24
Nov 2017,66,Joel Vermeesch inc,"501,356",23
Nov 2017,66,Lillian Fleming inc,"488,757",22
Nov 2017,66,Peter Tse inc,"386,380",17
Nov 2017,68,Nola Bulow inc,"1,292,248",61
Nov 2017,68,Tammy Brown 5 inc,"359,989",16
Nov 2017,68,Mary Franklin 4 inc,"327,724",15
Nov 2017,68,Rufus Bowman inc,"282,269",15
Nov 2017,68,Jarvis Carrington inc,"282,116",14
Nov 2017,69,John Miller 7 inc,"617,123,291","30,739"
Nov 2017,69,Todd Turner 3 inc,"181,596,066","9,086"
Nov 2017,69,Henry Barnhill inc,"81,489,793","4,041"
Nov 2017,69,Tammy Nieves inc,"62,395,629","3,104"
Nov 2017,69,Weston Hendon inc,"53,835,209","2,697"
Nov 2017,70,Ileen Niss inc,"1,220,077",66
Nov 2017,70,Margie Dillard inc,"545,794",27
Nov 2017,70,Jeffrey Uhrin inc,"320,476",13
Nov 2017,70,Stephen Wilburn inc,"285,758",14
Nov 2017,70,Lisa Gillen inc,"278,484",15
Nov 2017,71,Anna Blumberg inc,"157,003",8
Nov 2017,71,Zandra Nunez inc,"144,349",6
Nov 2017,71,Essie Torres inc,"134,102",6
Nov 2017,71,Edward Neider inc,"124,479",6
Nov 2017,71,Russell Cole 2 inc,"106,253",5
Nov 2017,73,Kathleen Lavole inc,"681,618",35
Nov 2017,73,Sylvia Carter inc,"264,145",15
Nov 2017,73,Michael Wiand inc,"243,340",10
Nov 2017,73,Richard Miller 10 inc,"203,820",8
Nov 2017,73,Marilyn Conatser inc,"192,623",9
Nov 2017,74,Barbara Forney inc,"615,357",32
Nov 2017,74,Scott Blevins inc,"360,471",19
Nov 2017,74,Alan Prechtl inc,"297,622",14
Nov 2017,74,Donald Perry 4 inc,"276,696",13
Nov 2017,74,Morris Bennett inc,"270,154",12
Nov 2017,75,Angel Raper inc,"902,462",45
Nov 2017,75,William Gomez 5 inc,"741,454",37
Nov 2017,75,Lyman Gray inc,"274,899",11
Nov 2017,75,Vicki Lanza inc,"241,491",14
Nov 2017,75,Janette Criscuolo inc,"235,667",10
Nov 2017,76,Bridget Kisner inc,"9,834,842",486
Nov 2017,76,Karen Ohare inc,"3,400,599",171
Nov 2017,76,Valerie Fitch inc,"2,742,373",143
Nov 2017,76,Robert Capo inc,"2,418,459",126
Nov 2017,76,Carolyn Reeves 2 inc,"1,797,431",90
Nov 2017,77,David Alto inc,"499,706",25
Nov 2017,77,Luis Rembert inc,"251,860",11
Nov 2017,77,William Schwerdtfeger inc,"242,125",12
Nov 2017,77,Jorge Taber inc,"230,057",10
Nov 2017,77,Ursula Martinez inc,"214,199",11
Nov 2017,78,Kenneth Mullen inc,"1,256,688",65
Nov 2017,78,James Nesbit 2 inc,"1,100,102",56
Nov 2017,78,John Offerdahl inc,"862,398",41
Nov 2017,78,Humberto Ruiz inc,"788,292",43
Nov 2017,78,Edward Levy inc,"691,918",35
Nov 2017,79,Ronald Miller 5 inc,"1,052,508",51
Nov 2017,79,Stephen Krummel inc,"963,057",46
Nov 2017,79,Sabrina Arnold 2 inc,"681,682",37
Nov 2017,79,Martin Adkins inc,"498,860",24
Nov 2017,79,Gregory Edwards inc,"468,173",23
Nov 2017,80,Eugene Pell inc,"423,799",21
Nov 2017,80,Theodore Martine inc,"386,789",20
Nov 2017,80,Bettye Olsen inc,"182,520",9
Nov 2017,80,Pearl Khan inc,"141,121",7
Nov 2017,80,Donald Joyce inc,"123,209",5
Nov 2017,81,Maria Heller inc,"355,690",18
Nov 2017,81,Debbie Wilkerson inc,"275,501",12
Nov 2017,81,Marcy Gahagan inc,"221,643",10
Nov 2017,81,William Silsby inc,"127,119",6
Nov 2017,81,Randall Kaufman inc,"126,058",6
Nov 2017,82,Marie Husband inc,"1,045,866",51
Nov 2017,82,Robert Broyles 2 inc,"399,441",17
Nov 2017,82,Allen Emmons inc,"379,774",21
Nov 2017,82,Mary Rivera 6 inc,"318,392",13
Nov 2017,82,Joan Buckley inc,"249,577",10
Nov 2017,83,Joyce Whitehead inc,"494,399",22
Nov 2017,83,John Taylor 22 inc,"429,422",18
Nov 2017,83,Chad Robinson 4 inc,"382,979",16
Nov 2017,83,John Mendoza 5 inc,"319,958",17
Nov 2017,83,Tyrone Thompson 2 inc,"268,788",14
Nov 2017,84,Daniel Helmick inc,"295,315",16
Nov 2017,84,Nichole Wilson inc,"290,139",12
Nov 2017,84,Jeff Wyman inc,"166,214",8
Nov 2017,84,Carmen Rapier inc,"124,478",7
Nov 2017,84,Virginia Ross 2 inc,"121,075",6
Nov 2017,85,Bobby Mills inc,"768,239",39
Nov 2017,85,Bernard Nisbett inc,"456,207",20
Nov 2017,85,Katherine Beaucage inc,"352,229",16
Nov 2017,85,David Smartt inc,"285,174",15
Nov 2017,85,Mark Strickland 2 inc,"236,338",11
Nov 2017,86,David Butler 4 inc,"349,861",15
Nov 2017,86,Jared Kirk inc,"299,456",15
Nov 2017,86,Carol Thomas 2 inc,"226,809",12
Nov 2017,86,Douglas Word inc,"214,567",10
Nov 2017,86,Jeffrey Dess inc,"186,732",9
Nov 2017,87,Doug Moran inc,"7,238,246",364
Nov 2017,87,Joe Montgomery inc,"7,218,425",348
Nov 2017,87,Frank Garcia 2 inc,"7,161,978",350
Nov 2017,87,Tessie Jaramillo inc,"6,286,968",311
Nov 2017,87,Vincent Firestine inc,"4,761,815",246
Nov 2017,88,Heather Ramberg inc,"15,075,897",736
Nov 2017,88,Deidre Bright inc,"13,357,296",654
Nov 2017,88,Samantha Jackson inc,"10,610,486",524
Nov 2017,88,Ronald Hussein inc,"10,534,597",519
Nov 2017,88,Scott Hildebrand inc,"8,650,302",414
Nov 2017,89,Carl Fonseca inc,"323,753",15
Nov 2017,89,Sheila Clayton inc,"275,675",13
Nov 2017,89,Tony Sandoval inc,"186,072",8
Nov 2017,89,George Hicks 2 inc,"130,525",7
Nov 2017,89,James Roderick inc,"105,634",5
Nov 2017,90,Brian Moffatt inc,"922,929",45
Nov 2017,90,Brett Dejohn inc,"707,915",37
Nov 2017,90,Jeffrey Wilson inc,"686,238",30
Nov 2017,90,Araceli Crotts inc,"621,344",29
Nov 2017,90,Kevin Watkins 2 inc,"524,856",30
Nov 2017,91,Robert Rainville inc,"626,001",32
Nov 2017,91,Juana Bouchard inc,"501,208",24
Nov 2017,91,Hyman Sison inc,"426,808",22
Nov 2017,91,Christine Devine inc,"357,814",17
Nov 2017,91,John Flowers 3 inc,"278,919",14
Nov 2017,92,Kris Silva inc,"24,980",1
Nov 2017,92,Jennifer Pancoast inc,"24,412",1
Nov 2017,92,Marilyn Kirby inc,"24,056",1
Nov 2017,92,Lisa Denning inc,"22,614",1
Nov 2017,92,Gail Smith 3 inc,"22,485",1
Nov 2017,94,Dora Dermody inc,"844,192",46
Nov 2017,94,Zachary Solis inc,"565,817",33
Nov 2017,94,Gene Sharp inc,"450,339",21
Nov 2017,94,Brian Jones 8 inc,"356,710",16
Nov 2017,94,Tony Cole 2 inc,"295,310",13
Nov 2017,96,Wendy Meyer inc,"1,755,642",85
Nov 2017,96,Lane Cross inc,"1,339,808",65
Nov 2017,96,Karen Holsten inc,"1,280,834",62
Nov 2017,96,Quinton Nelson inc,"1,195,989",60
Nov 2017,96,Bruce Braden inc,"960,507",46
Nov 2017,97,Richard Caskey inc,"1,592,967",81
Nov 2017,97,Beverly Lee inc,"1,206,088",60
Nov 2017,97,Armando Duke inc,"498,060",25
Nov 2017,97,Kathy Ballard inc,"497,954",22
Nov 2017,97,David Lightfoot 2 inc,"489,533",22
Nov 2017,98,Dwight Alexander inc,"926,334",46
Nov 2017,98,Marc Standard inc,"691,547",32
Nov 2017,98,Tara Miller inc,"677,433",35
Nov 2017,98,Mavis Willis inc,"623,617",32
Nov 2017,98,Bobby Rogers inc,"431,435",23
Nov 2017,100,Shelly Pitts inc,"607,447",27
Nov 2017,100,George Mondragon inc,"437,098",21
Nov 2017,100,Candace Morton inc,"387,754",21
Nov 2017,100,Dawn Huggins inc,"254,758",11
Nov 2017,100,Earl Brown 2 inc,"236,583",11
Nov 2017,101,Scott Delarosa inc,"707,956",37
Nov 2017,101,Carol Tate inc,"531,054",28
Nov 2017,101,Derek Davis 2 inc,"498,548",25
Nov 2017,101,Marylou Thomas inc,"352,451",15
Nov 2017,101,Robert Howard 3 inc,"305,745",12
Nov 2017,102,Barry Hart inc,"1,058,050",50
Nov 2017,102,Cleta Ro inc,"894,661",48
Nov 2017,102,Troy Centeno inc,"799,370",34
Nov 2017,102,Kimberly Luna inc,"745,560",35
Nov 2017,102,Mary Derby inc,"673,695",33
Nov 2017,103,William Murray 5 inc,"286,300",15
Nov 2017,103,Brandon Cerverizzo inc,"251,791",12
Nov 2017,103,Jason Pescatore inc,"165,070",8
Nov 2017,103,Carl Casiano inc,"162,427",8
Nov 2017,103,Austin Talty inc,"137,900",7
Nov 2017,104,Lillian Riffel inc,"885,994",46
Nov 2017,104,Laura Johnson 8 inc,"509,414",30
Nov 2017,104,Joseph Jacobs inc,"435,659",23
Nov 2017,104,Jeffery Wills inc,"302,703",15
Nov 2017,104,Donald Rhode inc,"164,079",10
Nov 2017,105,Eusebio Steese inc,"1,097,637",53
Nov 2017,105,Shawna Ward inc,"532,859",26
Nov 2017,105,Heather Felton inc,"416,848",20
Nov 2017,105,Manuel Oglesby inc,"365,681",17
Nov 2017,105,Steve Haward inc,"365,043",18
Nov 2017,106,Debbie Mitchell inc,"539,712",27
Nov 2017,106,Antonia Greenberg inc,"466,988",24
Nov 2017,106,Thomas Crowe 2 inc,"406,672",24
Nov 2017,106,Robert Lopez 18 inc,"352,853",16
Nov 2017,106,Shayla Maldonado inc,"267,246",14
Nov 2017,107,Julius Kutz inc,"4,958,997",244
Nov 2017,107,Tim Crosby inc,"3,183,168",162
Nov 2017,107,Michael Truelove inc,"2,223,051",118
Nov 2017,107,Mary Duke 3 inc,"1,882,284",91
Nov 2017,107,Kimberly Subido inc,"1,257,607",60
Nov 2017,108,Virginia Weymouth inc,"279,538",15
Nov 2017,108,Suzanne Hammond inc,"233,891",12
Nov 2017,108,Luis Smith 3 inc,"190,121",9
Nov 2017,108,Jerry Lingbeek inc,"186,633",7
Nov 2017,108,Geneva White inc,"162,797",8
Nov 2017,109,Jose Ortega inc,"1,029,762",52
Nov 2017,109,Lucille Knights inc,"831,555",43
Nov 2017,109,Maria Jobson inc,"658,767",30
Nov 2017,109,Betty Bale inc,"531,823",27
Nov 2017,109,Rosemary Lee 4 inc,"417,345",21
Nov 2017,110,Donna Gonzalez 4 inc,"5,095,432",255
Nov 2017,110,Connie Thompson 2 inc,"1,833,334",93
Nov 2017,110,Mae Brown inc,"1,267,514",66
Nov 2017,110,Wanda Hill inc,"1,113,946",53
Nov 2017,110,Marvin Miller 2 inc,"983,698",52
Nov 2017,111,Maureen Pereira inc,"747,408",35
Nov 2017,111,John Poremski inc,"500,132",25
Nov 2017,111,Marlon Braund inc,"457,637",21
Nov 2017,111,David Kilpatrick inc,"408,839",22
Nov 2017,111,Bertha Walton inc,"395,170",20
Nov 2017,112,Michael Brotherton inc,"473,721",23
Nov 2017,112,Douglas Richner inc,"244,651",15
Nov 2017,112,Deloris Shetler inc,"237,940",11
Nov 2017,112,Tracy Mathews inc,"171,250",7
Nov 2017,112,Charity Fuchs inc,"170,089",8
Nov 2017,113,Mary Montgomery 4 inc,"208,543",10
Nov 2017,113,Arlene Lehmberg inc,"180,188",7
Nov 2017,113,Roger Jones 5 inc,"171,974",10
Nov 2017,113,Rosalie Frizell inc,"156,085",8
Nov 2017,113,Linda Romo inc,"136,430",6
Nov 2017,114,Kellie Aguilar inc,"567,411",26
Nov 2017,114,Leonard Crawford inc,"324,671",15
Nov 2017,114,Joann Vidinha inc,"246,629",10
Nov 2017,114,Sandra Rustin inc,"222,055",12
Nov 2017,114,Mildred Davidson inc,"203,667",9
Nov 2017,115,John Campbell 11 inc,"385,429",21
Nov 2017,115,Johnny Ahmed inc,"383,922",22
Nov 2017,115,Gus Augustine inc,"309,893",14
Nov 2017,115,Charlie Bell inc,"258,391",14
Nov 2017,115,Alicia King 2 inc,"257,693",11
Nov 2017,116,Mildred Leitheiser inc,"1,708,609",84
Nov 2017,116,Anthony Wangler inc,"1,653,083",84
Nov 2017,116,Novella Yates inc,"1,585,691",85
Nov 2017,116,Mary Perez 10 inc,"1,275,889",62
Nov 2017,116,Matthew Barnett 3 inc,"1,180,324",58
Nov 2017,117,Theresa Martin 3 inc,"3,482,124",170
Nov 2017,117,Dion Cantu inc,"3,211,099",157
Nov 2017,117,Michael Farruggio inc,"3,010,016",145
Nov 2017,117,Catherine Tanner inc,"2,499,065",124
Nov 2017,117,Debra Alexander 2 inc,"1,882,908",92
Nov 2017,118,Richard Burrows inc,"252,620",11
Nov 2017,118,Werner Shepherd inc,"236,507",12
Nov 2017,118,Cristy Key inc,"223,296",12
Nov 2017,118,Malinda Dierking inc,"181,028",8
Nov 2017,118,Isabella Roscoe inc,"162,937",7
Nov 2017,119,Betty Sanford inc,"653,353",33
Nov 2017,119,James David 2 inc,"508,244",25
Nov 2017,119,Lamar Gates inc,"447,984",21
Nov 2017,119,Jason Pappas inc,"444,889",22
Nov 2017,119,Michael Shade 2 inc,"428,681",26
Nov 2017,120,Sandra Summers inc,"881,945",42
Nov 2017,120,Denise Fowler 2 inc,"556,576",25
Nov 2017,120,Timothy Blackman inc,"524,982",23
Nov 2017,120,Mark Hines inc,"384,602",19
Nov 2017,120,Patricia Nebergall inc,"327,689",16
Nov 2017,122,Karen Holsten inc,"240,698",13
Nov 2017,122,Summer Parker inc,"184,328",6
Nov 2017,122,Carrie Bishop inc,"153,893",8
Nov 2017,122,Stephanie Jones 7 inc,"128,181",6
Nov 2017,122,Terisa Smith inc,"107,312",6
Nov 2017,123,Alan Shannon inc,"1,146,315",56
Nov 2017,123,Rita Barber inc,"935,981",41
Nov 2017,123,Cecila Ragusa inc,"772,741",38
Nov 2017,123,Peter Fritz inc,"329,595",14
Nov 2017,123,Kurt Garcia inc,"328,517",17
Nov 2017,124,Betty Mcdonald 2 inc,"615,366",30
Nov 2017,124,Queen Sawyer inc,"418,826",21
Nov 2017,124,Weston Cyree inc,"404,951",20
Nov 2017,124,Richard Blevins inc,"404,077",16
Nov 2017,124,Ellsworth Shubert inc,"363,140",20
Nov 2017,125,Brent Higgins inc,"600,516",28
Nov 2017,125,Alton Ayala inc,"585,573",28
Nov 2017,125,Alex Purtell inc,"561,154",28
Nov 2017,125,Rachel Skillom inc,"506,524",24
Nov 2017,125,Bobbi Sartain inc,"481,515",26
Nov 2017,126,Kristi Radford inc,"835,299",41
Nov 2017,126,Alice Freitag inc,"650,390",30
Nov 2017,126,Oscar Nelson 2 inc,"589,363",31
Nov 2017,126,Raymond Lansdell inc,"560,014",28
Nov 2017,126,Dennis Alderman inc,"521,041",30
Nov 2017,128,William Benningfield inc,"998,174",46
Nov 2017,128,Terri Jackson 2 inc,"661,224",31
Nov 2017,128,Pamela Pickett inc,"617,561",28
Nov 2017,128,Eva Moffat inc,"459,918",25
Nov 2017,128,Robert Yodis inc,"390,022",19
Nov 2017,129,Barbara Sasaki inc,"1,234,955",62
Nov 2017,129,Jackson Tweedy inc,"655,980",32
Nov 2017,129,Robert Dockery inc,"558,546",27
Nov 2017,129,Sabrina Holley inc,"551,417",27
Nov 2017,129,Beverly Johnson 3 inc,"465,130",24
Nov 2017,130,Virginia Mustafa inc,"302,448",15
Nov 2017,130,Kevin Peters inc,"179,728",8
Nov 2017,130,David Pardue inc,"140,167",7
Nov 2017,130,William Reynolds 5 inc,"110,566",4
Nov 2017,130,John Taylor 21 inc,"103,439",4
Nov 2017,131,Christian Penn inc,"2,074,159",105
Nov 2017,131,Bill Brainard inc,"1,209,508",60
Nov 2017,131,Barry Sutherland inc,"921,816",40
Nov 2017,131,Christen Harlow inc,"850,287",43
Nov 2017,131,Robert Lehman inc,"762,205",38
Nov 2017,133,Tyler Sharpe inc,"433,994",20
Nov 2017,133,Dean Noggle inc,"398,283",19
Nov 2017,133,Andrea Grubbs inc,"250,170",11
Nov 2017,133,George Cecchini inc,"179,338",9
Nov 2017,133,Berry Aponte inc,"137,620",6
Nov 2017,135,Michael King 9 inc,"1,043,535",52
Nov 2017,135,Kathy Briggs inc,"572,821",28
Nov 2017,135,Tracey Mcbride inc,"535,212",27
Nov 2017,135,Hugh Ford inc,"407,202",19
Nov 2017,135,James Mccarty inc,"397,813",21
Nov 2017,136,Justin Pellicone inc,"1,327,567",64
Nov 2017,136,Boyd Delosh inc,"830,076",42
Nov 2017,136,Jennifer Brown 8 inc,"752,080",40
Nov 2017,136,Don Kuboushek inc,"585,296",30
Nov 2017,136,Mark Parrish inc,"547,750",25
Nov 2017,137,Liana Ramos inc,"11,154,038",555
Nov 2017,137,Charles Cota inc,"10,929,854",554
Nov 2017,137,George Caporiccio inc,"10,882,589",535
Nov 2017,137,Rebecca Ross inc,"7,058,999",341
Nov 2017,137,Claudia Frazier inc,"5,010,931",255
Nov 2017,138,Barbara Brantly inc,"3,146,384",157
Nov 2017,138,Jessica Wilson inc,"2,165,152",105
Nov 2017,138,Ricardo Simpson inc,"1,595,913",78
Nov 2017,138,Eloise Sorbo inc,"1,567,183",70
Nov 2017,138,Charlotte Lovell 2 inc,"1,187,643",62
Nov 2017,139,Irene Rutledge inc,"853,462",47
Nov 2017,139,Jean Rogers 2 inc,"485,119",23
Nov 2017,139,Margie Alford inc,"393,978",22
Nov 2017,139,Amy Yates inc,"347,473",13
Nov 2017,139,Robert Horstman inc,"318,164",15
Nov 2017,140,Janet Mendiola inc,"4,185,639",208
Nov 2017,140,Robert Molina 2 inc,"2,301,023",117
Nov 2017,140,Eugene Lovelace inc,"1,958,269",92
Nov 2017,140,James Stroth inc,"1,905,074",93
Nov 2017,140,Lorraine Bittner inc,"1,764,370",94
Nov 2017,142,Manuel Lanehart inc,"600,544",29
Nov 2017,142,Janet Banks inc,"244,918",12
Nov 2017,142,Steve Swartz inc,"170,457",9
Nov 2017,142,Adrian Farley inc,"147,547",8
Nov 2017,142,Annette Abston inc,"143,802",7
Nov 2017,143,Helen Kern inc,"27,398,006","1,366"
Nov 2017,143,Scott Hepburn inc,"12,628,924",643
Nov 2017,143,Rose Garner inc,"9,721,432",479
Nov 2017,143,Alan Eisenhower inc,"9,457,550",477
Nov 2017,143,Rashida Hernandez inc,"7,567,956",378
Nov 2017,144,Melvin Haro inc,"501,668",24
Nov 2017,144,Kristofer Oquinn inc,"499,463",25
Nov 2017,144,Patricia Saucedo inc,"441,071",21
Nov 2017,144,Andres Knight inc,"379,293",19
Nov 2017,144,David Turner 10 inc,"259,477",14
Nov 2017,145,Helen Brown 6 inc,"1,155,866",52
Nov 2017,145,Martin Long inc,"594,975",32
Nov 2017,145,Murray Perry inc,"517,826",24
Nov 2017,145,Courtney Eckert inc,"469,987",24
Nov 2017,145,Emmett Christian inc,"436,473",22
Nov 2017,146,Mary Kirby 2 inc,"584,300",27
Nov 2017,146,John Powell 7 inc,"491,315",24
Nov 2017,146,Sandra Kalkman inc,"476,159",21
Nov 2017,146,Jeffery Lemon inc,"221,473",12
Nov 2017,146,Dianne Manzano inc,"214,870",11
Nov 2017,147,Thomas Chipps inc,"1,305,937",60
Nov 2017,147,Patricia Dodson inc,"1,055,192",50
Nov 2017,147,Trevor Dean inc,"983,096",47
Nov 2017,147,Rachel Kennedy 2 inc,"801,232",46
Nov 2017,147,Richard Chavez 3 inc,"773,721",39
Nov 2017,148,Christopher Mcdonald inc,"723,421",35
Nov 2017,148,Tricia Dozier inc,"697,528",32
Nov 2017,148,Nicolas Flaming inc,"352,760",16
Nov 2017,148,Floyd Head inc,"315,250",16
Nov 2017,148,Chris Dyke inc,"309,345",15
Nov 2017,149,Alexandria Sarmiento inc,"8,105,017",394
Nov 2017,149,Kenneth Larson inc,"6,225,067",305
Nov 2017,149,Jerold Caldwell inc,"4,818,942",244
Nov 2017,149,Kelly Perez 2 inc,"3,670,695",181
Nov 2017,149,Deann Powell inc,"2,967,536",145
Nov 2017,150,Effie Mayfield inc,"1,173,159",57
Nov 2017,150,Corey Perron inc,"541,624",29
Nov 2017,150,Theresa Woods inc,"421,111",19
Nov 2017,150,William Trotter inc,"397,124",21
Nov 2017,150,Joe Joiner 2 inc,"352,957",16
Nov 2017,151,Elfriede Jones inc,"522,564",24
Nov 2017,151,Cleo Shapiro inc,"320,609",16
Nov 2017,151,Carlos Morgan 2 inc,"256,245",13
Nov 2017,151,Susie Pritchett inc,"216,522",9
Nov 2017,151,Shakita Jones inc,"188,095",10
Nov 2017,153,Jimmy Scully inc,"325,998",18
Nov 2017,153,Terry Franz inc,"272,712",13
Nov 2017,153,John Cade 2 inc,"264,529",12
Nov 2017,153,Glenda Garcia 2 inc,"238,977",10
Nov 2017,153,Martha Goldstein inc,"236,752",12
Nov 2017,155,Susie Wynn inc,"981,299",45
Nov 2017,155,Lena Napolitano inc,"680,657",31
Nov 2017,155,Larry Huffman inc,"538,062",27
Nov 2017,155,David Hagen 2 inc,"499,415",22
Nov 2017,155,Tracie Pennington inc,"489,348",25
Nov 2017,156,Christopher Butts 2 inc,"974,461",49
Nov 2017,156,Pamela Griffin inc,"723,001",37
Nov 2017,156,Gary Finley inc,"539,620",26
Nov 2017,156,Kristen Taylor 3 inc,"469,038",23
Nov 2017,156,Roberta Brown inc,"354,351",16
Nov 2017,157,Helen Burnsworth inc,"2,802,901",142
Nov 2017,157,Pearl Stone inc,"746,424",36
Nov 2017,157,Loree Hansen inc,"580,160",33
Nov 2017,157,Robert Jenkins 7 inc,"489,368",25
Nov 2017,157,Andrew Hilty inc,"479,365",23
Nov 2017,158,Darryl Revak inc,"18,158,879",913
Nov 2017,158,Dee Gallager inc,"17,792,088",890
Nov 2017,158,Robert Cruz 2 inc,"10,678,942",528
Nov 2017,158,Bridget Patterson inc,"10,050,323",496
Nov 2017,158,Michael Frieden inc,"8,962,677",450
Nov 2017,159,Roy Coats inc,"3,547,719",171
Nov 2017,159,Sean Groover inc,"915,038",47
Nov 2017,159,Mary Hudspeth inc,"870,585",47
Nov 2017,159,Lorenzo Hawkins inc,"840,206",44
Nov 2017,159,Monique Armstrong inc,"674,396",38
Nov 2017,160,Richard Mccabe inc,"14,884,967",731
Nov 2017,160,Eliz Prater inc,"9,762,207",476
Nov 2017,160,Patricia Sharp 2 inc,"4,915,059",256
Nov 2017,160,Laurena Parks inc,"4,568,121",238
Nov 2017,160,Donna Croshaw inc,"4,145,870",207
Nov 2017,161,Delbert Plater inc,"3,474,199",170
Nov 2017,161,Joyce Fletcher inc,"3,237,885",151
Nov 2017,161,Claire Mcclendon inc,"2,301,933",112
Nov 2017,161,Carol Hardy 2 inc,"1,452,355",75
Nov 2017,161,Vita Bettes inc,"1,447,218",71
Nov 2017,162,Allen Wiersma inc,"980,201",50
Nov 2017,162,Maureen Werre inc,"742,897",36
Nov 2017,162,Sanford Myers inc,"725,946",32
Nov 2017,162,Pedro Roberts 2 inc,"704,666",32
Nov 2017,162,Emelia Foulk inc,"593,287",30
Nov 2017,163,Helen Mccutchan inc,"879,959",43
Nov 2017,163,Linda Rogers 6 inc,"758,737",35
Nov 2017,163,Dale Lotzer inc,"628,592",30
Nov 2017,163,Luigi Hammond inc,"626,364",30
Nov 2017,163,Sharon Jones 15 inc,"556,433",28
Nov 2017,165,Jessie Carey inc,"424,316",21
Nov 2017,165,Pat Harper inc,"386,509",18
Nov 2017,165,Tyrone Malone inc,"326,285",16
Nov 2017,165,David Blackwell inc,"301,834",15
Nov 2017,165,Lillian Macdonald inc,"194,017",8
Nov 2017,166,Linda Ready inc,"638,283",31
Nov 2017,166,Rodney Hatton inc,"492,443",23
Nov 2017,166,Cheryl Boone inc,"424,887",20
Nov 2017,166,Michelle Marrero 2 inc,"363,297",20
Nov 2017,166,Ali Newsome inc,"284,530",13
Nov 2017,167,Betty Brown 9 inc,"1,250,144",63
Nov 2017,167,Allan Clark inc,"301,289",15
Nov 2017,167,Marion Greer inc,"272,294",16
Nov 2017,167,Patrick Ricci inc,"248,750",11
Nov 2017,167,Ronald Brooks 3 inc,"229,948",9
Nov 2017,168,Mary Gallegos 2 inc,"1,182,231",59
Nov 2017,168,Richard James 5 inc,"942,030",50
Nov 2017,168,Kim Hartly inc,"849,698",44
Nov 2017,168,David Reyes 2 inc,"833,182",40
Nov 2017,168,Lucy Thomas 2 inc,"795,453",43
Nov 2017,169,Tom Judge inc,"2,316,690",106
Nov 2017,169,Son Abraham inc,"2,031,706",99
Nov 2017,169,Louis Mccall inc,"2,025,651",99
Nov 2017,169,Helen Mckean inc,"1,895,387",97
Nov 2017,169,Roy Lindsay inc,"1,799,104",86
Nov 2017,170,Thelma Metayer inc,"916,802",55
Nov 2017,170,Mamie James inc,"905,091",42
Nov 2017,170,Eugene Greis inc,"337,901",17
Nov 2017,170,Tricia Williams 2 inc,"317,649",16
Nov 2017,170,Jack Terry 2 inc,"314,960",15
Nov 2017,171,Sandra Wells inc,"2,454,312",131
Nov 2017,171,David Holmes 4 inc,"1,795,740",86
Nov 2017,171,Sarah Palmieri inc,"1,364,625",66
Nov 2017,171,Leanora Marshall inc,"1,190,916",54
Nov 2017,171,Bryan Harris 4 inc,"1,181,155",62
Nov 2017,172,Emily Hill 2 inc,"550,861",23
Nov 2017,172,Vernon Gross 2 inc,"548,468",30
Nov 2017,172,Tommy Mcfarland inc,"522,217",25
Nov 2017,172,Jennie Gibbs inc,"481,106",25
Nov 2017,172,Carlos Miller inc,"460,639",24
Nov 2017,173,Robert Doyle 3 inc,"1,844,892",84
Nov 2017,173,Yolanda Panzarella inc,"1,053,409",55
Nov 2017,173,Betty Mcelvaine inc,"915,557",45
Nov 2017,173,Mario Johnson inc,"863,563",41
Nov 2017,173,Patrick Roberts 2 inc,"785,492",39
Nov 2017,174,Cody Leonard inc,"1,855,294",88
Nov 2017,174,Andrea Claybrook inc,"873,647",40
Nov 2017,174,Nancy Mckeown inc,"835,786",41
Nov 2017,174,Karen Coffman inc,"689,038",35
Nov 2017,174,Eddie Nobles inc,"609,000",29
Nov 2017,175,Judy Fujimoto inc,"812,636",35
Nov 2017,175,Pauline Burdette inc,"648,704",32
Nov 2017,175,Karen Wallace 2 inc,"472,520",27
Nov 2017,175,Eugene Santelli inc,"430,677",21
Nov 2017,175,Mary Kreisher inc,"342,303",16
Nov 2017,178,Maria Allen 4 inc,"527,275",24
Nov 2017,178,Hillary Wells inc,"187,113",9
Nov 2017,178,Fred Guinn inc,"151,412",7
Nov 2017,178,Tiffany Hardin inc,"141,916",6
Nov 2017,178,Marlene Carmack inc,"128,414",5
Nov 2017,179,Michael Swirsky inc,"7,239,662",361
Nov 2017,179,Curtis Banks inc,"2,333,417",112
Nov 2017,179,Gladys Castillo inc,"1,835,875",91
Nov 2017,179,Alan Poe inc,"1,782,979",93
Nov 2017,179,Judy Lutz inc,"1,683,503",90
Nov 2017,180,Anna Harrison inc,"1,101,500",60
Nov 2017,180,Alexandra Green inc,"454,389",24
Nov 2017,180,Denise Sievers inc,"419,307",23
Nov 2017,180,James Mcclendon inc,"415,001",20
Nov 2017,180,Robert Durham 2 inc,"316,089",12
Nov 2017,181,Juan Walsh 2 inc,"1,771,896",94
Nov 2017,181,Edith Roll inc,"926,597",48
Nov 2017,181,Gregg Verde inc,"592,463",32
Nov 2017,181,Denise Cotter inc,"468,356",23
Nov 2017,181,Grant Son inc,"448,131",22
Nov 2017,182,Julia Cope inc,"2,024,491",101
Nov 2017,182,Harold Strand inc,"578,639",26
Nov 2017,182,Darryl Coble inc,"471,406",22
Nov 2017,182,Janice Wilson 2 inc,"467,744",21
Nov 2017,182,Betty Pew inc,"389,300",19
Nov 2017,183,Shanon Battle inc,"617,071",30
Nov 2017,183,Angela Jackson 5 inc,"604,187",31
Nov 2017,183,John Otoole inc,"581,425",27
Nov 2017,183,Francis Casey inc,"335,988",20
Nov 2017,183,Esther Allen inc,"254,998",13
Nov 2017,184,Ralph Nava inc,"618,416",31
Nov 2017,184,Harold Ames inc,"474,566",21
Nov 2017,184,Cheryl Pike inc,"462,512",22
Nov 2017,184,Charlotte Valdez inc,"408,553",20
Nov 2017,184,Denise Carlton inc,"368,609",18
Nov 2017,185,Sebastian Molino inc,"46,569",2
Nov 2017,186,Larry Reid inc,"962,120",53
Nov 2017,186,Christine Paulino inc,"563,302",26
Nov 2017,186,George Caruthers inc,"399,583",19
Nov 2017,186,Thomas Hopper inc,"271,730",14
Nov 2017,186,Katie Limon inc,"220,647",10
Nov 2017,187,Joseph Miles inc,"332,070",16
Nov 2017,187,Esther Townsend inc,"316,155",12
Nov 2017,187,Terence Harstad inc,"281,923",14
Nov 2017,187,Roberto Alexander inc,"239,778",13
Nov 2017,187,Steven Kimbrell inc,"231,593",10
Nov 2017,188,Linda Alexander inc,"1,026,275",49
Nov 2017,188,Ryan Widell inc,"970,140",47
Nov 2017,188,Joseph Jones 15 inc,"919,715",45
Nov 2017,188,James Pittsley inc,"883,900",45
Nov 2017,188,Anne Grantham inc,"880,231",41
Nov 2017,189,Andrew Eastman inc,"1,944,516",100
Nov 2017,189,Gertrude Espinosa inc,"1,222,572",62
Nov 2017,189,Christina Chamberlain inc,"1,097,199",53
Nov 2017,189,Diane Allen 2 inc,"894,042",45
Nov 2017,189,Jack Huffman inc,"776,037",37
Nov 2017,190,Jay Hokanson inc,"740,484",38
Nov 2017,190,Denise Marquez 2 inc,"618,839",32
Nov 2017,190,Thomas Voyer inc,"372,853",17
Nov 2017,190,Fletcher Watson inc,"308,142",15
Nov 2017,190,Bernice Harris inc,"296,982",16
Nov 2017,191,Bruce Snyder inc,"548,516",25
Nov 2017,191,Laura James 2 inc,"530,165",26
Nov 2017,191,Frank Lundborg inc,"463,160",23
Nov 2017,191,Phillip Lewis 3 inc,"405,895",17
Nov 2017,191,Lisa Byker inc,"367,034",18
Nov 2017,193,Dorothy Woods inc,"540,215",27
Nov 2017,193,Lisa Plummer inc,"517,580",29
Nov 2017,193,Renate Snyder inc,"446,588",23
Nov 2017,193,Terry Vallejos inc,"432,662",17
Nov 2017,193,Boyd Taylor inc,"337,153",19
Nov 2017,194,Alison Magallanes inc,"1,172,998",63
Nov 2017,194,Walter Washington 2 inc,"523,514",26
Nov 2017,194,Jack Doubet inc,"448,825",23
Nov 2017,194,Irma Bales inc,"380,260",18
Nov 2017,194,Edgar Beeler inc,"290,406",13
Nov 2017,195,Casey Dawkins inc,"500,857",22
Nov 2017,195,Eric Johnson 5 inc,"484,869",21
Nov 2017,195,Scott Williamson inc,"344,561",17
Nov 2017,195,Matthew Aberle inc,"300,389",13
Nov 2017,195,Michael Hawkins 8 inc,"288,258",14
Nov 2017,197,Claudia Rodriguez inc,"1,027,841",50
Nov 2017,197,Chad Tobar inc,"516,886",25
Nov 2017,197,Randi Duke inc,"453,521",21
Nov 2017,197,Tony Moore 3 inc,"428,326",17
Nov 2017,197,Bonnie Lee 2 inc,"214,791",12
Nov 2017,198,Nancy Foley inc,"527,627",24
Nov 2017,198,Lee Barajas inc,"347,422",15
Nov 2017,198,Jose Emerson inc,"318,026",14
Nov 2017,198,Mary Griffith inc,"316,427",15
Nov 2017,198,Walter Barbieri inc,"259,110",12
Nov 2017,199,Crystal Dwyer inc,"1,863,154",95
Nov 2017,199,Elbert Six inc,"1,511,708",79
Nov 2017,199,Roger Serrano inc,"1,400,255",74
Nov 2017,199,Judy Evans 3 inc,"1,209,690",60
Nov 2017,199,Daryl Taylor inc,"947,383",49
Nov 2017,200,Sandra Davenport inc,"2,606,564",126
Nov 2017,200,Juan Sojka inc,"2,503,861",122
Nov 2017,200,Latanya Crofton inc,"2,194,194",110
Nov 2017,200,Teresa Ellis inc,"1,848,176",94
Nov 2017,200,Sabrina Oleary inc,"1,642,768",83
Nov 2017,201,James Howell 7 inc,"982,636",51
Nov 2017,201,Dawn Jackson 4 inc,"296,420",15
Nov 2017,201,Ryan Black inc,"285,823",15
Nov 2017,201,Concepcion Kyle inc,"285,154",15
Nov 2017,201,Frederic Burgos inc,"258,655",12
Nov 2017,203,Albert Cadwell inc,"695,881",34
Nov 2017,203,Kyle Reyna inc,"269,637",12
Nov 2017,203,Jeffrey Berryman inc,"267,171",14
Nov 2017,203,Ernest Ward inc,"189,860",9
Nov 2017,203,Ken Grant inc,"187,334",7
Nov 2017,204,Ruth Newark inc,"588,176",29
Nov 2017,204,Josephina Taylor inc,"285,406",13
Nov 2017,204,Roxann Flores inc,"159,896",7
Nov 2017,204,Antonio Bowler inc,"121,058",4
Nov 2017,204,Ruben Thier inc,"105,172",5
Nov 2017,205,Tyrone Dwaileebe inc,"299,516",16
Nov 2017,205,Thomas Anderson 10 inc,"182,013",12
Nov 2017,205,Rubin Campos inc,"155,604",8
Nov 2017,205,Wanda Hogan inc,"102,859",5
Nov 2017,205,Julian Rangel inc,"101,514",5
Nov 2017,206,Ryan Gregg inc,"432,594",21
Nov 2017,206,Louise Owens inc,"318,592",13
Nov 2017,206,Alberto Holmes inc,"262,142",12
Nov 2017,206,Tracy Robles inc,"232,359",13
Nov 2017,206,Susan Land inc,"218,142",9
Nov 2017,207,Clarence Griffin inc,"207,635",10
Nov 2017,207,Naomi Day inc,"112,396",5
Nov 2017,207,Andrew Hernandez 2 inc,"102,276",4
Nov 2017,207,Donald Neff inc,"72,554",5
Nov 2017,207,Gail Garvin inc,"68,002",3
Nov 2017,208,Michael Abramson inc,"667,839",33
Nov 2017,208,Jason Ho inc,"248,537",14
Nov 2017,208,Gail Costello inc,"241,682",13
Nov 2017,208,Dale Skalicky inc,"236,347",10
Nov 2017,208,Paula Santiago inc,"161,586",8
Nov 2017,209,Meaghan Saylor inc,"1,222,875",53
Nov 2017,209,Ma Rowlands inc,"1,136,059",62
Nov 2017,209,Tempie Guardado inc,"552,512",32
Nov 2017,209,Wanda Lundberg inc,"548,788",27
Nov 2017,209,Michael Mincey inc,"523,199",24
Nov 2017,210,Angela Parsons inc,"1,035,690",53
Nov 2017,210,Michael Mocher inc,"981,577",46
Nov 2017,210,Felipe Erickson inc,"810,004",39
Nov 2017,210,Gary Goff inc,"788,076",36
Nov 2017,210,Timothy Godwin inc,"745,208",37
Nov 2017,211,William Darden inc,"796,311",40
Nov 2017,211,Cathryn Holsopple inc,"471,770",22
Nov 2017,211,Nancy Benz inc,"466,061",23
Nov 2017,211,Crystal Krumholz inc,"465,912",21
Nov 2017,211,Ryan Charles inc,"426,668",22
Nov 2017,212,Donald Pimental inc,"7,012,947",340
Nov 2017,212,Rebecca Johnson 9 inc,"5,174,005",259
Nov 2017,212,Anna Risher inc,"3,677,959",182
Nov 2017,212,Bernice Pratt inc,"3,184,292",153
Nov 2017,212,Susan Williams 18 inc,"3,112,788",157
Nov 2017,213,Elizabeth Thomas 10 inc,"3,081,133",166
Nov 2017,213,Katherine Stickel inc,"2,624,683",137
Nov 2017,213,Nichol Gentry inc,"2,327,316",108
Nov 2017,213,Chad Tobar inc,"2,234,046",112
Nov 2017,213,Fredrick Vergara inc,"2,039,695",105
Nov 2017,214,Daniel Steinbach inc,"832,758",41
Nov 2017,214,Beatrice Thomas inc,"651,264",31
Nov 2017,214,Christie Poole inc,"482,422",25
Nov 2017,214,Aaron Baker 3 inc,"442,867",21
Nov 2017,214,Evelyn Reynoso 2 inc,"405,058",18
Nov 2017,215,Katherine Caldwell inc,"782,626",40
Nov 2017,215,Allison Kingston inc,"285,551",13
Nov 2017,215,Dennis Fowler inc,"188,888",9
Nov 2017,215,Eric Weeks inc,"128,137",5
Nov 2017,215,Joanne Webb inc,"104,480",6
Nov 2017,216,Helen Acosta inc,"600,063",28
Nov 2017,216,Deanna Dudley inc,"587,925",25
Nov 2017,216,Mary Donati inc,"394,429",18
Nov 2017,216,Wesley Ramirez inc,"318,244",16
Nov 2017,216,James Nelson 9 inc,"285,581",13
Nov 2017,218,Julianne Mchugh inc,"1,244,464",55
Nov 2017,218,Ronald Abbott 2 inc,"678,474",34
Nov 2017,218,Karisa Pope inc,"532,483",25
Nov 2017,218,Nina Humphreys inc,"420,058",19
Nov 2017,218,Gary Ratcliff inc,"405,242",19
Nov 2017,219,Rodney Lichtenberg inc,"876,858",45
Nov 2017,219,Donald Smith 19 inc,"866,932",43
Nov 2017,219,Christopher Marinaccio inc,"658,004",33
Nov 2017,219,Alfreda Mcnaughton inc,"422,868",22
Nov 2017,219,Wendy Strong inc,"408,264",20
Nov 2017,220,Megan Robinson 5 inc,"705,576",33
Nov 2017,220,Rose Smith 7 inc,"605,621",33
Nov 2017,220,Grace Gorman inc,"416,227",21
Nov 2017,220,Kristina Hubbard inc,"382,345",20
Nov 2017,220,Valerie Ellison inc,"340,985",18
Nov 2017,221,Rose Brewer 2 inc,"335,173",17
Nov 2017,221,Anastasia Croft inc,"144,802",7
Nov 2017,221,Donna Wallace inc,"133,565",6
Nov 2017,221,Linda Harrist inc,"123,245",6
Nov 2017,221,Amy Casillas inc,"115,723",4
Nov 2017,222,Melvin Hurt inc,"515,303",21
Nov 2017,222,Dennis Clancy inc,"448,716",24
Nov 2017,222,Jonathon Morrison inc,"410,772",19
Nov 2017,222,Theresa Martin 3 inc,"159,350",8
Nov 2017,222,Joan Baggesen inc,"134,837",7
Nov 2017,223,Connie Thompson inc,"525,569",25
Nov 2017,223,Judy Turner inc,"520,962",30
Nov 2017,223,Rodney Reynolds inc,"500,800",25
Nov 2017,223,Gracie Mcmorran inc,"493,977",26
Nov 2017,223,Robert Gatson inc,"485,824",23
Nov 2017,224,John Sutton 8 inc,"1,242,795",58
Nov 2017,224,Deborah Harris 5 inc,"366,577",16
Nov 2017,224,Ronald Perkins 2 inc,"270,263",15
Nov 2017,224,Brandie Lane inc,"202,888",8
Nov 2017,224,Joshua Matthews inc,"167,061",6
Nov 2017,226,John Rutherford 4 inc,"2,812,272",134
Nov 2017,226,Maggie Rosa inc,"1,300,537",66
Nov 2017,226,Jaime Marks inc,"898,672",46
Nov 2017,226,Joseph Dempsey inc,"665,599",32
Nov 2017,226,Kori Butler inc,"525,352",29
Nov 2017,227,Edward Jones 10 inc,"213,962",12
Nov 2017,227,Frank Mahler inc,"211,671",11
Nov 2017,227,Lucy Thompson 2 inc,"176,505",8
Nov 2017,227,Michelle Sullivan inc,"159,162",7
Nov 2017,227,Emilio Bartel inc,"92,514",4
Nov 2017,228,Pablo Laboy inc,"309,981",16
Nov 2017,228,David Piles inc,"248,499",13
Nov 2017,228,Marian Anderson inc,"170,095",7
Nov 2017,228,Gail Henderson inc,"165,044",11
Nov 2017,228,Karen Harrelson inc,"159,664",8
Nov 2017,229,Christina Moralez inc,"613,800",28
Nov 2017,229,Anton Greene inc,"484,595",22
Nov 2017,229,Camille Lindsey inc,"320,302",19
Nov 2017,229,Amanda Robinson 2 inc,"272,820",14
Nov 2017,229,Mary Bailey 8 inc,"269,285",10
Nov 2017,230,Allison Burgess inc,"463,033",24
Nov 2017,230,Mary Melendez 3 inc,"462,497",22
Nov 2017,230,Rosie Champagne inc,"374,707",18
Nov 2017,230,John Rivera 9 inc,"354,299",16
Nov 2017,230,Terry Morris inc,"319,198",16
Nov 2017,231,Joshua Berryhill inc,"1,676,213",79
Nov 2017,231,Florence Mitchell 2 inc,"1,517,721",74
Nov 2017,231,Edward Hebert 3 inc,"1,494,161",80
Nov 2017,231,Robert Barfield inc,"1,248,165",66
Nov 2017,231,Mary Mattson inc,"1,124,416",59
Nov 2017,232,James Carpenter 7 inc,"1,052,950",47
Nov 2017,232,Charles Urias inc,"965,417",44
Nov 2017,232,Richard Telfer inc,"890,726",44
Nov 2017,232,Russell Fernandez inc,"822,212",36
Nov 2017,232,Whitney Delgado inc,"783,585",40
Nov 2017,233,Chad Tobar inc,"6,337,365",313
Nov 2017,233,Ella Rose 2 inc,"4,278,254",230
Nov 2017,233,John Mcneal 2 inc,"3,998,058",195
Nov 2017,233,Ruth Kohl inc,"3,148,884",160
Nov 2017,233,Maria Meaker inc,"2,993,489",144
Nov 2017,234,Johnnie Elliott inc,"868,357",45
Nov 2017,234,Alice Dickerson inc,"789,736",40
Nov 2017,234,Jennifer Haynes inc,"675,038",33
Nov 2017,234,Rachel Honeycutt inc,"603,149",28
Nov 2017,234,Anthony Tobey inc,"602,630",31
Nov 2017,235,David Morris 4 inc,"196,985",11
Nov 2017,235,Peter Adams 3 inc,"192,732",10
Nov 2017,235,Glenn Neblett inc,"112,076",6
Nov 2017,235,Shirley Nichell inc,"89,893",3
Nov 2017,235,Michael Brickner inc,"88,530",5
Nov 2017,236,Jeremy Adams 3 inc,"264,316",11
Nov 2017,236,Christopher Henderson 2 inc,"237,671",11
Nov 2017,236,Yolanda Holland inc,"209,595",9
Nov 2017,236,Nick Redenius inc,"182,921",9
Nov 2017,236,Alice Joyal inc,"175,389",10
Nov 2017,237,Julie Hughes inc,"256,692",13
Nov 2017,237,Dennis Coates inc,"229,537",13
Nov 2017,237,Sarah Seldon inc,"211,613",9
Nov 2017,237,Bernice Batz inc,"206,406",10
Nov 2017,237,Terry Taylor 4 inc,"123,478",6
Nov 2017,238,Kenneth Kimbler inc,"1,150,867",60
Nov 2017,238,Eugene Roberts inc,"928,261",44
Nov 2017,238,Robin Forbes inc,"886,985",45
Nov 2017,238,Greg Myers inc,"758,222",36
Nov 2017,238,Christopher Smith 19 inc,"662,288",35
Nov 2017,239,Leonard Parton inc,"364,793",21
Nov 2017,239,Dean Arteaga inc,"364,377",16
Nov 2017,239,Ivelisse Cipriani inc,"361,798",20
Nov 2017,239,Rosa Daugherty inc,"296,844",16
Nov 2017,239,Jackson Tallant inc,"212,121",11
Nov 2017,240,Jessica Baxter inc,"432,697",24
Nov 2017,240,Gloria Applin inc,"402,001",20
Nov 2017,240,Victoria Brown 3 inc,"308,020",15
Nov 2017,240,Margaret Thompson 7 inc,"214,920",9
Nov 2017,240,Cynthia Mooney inc,"161,075",8
Nov 2017,242,Mae Davis 3 inc,"1,632,576",82
Nov 2017,242,Estella Vidal inc,"1,116,109",55
Nov 2017,242,Ada Cough inc,"764,657",41
Nov 2017,242,John Bordner inc,"702,049",38
Nov 2017,242,Ruby Nease inc,"551,875",27
Nov 2017,244,Diane Robbins inc,"2,585,417",125
Nov 2017,244,Vivian Cawthorne inc,"2,095,734",107
Nov 2017,244,James Funk 2 inc,"1,632,089",77
Nov 2017,244,Donald Bacon 2 inc,"1,182,522",57
Nov 2017,244,Kelly Wood inc,"1,095,056",51
Nov 2017,245,Anton Wilder inc,"948,566",43
Nov 2017,245,Brenda Green 4 inc,"903,403",44
Nov 2017,245,Lindsey Abernethy inc,"734,394",36
Nov 2017,245,James Brown 42 inc,"720,862",36
Nov 2017,245,Stephen Strohman inc,"635,157",33
Nov 2017,246,Clarice Potts inc,"4,122,926",206
Nov 2017,246,James Holliday inc,"3,071,094",152
Nov 2017,246,Marc Juckett inc,"2,244,455",110
Nov 2017,246,Naomi Wakefield inc,"1,430,598",82
Nov 2017,246,Brian Larose inc,"1,417,739",65
Nov 2017,247,Alex Couzens inc,"2,499,040",118
Nov 2017,247,Charles Doyle inc,"1,271,286",62
Nov 2017,247,Mary Schultheis inc,"784,137",37
Nov 2017,247,Frederick Uson inc,"681,106",34
Nov 2017,247,Jennifer Cunningham 2 inc,"562,341",27
Nov 2017,248,Nicholas Mixer inc,"1,616,313",81
Nov 2017,248,George Wheeler 2 inc,"1,374,920",67
Nov 2017,248,Marie Compton inc,"1,307,797",67
Nov 2017,248,Marie Vaughn inc,"1,175,766",61
Nov 2017,248,Tara Hollis inc,"1,140,113",61
Nov 2017,250,Angela Mcnabb inc,"683,327",35
Nov 2017,250,Edward Campbell 2 inc,"580,006",33
Nov 2017,250,Catherine Ochs inc,"561,080",28
Nov 2017,250,Raymond Williams 10 inc,"546,610",26
Nov 2017,250,Raymond Higginbotham inc,"516,544",28
Nov 2017,251,Lola Cramer inc,"2,286,988",113
Nov 2017,251,Rose Mincey inc,"1,631,744",84
Nov 2017,251,Fannie Bittner inc,"1,568,971",77
Nov 2017,251,Charles Bendel inc,"1,457,084",71
Nov 2017,251,Ryan Harris 2 inc,"1,279,106",64
Nov 2017,252,Jimmy Kelly inc,"257,401",12
Nov 2017,252,Raymundo Daniel inc,"221,710",11
Nov 2017,252,Dwayne Molina inc,"207,062",9
Nov 2017,252,Dominick Newsom inc,"189,738",11
Nov 2017,252,Dale Freyermuth inc,"169,303",8
Nov 2017,253,Karen Fiene inc,"781,845",37
Nov 2017,253,Gussie Bickford inc,"549,045",25
Nov 2017,253,Kathleen Pittman inc,"434,631",21
Nov 2017,253,Walter Hay inc,"432,934",20
Nov 2017,253,Jesse Valazquez inc,"366,988",21
Nov 2017,254,Michael Newsom inc,"432,691",21
Nov 2017,254,Debra Mock inc,"144,320",7
Nov 2017,254,Winfred Canfield inc,"141,405",6
Nov 2017,254,Geneva Cohen inc,"126,756",7
Nov 2017,254,Cathi Jackson inc,"117,388",6
Nov 2017,255,Harmony Mathis inc,"826,295",36
Nov 2017,255,Blanche Egan inc,"797,736",39
Nov 2017,255,Barry Lyons 2 inc,"371,181",20
Nov 2017,255,Jeffrey Cawley inc,"348,049",19
Nov 2017,255,Joe Hall inc,"346,258",17
Nov 2017,256,Leigh Carr inc,"2,906,556",146
Nov 2017,256,Juan Kong inc,"1,072,190",51
Nov 2017,256,Ryan Kyle inc,"698,012",35
Nov 2017,256,Beatrice Graham inc,"578,189",32
Nov 2017,256,Wayne Daniels inc,"341,556",18
Nov 2017,258,Stacie Lucas inc,"262,172",13
Nov 2017,258,Damaris Godwin inc,"234,071",14
Nov 2017,258,Steven Johnson 10 inc,"225,534",10
Nov 2017,258,Chantel Goodermote inc,"214,413",11
Nov 2017,258,Michelle Jones 13 inc,"193,411",8
Nov 2017,259,Gerald Mccullough inc,"1,274,021",62
Nov 2017,259,Allen Jackson 2 inc,"989,937",52
Nov 2017,259,Adrienne Hill inc,"984,976",52
Nov 2017,259,Anthony Wheeler 2 inc,"712,995",34
Nov 2017,259,Sherry Novotny inc,"686,218",31
Nov 2017,260,Jordan Johnson inc,"564,638",27
Nov 2017,260,Ronald Betcher inc,"557,407",28
Nov 2017,260,William Young 10 inc,"547,010",24
Nov 2017,260,Eloise Paoli inc,"464,709",23
Nov 2017,260,Juanita Gilliam inc,"347,634",17
Nov 2017,261,Samuel Powell inc,"910,527",39
Nov 2017,261,Renaldo Allen inc,"553,353",25
Nov 2017,261,Phillip Justice 2 inc,"505,848",25
Nov 2017,261,Donald Lowe inc,"432,589",20
Nov 2017,261,Marie Koch inc,"392,384",19
Nov 2017,262,Kevin Wolfrum inc,"540,517",31
Nov 2017,262,Raymond Sylvester inc,"370,155",20
Nov 2017,262,Lora Harrell inc,"364,451",17
Nov 2017,262,Sara Ladd inc,"213,236",10
Nov 2017,262,Maryann Carson inc,"152,895",7
Nov 2017,263,Donnell Cotto inc,"343,459",16
Nov 2017,263,Mary Stroup inc,"195,148",10
Nov 2017,263,Joan Miller 2 inc,"189,176",11
Nov 2017,263,David Millay 2 inc,"187,020",12
Nov 2017,263,Nicholas Pearsall inc,"117,472",6
Nov 2017,264,Erika Legrand inc,"402,550",20
Nov 2017,264,Judith Roth inc,"307,309",16
Nov 2017,264,Grace Cox inc,"273,616",13
Nov 2017,264,Lena Boyer inc,"243,717",11
Nov 2017,264,Michael Golden inc,"194,141",10
Nov 2017,265,Michelle Dougherty inc,"495,636",27
Nov 2017,265,Brandon Beatty inc,"487,170",25
Nov 2017,265,David Adkins 7 inc,"472,732",25
Nov 2017,265,Michael Feinberg inc,"421,086",20
Nov 2017,265,Matthew Jackson 3 inc,"387,134",19
Nov 2017,266,Timothy Poole inc,"320,786",14
Nov 2017,266,Jerry Anderson 2 inc,"298,463",16
Nov 2017,266,Darryl Servin inc,"251,083",13
Nov 2017,266,Laureen Talton inc,"148,605",8
Nov 2017,266,Michael Avila inc,"147,577",6
Nov 2017,267,Maurice Ehret inc,"454,187",21
Nov 2017,267,Patricia Jackson 6 inc,"433,910",22
Nov 2017,267,Kimberly Brown 6 inc,"347,146",19
Nov 2017,267,Julie Young inc,"275,662",13
Nov 2017,267,Shane Rivera inc,"254,711",13
Nov 2017,268,Trudy Harris inc,"1,486,459",71
Nov 2017,268,Ernest Garner inc,"1,073,324",50
Nov 2017,268,Sabine King inc,"869,452",40
Nov 2017,268,Roy Mccoy inc,"787,560",40
Nov 2017,268,Timothy Lewis 8 inc,"737,930",33
Nov 2017,269,Mary Radford 3 inc,"424,475",19
Nov 2017,269,Heather Hopkins inc,"412,470",19
Nov 2017,269,Josephine Garrity inc,"315,995",16
Nov 2017,269,Linda Beaudin inc,"180,934",9
Nov 2017,269,Rosetta Banks inc,"171,729",7
Nov 2017,270,Patricia Smith 25 inc,"511,004",28
Nov 2017,270,Douglas Massie inc,"453,229",24
Nov 2017,270,Christine Montoro inc,"450,999",23
Nov 2017,270,Albert Hipp inc,"396,201",21
Nov 2017,270,David Park inc,"360,891",18
Nov 2017,271,Sharon Mcdaniel inc,"1,197,431",57
Nov 2017,271,Jame Perez inc,"1,181,886",58
Nov 2017,271,Jimmy Garcia 2 inc,"856,992",46
Nov 2017,271,Ann Morrell inc,"800,666",42
Nov 2017,271,Christopher Castro 2 inc,"790,997",36
Nov 2017,272,David Fitzpatrick inc,"1,122,082",57
Nov 2017,272,Gabriela Woods inc,"660,057",33
Nov 2017,272,Mark Layne inc,"519,711",26
Nov 2017,272,Micheal Seymore inc,"495,929",26
Nov 2017,272,Joseph Olson 3 inc,"450,256",24
Nov 2017,273,Christopher Bounds inc,"120,801",4
Nov 2017,273,John Sumstad inc,"47,019",2
Nov 2017,273,Lucy Couley inc,"38,463",1
Nov 2017,273,Joann Lilly inc,"35,313",2
Nov 2017,273,Ruth Signs inc,"33,420",1
Nov 2017,274,Doris Babcock inc,"4,180,055",216
Nov 2017,274,Sylvester Wetzel inc,"1,958,007",100
Nov 2017,274,Austin Edmunds inc,"1,786,763",83
Nov 2017,274,Angela Barrett 2 inc,"1,437,100",69
Nov 2017,274,Jane Bell inc,"1,181,098",56
Nov 2017,275,Brittany Cohn inc,"345,916",17
Nov 2017,275,Howard Justus inc,"313,442",13
Nov 2017,275,Orville Caporiccio inc,"258,096",10
Nov 2017,275,Mark Boeding inc,"213,112",9
Nov 2017,275,Wade Seider inc,"196,909",9
Nov 2017,276,Steven Porter 2 inc,"1,317,843",66
Nov 2017,276,Odis Hampton inc,"1,097,664",56
Nov 2017,276,Lynette Standridge inc,"790,191",39
Nov 2017,276,Terri Morse inc,"726,252",35
Nov 2017,276,Janet Bertsch inc,"630,344",29
Nov 2017,277,Tracie Dempsey inc,"4,227,290",211
Nov 2017,277,Jonathan Rollins inc,"4,139,620",209
Nov 2017,277,Michelle Briscoe inc,"3,896,944",185
Nov 2017,277,Daniel Phipps 2 inc,"3,400,247",173
Nov 2017,277,Billy Hoffman inc,"2,723,173",137
Nov 2017,278,David Fontaine inc,"1,952,463",93
Nov 2017,278,Sylvia Holler inc,"1,939,513",94
Nov 2017,278,Maria Davis 10 inc,"1,509,119",78
Nov 2017,278,Calvin Severy inc,"861,058",39
Nov 2017,278,Berry Cannata inc,"746,298",33
Nov 2017,279,George Williams 20 inc,"2,073,801",104
Nov 2017,279,Robert Hall 16 inc,"1,489,272",71
Nov 2017,279,Debra Williams 7 inc,"1,418,210",71
Nov 2017,279,Miguel Walt inc,"1,242,363",61
Nov 2017,279,Mario Powell inc,"1,021,903",47
Nov 2017,280,Clyde Garland inc,"2,347,514",115
Nov 2017,280,John Harris 25 inc,"936,644",46
Nov 2017,280,Vivian Howard inc,"622,694",35
Nov 2017,280,Michael Anderson 16 inc,"594,575",31
Nov 2017,280,Cynthia Morton inc,"573,974",28
Nov 2017,281,Charles Everett inc,"788,761",37
Nov 2017,281,Clayton Palmer inc,"567,419",31
Nov 2017,281,Pierre Weiner inc,"503,154",23
Nov 2017,281,Sandra Staples inc,"498,377",24
Nov 2017,281,George Hamilton 2 inc,"492,673",22
Nov 2017,282,Jonathan Crumble inc,"1,938,312",92
Nov 2017,282,Devon Sanders inc,"1,340,294",65
Nov 2017,282,Daron Corley inc,"842,692",42
Nov 2017,282,Fernando Williams inc,"835,397",42
Nov 2017,282,Katherine Cotter inc,"787,823",39
Nov 2017,283,Christopher Carter 3 inc,"3,221,554",163
Nov 2017,283,Marlin Stroud inc,"2,127,821",101
Nov 2017,283,Mikki Seburg inc,"1,653,725",82
Nov 2017,283,Sterling Haskins inc,"1,646,355",77
Nov 2017,283,Jessica Lafayette inc,"1,418,134",73
Nov 2017,285,Jefferey Smith inc,"666,015",32
Nov 2017,285,Juanita Moss inc,"298,702",14
Nov 2017,285,William Cade inc,"239,956",13
Nov 2017,285,Patricia Keith 2 inc,"202,965",12
Nov 2017,285,William Duby inc,"200,232",8
Nov 2017,286,Chris Heath inc,"5,810,630",295
Nov 2017,286,Kevin Hellman inc,"4,826,198",243
Nov 2017,286,Rita Elias inc,"3,794,108",182
Nov 2017,286,Jasmin Morataya inc,"3,252,833",157
Nov 2017,286,Steven Rodriguez 2 inc,"2,163,688",108
Nov 2017,287,Wm Evans inc,"435,869",24
Nov 2017,287,John Arlington inc,"221,971",12
Nov 2017,287,Carolyn Cary inc,"203,399",10
Nov 2017,287,George Peebles inc,"192,115",10
Nov 2017,287,Anita Herman inc,"189,882",12
Nov 2017,288,Wallace Bennett inc,"1,028,182",47
Nov 2017,288,Steve Crofton inc,"967,488",48
Nov 2017,288,Michael Morgan 3 inc,"955,017",48
Nov 2017,288,Lynn Brown 6 inc,"722,185",34
Nov 2017,288,Glenn Trevathan inc,"573,101",26
Nov 2017,289,Sherri Garrison inc,"5,262,246",256
Nov 2017,289,Willard Conditt inc,"2,079,671",101
Nov 2017,289,John Penn 2 inc,"1,283,423",66
Nov 2017,289,Elnora Cook inc,"1,231,219",64
Nov 2017,289,George Centeno inc,"1,154,879",56
Nov 2017,290,Daniel Jones 11 inc,"374,485",18
Nov 2017,290,Charles Harris 11 inc,"373,482",18
Nov 2017,290,Guadalupe Schoenfeld inc,"322,917",15
Nov 2017,290,Timothy Oneill inc,"290,137",12
Nov 2017,290,Shane Nelson inc,"288,503",13
Nov 2017,291,Cesar Hall inc,"23,985,127","1,185"
Nov 2017,291,Efrain Webb inc,"2,215,968",107
Nov 2017,291,Lisa Bryant 3 inc,"2,171,637",101
Nov 2017,291,Elizabeth Gibbs inc,"1,954,085",96
Nov 2017,291,Mary Castillo 2 inc,"1,696,053",88
Nov 2017,292,Rebecca Kim 2 inc,"1,402,316",72
Nov 2017,292,Gilbert Lowell inc,"963,661",55
Nov 2017,292,Scott Uson inc,"773,716",41
Nov 2017,292,Lorraine Kingston inc,"561,808",26
Nov 2017,292,Brandon Manns inc,"527,360",24
Nov 2017,293,Lawrence Williams 4 inc,"202,675",10
Nov 2017,293,Jessica Blackwood inc,"191,928",11
Nov 2017,293,Peter Yasutomi inc,"124,400",6
Nov 2017,293,Aileen Coons inc,"123,587",7
Nov 2017,293,Donna Brown 7 inc,"123,018",5
Nov 2017,294,Keith Thomas 2 inc,"424,032",19
Nov 2017,294,Stephanie Cheatham inc,"395,309",18
Nov 2017,294,Mae Little inc,"318,311",17
Nov 2017,294,Mathew Vogus inc,"228,531",11
Nov 2017,294,Tina Leflore inc,"220,874",11
Nov 2017,295,Darren Brewer inc,"608,062",28
Nov 2017,295,Edwin Dowdy inc,"410,616",20
Nov 2017,295,Warren Cameron inc,"355,504",19
Nov 2017,295,Sandra Harding inc,"348,793",18
Nov 2017,295,William Harrington 3 inc,"324,026",17
Nov 2017,296,Randall Howard inc,"781,979",41
Nov 2017,296,Dale Crowder inc,"571,022",28
Nov 2017,296,Edward Evanoff inc,"500,565",25
Nov 2017,296,Larry Mcmanus inc,"457,484",22
Nov 2017,296,Julie Thomas 2 inc,"435,562",22
Nov 2017,297,David Parsons 3 inc,"917,309",41
Nov 2017,297,Crystal Marquez inc,"881,539",46
Nov 2017,297,Amelia Ray inc,"733,964",37
Nov 2017,297,Nicole Borrero inc,"732,977",43
Nov 2017,297,Melissa Eldridge inc,"663,726",29
Nov 2017,298,Marisa Corbin inc,"309,717",16
Nov 2017,298,Donna Canfield inc,"287,590",14
Nov 2017,298,Ella Rose 2 inc,"269,095",11
Nov 2017,298,Guadalupe Blank inc,"235,780",12
Nov 2017,298,Chad Tobar inc,"229,202",10
Nov 2017,299,Gary Hayes inc,"487,009",24
Nov 2017,299,Jeff Padron inc,"445,489",20
Nov 2017,299,Mildred Tilman inc,"403,172",18
Nov 2017,299,Harry Mccauley inc,"380,144",18
Nov 2017,299,Joe Quinn inc,"362,355",18
Nov 2017,300,Rene Roberts 2 inc,"963,423",50
Nov 2017,300,Ruben Frantz inc,"735,194",36
Nov 2017,300,Stephen Lay inc,"623,288",31
Nov 2017,300,Robert Barnard 2 inc,"508,766",27
Nov 2017,300,Joseph Mcdonald 2 inc,"505,282",25
Nov 2017,301,Joyce Perry inc,"548,231",24
Nov 2017,301,Roy Cosby inc,"493,741",22
Nov 2017,301,Gabrielle Caudel inc,"489,726",28
Nov 2017,301,Virginia Chapman inc,"384,120",21
Nov 2017,301,Jennifer Adams 3 inc,"346,888",16
Nov 2017,302,Albert Smith 10 inc,"2,232,829",103
Nov 2017,302,Colin Canelo inc,"1,595,109",77
Nov 2017,302,Thomas Crouchet inc,"854,688",40
Nov 2017,302,Linnie Millar inc,"832,193",43
Nov 2017,302,Mary Wells 6 inc,"715,716",34
Nov 2017,303,Marvin Peterman inc,"855,716",39
Nov 2017,303,Bessie Fulmer inc,"741,614",33
Nov 2017,303,Peter Nelson 4 inc,"542,188",24
Nov 2017,303,Linda Beckett inc,"411,475",21
Nov 2017,303,Christine Hill 3 inc,"406,917",20
Nov 2017,304,Cordelia Rice inc,"1,018,939",54
Nov 2017,304,Heather Brackett inc,"831,864",42
Nov 2017,304,Douglas Mackin inc,"639,005",30
Nov 2017,304,Jill Costa inc,"583,945",28
Nov 2017,304,Paul Clemmer inc,"580,379",25
Nov 2017,306,Timothy Sepulveda inc,"282,453",14
Nov 2017,306,Maurice Robertson inc,"122,990",7
Nov 2017,306,Shannon Depuy inc,"111,286",6
Nov 2017,306,Ethyl Harter inc,"109,615",5
Nov 2017,306,Scott Aponte inc,"88,032",4
Nov 2017,307,John Kluender inc,"639,020",32
Nov 2017,307,Gordon Platt inc,"409,234",18
Nov 2017,307,Larry Hicks 4 inc,"210,783",9
Nov 2017,307,Allie Lynch inc,"208,360",9
Nov 2017,307,Victor Sandquist inc,"174,773",8
Nov 2017,308,Fannie Baltimore inc,"1,160,578",58
Nov 2017,308,Roy Lavine inc,"798,514",42
Nov 2017,308,Frances Fritz inc,"708,070",35
Nov 2017,308,Reed Williams inc,"663,759",37
Nov 2017,308,Anthony Lewis 5 inc,"590,430",27
Nov 2017,309,Carolyn Tooley inc,"414,937",22
Nov 2017,309,Marian Mann inc,"326,249",17
Nov 2017,309,Vernon Zeigler inc,"321,074",14
Nov 2017,309,Patricia Jackson 7 inc,"303,057",14
Nov 2017,309,Ernest Turner 2 inc,"219,785",12
Nov 2017,310,Patricia Smith 24 inc,"727,758",35
Nov 2017,310,Barbara Thomas 9 inc,"420,259",20
Nov 2017,310,Darrick Pendleton inc,"264,892",14
Nov 2017,310,Briana Powell inc,"247,880",15
Nov 2017,310,Benjamin Cook inc,"239,798",11
Nov 2017,311,Janet Baker 2 inc,"515,958",26
Nov 2017,311,Nancy Maxam inc,"381,686",18
Nov 2017,311,Annie Bishop inc,"312,506",15
Nov 2017,311,Michael Dunlop inc,"288,267",13
Nov 2017,311,Benjamin Hunt inc,"271,823",13
Nov 2017,312,Joann Net inc,"410,294",21
Nov 2017,312,Tony Butler inc,"407,142",19
Nov 2017,312,David Taylor 12 inc,"390,103",21
Nov 2017,312,Rebecca Solis inc,"348,001",15
Nov 2017,312,Oscar Carter inc,"324,658",13
Nov 2017,313,Danny Lupien inc,"596,883",31
Nov 2017,313,Catherine Hogan inc,"364,843",17
Nov 2017,313,Judy Richards inc,"299,407",14
Nov 2017,313,Cecile Abbott inc,"269,202",13
Nov 2017,313,Stanley Adair inc,"224,752",10
Nov 2017,314,Jeffery Aguilar 2 inc,"1,365,931",73
Nov 2017,314,Julio Piner inc,"1,304,911",64
Nov 2017,314,David Wallace inc,"1,252,655",55
Nov 2017,314,Carl Black inc,"1,183,778",55
Nov 2017,314,Erna Dahlgren inc,"1,180,384",65
Nov 2017,315,Lester Marcum inc,"260,800",12
Nov 2017,315,Harriet Miller inc,"241,475",11
Nov 2017,315,Evelyn Leis inc,"134,108",5
Nov 2017,315,James Maltie inc,"122,465",5
Nov 2017,315,William Howlin inc,"112,276",4
Nov 2017,316,Elisabeth Bibbs inc,"42,102",2
Nov 2017,316,Lourdes Wilson 2 inc,"20,525",1
Nov 2017,318,Ryan Malina inc,"552,669",28
Nov 2017,318,Tracey Ziegler inc,"544,272",26
Nov 2017,318,Jean Vandusen inc,"429,251",25
Nov 2017,318,Jimmy Ascencio inc,"380,500",20
Nov 2017,318,Ralph Weckhorst inc,"375,601",19
Nov 2017,319,John Carrousal inc,"72,901",3
Nov 2017,319,Anthony Taylor 3 inc,"53,951",2
Nov 2017,319,Jessica Wilson inc,"44,137",3
Nov 2017,319,Barbara Brantly inc,"32,347",1
Nov 2017,319,Carol Martin 4 inc,"29,767",2
Nov 2017,320,Tom Benavidez inc,"3,523,325",181
Nov 2017,320,Edwin Riley inc,"1,118,404",56
Nov 2017,320,Arthur Dove inc,"851,969",43
Nov 2017,320,Janice Whiteman inc,"817,934",39
Nov 2017,320,Rebecca Harrold inc,"672,870",35
Nov 2017,321,Timothy Mays inc,"200,939",10
Nov 2017,321,Joseph Funk inc,"162,186",7
Nov 2017,321,John Longoria inc,"152,061",6
Nov 2017,321,Graham Palacios inc,"147,292",8
Nov 2017,321,Cynthia Ciriaco inc,"136,361",7
Nov 2017,322,Quinton Elizarraras inc,"3,119,020",155
Nov 2017,322,Andrea Hartman inc,"2,066,208",100
Nov 2017,322,Allen Poulton inc,"1,784,165",89
Nov 2017,322,Kristin Garrett inc,"1,416,648",73
Nov 2017,322,Christopher Chinzi inc,"1,391,739",64
Nov 2017,323,Ruben Lopez inc,"1,493,799",76
Nov 2017,323,Michael Wheeler 8 inc,"1,078,906",55
Nov 2017,323,Rocky Blanchard inc,"494,276",22
Nov 2017,323,Jose Handy inc,"454,455",22
Nov 2017,323,Daniel Gifford inc,"353,859",18
Nov 2017,325,Dennis Terrance inc,"1,447,434",68
Nov 2017,325,Miriam Cisneros inc,"668,258",32
Nov 2017,325,Francine Legions inc,"562,495",26
Nov 2017,325,Christopher Pinneo inc,"544,491",26
Nov 2017,325,Craig Rehm inc,"487,880",27
Nov 2017,326,Nancy Hill 5 inc,"311,759",13
Nov 2017,326,Richard Markle inc,"234,384",11
Nov 2017,326,Cecil Confer inc,"176,041",8
Nov 2017,326,David Mann 4 inc,"175,307",8
Nov 2017,326,Ronald Halligan inc,"136,203",6
Nov 2017,327,Arthur Cobb 3 inc,"233,251",12
Nov 2017,327,Omar Norrick inc,"164,341",8
Nov 2017,327,Ramon Lord inc,"131,424",6
Nov 2017,327,Dorothy Loftus inc,"130,817",6
Nov 2017,327,David Mineo inc,"124,949",6
Nov 2017,328,William Darling inc,"1,174,297",56
Nov 2017,328,Matthew Seldon inc,"438,072",23
Nov 2017,328,Wendy Donnelly inc,"429,046",20
Nov 2017,328,Samira Cervantes inc,"367,995",19
Nov 2017,328,Luella Jones inc,"296,216",16
Nov 2017,329,Kristen Woods inc,"921,302",45
Nov 2017,329,Stephanie Bagaoisan inc,"742,402",39
Nov 2017,329,Robert Olson 4 inc,"555,733",30
Nov 2017,329,Shirley Ball inc,"434,145",21
Nov 2017,329,Linda Gipson inc,"426,837",20
Nov 2017,330,Karen Pate inc,"797,397",41
Nov 2017,330,Hugh Gale inc,"621,378",30
Nov 2017,330,Sandra Buckner inc,"505,093",23
Nov 2017,330,Ricardo Kane inc,"368,779",21
Nov 2017,330,,"363,482",16
Nov 2017,331,Antoine Alexander inc,"12,047,956",588
Nov 2017,331,Valerie Martin 2 inc,"11,627,919",585
Nov 2017,331,Jean Jolley inc,"9,172,446",453
Nov 2017,331,Ryan Stephens 2 inc,"7,593,237",393
Nov 2017,331,Joann Lilly inc,"4,950,331",242
Nov 2017,333,Joseph Proctor inc,"7,340,115",358
Nov 2017,333,Teresa Begley inc,"6,298,224",304
Nov 2017,333,Vincent Peterson 2 inc,"4,049,021",195
Nov 2017,333,Andrew Hernandez 2 inc,"3,183,964",159
Nov 2017,333,Clarence Griffin inc,"2,792,064",130
Nov 2017,334,Mary Siegel inc,"2,308,018",113
Nov 2017,334,Brianna Derrick inc,"1,322,221",73
Nov 2017,334,Jeffrey Bock inc,"1,202,058",60
Nov 2017,334,Noella Vansickle inc,"951,692",48
Nov 2017,334,Megan Brackeen inc,"929,965",49
Nov 2017,335,Catherine Tanner inc,"339,478",21
Nov 2017,335,Sandra Belvins inc,"263,719",15
Nov 2017,335,William Howland inc,"258,747",14
Nov 2017,335,Dion Cantu inc,"202,411",10
Nov 2017,335,Jennifer Fleming 3 inc,"166,876",9
Nov 2017,336,Frank Mcneil inc,"396,493",20
Nov 2017,336,Katherine Kirschner inc,"340,906",20
Nov 2017,336,Helen Stubbendeck inc,"228,509",13
Nov 2017,336,Elena Kearney inc,"186,435",10
Nov 2017,336,Jack Turner inc,"174,602",8
Nov 2017,337,Karen Lee 2 inc,"713,123",41
Nov 2017,337,Anthony Everett inc,"289,842",16
Nov 2017,337,Timothy Robins inc,"269,988",15
Nov 2017,337,Patricia Walsh inc,"245,509",13
Nov 2017,337,Mary Ruggiero inc,"231,850",14
Nov 2017,338,Lucas Carmona inc,"486,994",27
Nov 2017,338,Lon Larson inc,"464,935",23
Nov 2017,338,Daniel Schoenberger inc,"231,476",11
Nov 2017,338,Margaret Anderson 5 inc,"230,383",12
Nov 2017,338,Shelley Hyer inc,"216,495",10
Nov 2017,339,Marie Reynolds 4 inc,"1,156,730",52
Nov 2017,339,Gertrudis Stamps inc,"1,077,762",49
Nov 2017,339,Larry Culbert inc,"902,549",45
Nov 2017,339,Mireya Smith inc,"864,914",45
Nov 2017,339,Christopher Greer inc,"813,809",40
Nov 2017,340,Terry Turpin 2 inc,"4,020,246",201
Nov 2017,340,Janet Johnson 3 inc,"2,032,665",103
Nov 2017,340,Nancy Jamison 2 inc,"1,937,768",99
Nov 2017,340,Katherine Rovero inc,"1,683,409",82
Nov 2017,340,Thelma Williams 3 inc,"1,598,240",77
Nov 2017,341,Bonita Lemons inc,"829,256",41
Nov 2017,341,David Kellam inc,"421,420",19
Nov 2017,341,James Calendine inc,"346,324",20
Nov 2017,341,Joan Cuevas inc,"320,239",17
Nov 2017,341,Frank Robertson 3 inc,"289,573",13
Nov 2017,342,William Roney inc,"1,565,379",74
Nov 2017,342,Gordon Burdock inc,"394,704",17
Nov 2017,342,John Goris inc,"327,315",14
Nov 2017,342,Rhonda Rojas inc,"249,950",14
Nov 2017,342,Vida Smith inc,"236,560",11
Nov 2017,343,James Kinkelaar inc,"491,148",20
Nov 2017,343,Michael Broadwater inc,"465,553",26
Nov 2017,343,Daphne Bickley inc,"368,622",20
Nov 2017,343,Joshua Reyna inc,"324,672",16
Nov 2017,343,Christopher Kroll inc,"248,269",17
Nov 2017,344,Morris Grooms inc,"1,895,239",98
Nov 2017,344,Jerry Facer inc,"1,450,098",73
Nov 2017,344,David Vives inc,"958,332",49
Nov 2017,344,Erica Paul inc,"896,079",41
Nov 2017,344,Ella Rose 2 inc,"735,600",37
Nov 2017,345,Susan Campbell inc,"384,917",16
Nov 2017,345,John Hyett inc,"311,722",13
Nov 2017,345,Julius Garrett inc,"289,886",13
Nov 2017,345,Patrick Nunn inc,"246,519",13
Nov 2017,345,Thomas Waszkiewicz inc,"239,347",10
Nov 2017,347,Edna Ledesma inc,"1,439,757",70
Nov 2017,347,Shirley Lawrence 2 inc,"1,215,866",62
Nov 2017,347,Erma Milligan inc,"1,176,446",62
Nov 2017,347,Christopher Jackson 5 inc,"1,049,175",55
Nov 2017,347,Carolyn Hardin inc,"937,888",44
Oct 2017,1,Kathie Sughrue inc,"233,926,425","11,619"
Oct 2017,1,Cesar Hall inc,"167,645,741","8,294"
Oct 2017,1,Mary Gray 7 inc,"79,912,703","3,996"
Oct 2017,1,David Gunstream inc,"40,564,285","2,022"
Oct 2017,1,Steven Russell inc,"40,217,112","2,022"
Oct 2017,2,Cristal Forney inc,"378,215",19
Oct 2017,2,James Luhman inc,"337,107",17
Oct 2017,2,Shana Platt inc,"323,288",14
Oct 2017,2,Charles Budde inc,"255,954",13
Oct 2017,2,Mark Cipolla inc,"248,174",14
Oct 2017,3,Rhonda Cunningham inc,"1,234,942",57
Oct 2017,3,Robert Harrison 7 inc,"620,735",33
Oct 2017,3,Dennis Mcmillan inc,"595,878",36
Oct 2017,3,Donnie Sefcovic inc,"479,169",24
Oct 2017,3,Mark Bedor inc,"428,971",19
Oct 2017,4,Louise Cole 2 inc,"3,729,783",183
Oct 2017,4,Carolyn Smith 8 inc,"2,317,399",112
Oct 2017,4,Juan Niemi inc,"2,154,429",105
Oct 2017,4,Mary Perry 8 inc,"2,098,835",109
Oct 2017,4,Nathaniel Stewart inc,"1,964,325",104
Oct 2017,6,Terrell Dueno inc,"625,940",31
Oct 2017,6,Jack Mcsweeney inc,"460,364",27
Oct 2017,6,Eva Mcnear inc,"416,212",20
Oct 2017,6,Andrea Cash inc,"359,025",18
Oct 2017,6,Elizabeth Mueller inc,"335,197",15
Oct 2017,7,Sheila Bissonnette inc,"746,514",34
Oct 2017,7,Joe Powell inc,"451,143",24
Oct 2017,7,Don Lenz inc,"421,025",21
Oct 2017,7,Rose Hart 2 inc,"295,936",13
Oct 2017,7,Carol Canida inc,"270,827",12
Oct 2017,8,Mike Sparks inc,"1,544,640",76
Oct 2017,8,Carlotta Schell inc,"1,303,112",67
Oct 2017,8,Sandra Crocker inc,"1,295,448",60
Oct 2017,8,Larry Stegall 2 inc,"1,157,163",60
Oct 2017,8,Charlene Richter inc,"1,058,274",51
Oct 2017,9,Rachael Oehler inc,"745,634",37
Oct 2017,9,Scott Brown 6 inc,"599,013",33
Oct 2017,9,Heather Mezzatesta inc,"487,643",24
Oct 2017,9,Barbara Bishop inc,"433,719",22
Oct 2017,9,Christopher Gerstner inc,"373,952",21
Oct 2017,10,Socorro Stevens inc,"813,342",43
Oct 2017,10,Roger Murach inc,"719,440",35
Oct 2017,10,Iris Key inc,"673,596",35
Oct 2017,10,Alexandra Easton inc,"666,117",34
Oct 2017,10,Daisy Brown 3 inc,"461,826",23
Oct 2017,11,Paula Crumb inc,"2,272,805",116
Oct 2017,11,Linda Hogan 2 inc,"1,441,213",67
Oct 2017,11,Matthew Verhoeven inc,"1,279,642",57
Oct 2017,11,Kenneth Ramos inc,"1,074,312",53
Oct 2017,11,Grant Mayers inc,"907,165",49
Oct 2017,12,Joe Cleghorn inc,"2,466,714",127
Oct 2017,12,Delbert Sherlock inc,"1,650,832",78
Oct 2017,12,Emily Jiggetts inc,"1,428,055",69
Oct 2017,12,Robyn Douglas inc,"1,403,668",69
Oct 2017,12,Catherine Martin 7 inc,"1,347,072",64
Oct 2017,13,Carol Green inc,"648,993",33
Oct 2017,13,Gary Koehler inc,"619,351",27
Oct 2017,13,Ida Cox 2 inc,"553,833",26
Oct 2017,13,Curtis Gregg inc,"416,756",20
Oct 2017,13,Mark Bunn inc,"400,290",20
Oct 2017,14,Cynthia Wood 2 inc,"1,429,632",70
Oct 2017,14,John Bielinski inc,"1,104,088",53
Oct 2017,14,Alex Richardson inc,"932,560",43
Oct 2017,14,Stanley Summerville inc,"761,399",39
Oct 2017,14,James Mayoka inc,"647,720",34
Oct 2017,16,Veronica Wroblewski inc,"317,167",17
Oct 2017,16,Cheryl Croom inc,"287,655",13
Oct 2017,16,Willie Walker 4 inc,"279,744",13
Oct 2017,16,Timothy Staats inc,"209,780",10
Oct 2017,16,David Palmquist inc,"169,290",8
Oct 2017,17,Sharonda Jordan inc,"18,324,369",899
Oct 2017,17,Beatrice Pears inc,"16,710,193",815
Oct 2017,17,Nick Curtis inc,"12,614,843",628
Oct 2017,17,Samuel Scott 3 inc,"7,888,804",400
Oct 2017,17,Virgil Lemon inc,"7,645,775",370
Oct 2017,18,Ruth Fuentes inc,"1,154,976",58
Oct 2017,18,Richard Mahoney inc,"211,779",12
Oct 2017,18,Terry Leonard inc,"205,566",10
Oct 2017,18,Elvira Freer inc,"191,009",9
Oct 2017,18,Aisha Hein inc,"184,504",11
Oct 2017,19,Ella Rose 2 inc,"19,170,148",957
Oct 2017,19,Lori Joseph inc,"19,139,387",954
Oct 2017,19,Chad Tobar inc,"17,589,022",884
Oct 2017,19,Tony Moore 3 inc,"10,459,570",511
Oct 2017,19,Zachary Mayle inc,"10,261,447",508
Oct 2017,20,Justin Ganser inc,"5,249,971",247
Oct 2017,20,Natasha Bucher inc,"3,784,272",191
Oct 2017,20,Luisa Goldstein inc,"1,399,228",73
Oct 2017,20,Sarah Harris 5 inc,"1,317,847",66
Oct 2017,20,Richard West 5 inc,"1,209,442",58
Oct 2017,21,Toni Keith 2 inc,"1,617,067",85
Oct 2017,21,Katherine Brown 4 inc,"1,481,897",70
Oct 2017,21,Thelma Cashen inc,"1,435,045",72
Oct 2017,21,Selena Davis inc,"1,413,456",67
Oct 2017,21,Eldridge Williams 2 inc,"1,329,983",65
Oct 2017,22,Phyllis Allen 2 inc,"498,373",25
Oct 2017,22,Allen Patrick inc,"378,757",18
Oct 2017,22,Daniel Browning inc,"361,593",18
Oct 2017,22,Paul Harris 6 inc,"326,373",15
Oct 2017,22,Beverly Mesa inc,"272,891",12
Oct 2017,23,Ellen Tait inc,"666,792",33
Oct 2017,23,Stacey Sharon inc,"590,143",30
Oct 2017,23,Joseph Bailey 2 inc,"492,759",24
Oct 2017,23,Bruce Smith 7 inc,"386,010",16
Oct 2017,23,George Graham 3 inc,"367,719",19
Oct 2017,24,Mariah Pugh inc,"1,315,706",64
Oct 2017,24,Donald Sullivan 5 inc,"1,059,730",53
Oct 2017,24,Dorthea Brewington inc,"1,044,368",46
Oct 2017,24,Cynthia Vargas 2 inc,"984,753",48
Oct 2017,24,Marvin Quinnie inc,"772,620",37
Oct 2017,25,Kathryn Carson inc,"5,867,852",287
Oct 2017,25,Kay Connolly inc,"5,378,562",261
Oct 2017,25,Rebecca Sales inc,"4,168,281",209
Oct 2017,25,Jeffrey Belcher 2 inc,"2,745,352",138
Oct 2017,25,John Taggart inc,"2,581,258",129
Oct 2017,26,Kristy Fonseca inc,"473,695",28
Oct 2017,26,Daniel Liefer inc,"256,234",12
Oct 2017,26,Ronald Bermeo inc,"177,063",9
Oct 2017,26,Samuel Miller 3 inc,"174,335",10
Oct 2017,26,Ivan Spruill inc,"144,094",6
Oct 2017,28,Jo Miland inc,"438,253",20
Oct 2017,28,Henry Anderson 4 inc,"410,720",21
Oct 2017,28,Lauren Ansel inc,"360,806",18
Oct 2017,28,Charles Simonson inc,"352,710",18
Oct 2017,28,Elizabeth Coleman inc,"333,623",15
Oct 2017,29,Kirsten Huse inc,"1,465,024",71
Oct 2017,29,Raymond Plaza inc,"376,675",17
Oct 2017,29,Anna Seitz inc,"314,425",14
Oct 2017,29,Eric Nettles inc,"289,619",15
Oct 2017,29,Lillian Thompson 2 inc,"285,733",13
Oct 2017,30,Clarence Streater inc,"1,907,863",98
Oct 2017,30,Donald Ireland inc,"1,632,737",81
Oct 2017,30,Doris King 3 inc,"1,631,565",81
Oct 2017,30,Dennis Johnson 6 inc,"1,294,544",64
Oct 2017,30,Mary Lancaster 3 inc,"951,588",42
Oct 2017,32,Kenneth Burnette inc,"209,813",10
Oct 2017,32,Harriet Reeder inc,"198,543",12
Oct 2017,32,Thomas Stone 2 inc,"180,133",11
Oct 2017,32,Karen Smith 17 inc,"175,442",8
Oct 2017,32,Mary Long 5 inc,"159,243",8
Oct 2017,33,Ronald Johnson 17 inc,"1,029,997",50
Oct 2017,33,Danny Thompson inc,"1,018,408",49
Oct 2017,33,Pearl Newport inc,"913,544",43
Oct 2017,33,Kathy Manders inc,"706,868",33
Oct 2017,33,Richard Smith 43 inc,"618,441",27
Oct 2017,34,Nina Conn inc,"1,052,697",54
Oct 2017,34,Alysia Ceovantes inc,"931,988",46
Oct 2017,34,Mitchell Kalhorn inc,"733,221",35
Oct 2017,34,Kris Endicott inc,"658,732",34
Oct 2017,34,Sherry Hornsby inc,"545,523",25
Oct 2017,35,Lewis Wiley inc,"250,226",11
Oct 2017,35,Thomas Costello 2 inc,"235,962",12
Oct 2017,35,Bobby Ames inc,"196,985",11
Oct 2017,35,Pamela Spiro inc,"181,120",10
Oct 2017,35,William Glaude inc,"153,791",9
Oct 2017,36,Henrietta Cook inc,"1,092,377",53
Oct 2017,36,Esther Diaz inc,"835,801",49
Oct 2017,36,Ronald Jones 10 inc,"542,998",30
Oct 2017,36,Hien Herrera inc,"441,263",23
Oct 2017,36,Arleen Otero inc,"399,261",21
Oct 2017,38,Patricia Odonnell inc,"442,998",21
Oct 2017,38,Richard Seanez inc,"419,726",18
Oct 2017,38,Ila Boudreaux inc,"318,337",16
Oct 2017,38,James Hernandez 13 inc,"256,891",13
Oct 2017,38,John Osgood inc,"239,231",11
Oct 2017,39,Patricia Marble inc,"449,689",20
Oct 2017,39,Jonathan Dalley inc,"322,578",15
Oct 2017,39,Marie Stewart 3 inc,"241,131",11
Oct 2017,39,John Wolfram inc,"209,468",13
Oct 2017,39,Julia Young 2 inc,"208,383",10
Oct 2017,40,Karla Fernandez inc,"665,228",34
Oct 2017,40,Kay Tito inc,"370,264",16
Oct 2017,40,Jacob Walter inc,"176,198",10
Oct 2017,40,Kenneth Fountain inc,"152,225",8
Oct 2017,40,Darin Parker inc,"140,683",8
Oct 2017,41,Joyce Mendez inc,"1,252,368",66
Oct 2017,41,Richard Bower inc,"696,279",37
Oct 2017,41,Angela Peterson 3 inc,"666,008",33
Oct 2017,41,Stella Walker inc,"622,556",29
Oct 2017,41,Annie Brownell inc,"558,102",29
Oct 2017,42,Gail Salvato inc,"769,377",34
Oct 2017,42,Louis Kahn inc,"768,596",40
Oct 2017,42,Carlene Phelps inc,"692,450",32
Oct 2017,42,Glenn Richmond inc,"634,219",34
Oct 2017,42,Vincenzo Devenport inc,"563,082",27
Oct 2017,44,Bart Carney inc,"369,010",20
Oct 2017,44,Spencer Greenstreet inc,"343,395",14
Oct 2017,44,Jon Moore inc,"254,720",13
Oct 2017,44,John Coutermarsh inc,"224,555",9
Oct 2017,44,Jasmine Perez inc,"207,519",9
Oct 2017,46,Asuncion Sandmeier inc,"844,680",43
Oct 2017,46,Kimberly Coleman 3 inc,"301,589",12
Oct 2017,46,Rachel Carter 2 inc,"294,039",16
Oct 2017,46,Ryan Brooks 2 inc,"279,635",12
Oct 2017,46,Josie Parrish inc,"270,088",14
Oct 2017,47,Rory Gomez inc,"249,265",11
Oct 2017,47,Kevin Taylor 5 inc,"239,562",10
Oct 2017,47,Carlos Cook inc,"235,407",10
Oct 2017,47,Christina Marshall 2 inc,"227,120",12
Oct 2017,47,Angela Wade 2 inc,"200,147",10
Oct 2017,48,Zelda Bozell inc,"1,105,601",55
Oct 2017,48,Bryan Vasquez inc,"911,758",47
Oct 2017,48,George Brown 11 inc,"816,033",48
Oct 2017,48,Sheila Mcintyre inc,"769,487",34
Oct 2017,48,Stanley Cuevas inc,"765,982",38
Oct 2017,49,Bernice Battles inc,"574,707",29
Oct 2017,49,Carole Lotton inc,"401,722",19
Oct 2017,49,Joan Holmes 2 inc,"348,115",17
Oct 2017,49,Dale Nielsen inc,"235,797",10
Oct 2017,49,Teresa Bayless inc,"202,717",11
Oct 2017,51,Mary Mraz inc,"2,555,195",132
Oct 2017,51,Joanne Yannone inc,"1,947,665",96
Oct 2017,51,Micheal Styles inc,"1,672,007",82
Oct 2017,51,Irene Deschamps inc,"1,326,097",63
Oct 2017,51,Raul Gribble inc,"1,139,539",55
Oct 2017,52,Arthur Noel inc,"925,782",49
Oct 2017,52,Jean Biser inc,"792,913",37
Oct 2017,52,Ann Walser inc,"654,266",31
Oct 2017,52,Kurt Sapp inc,"594,208",30
Oct 2017,52,Frederick Meade inc,"537,425",26
Oct 2017,53,Keith Conley 3 inc,"5,072,019",255
Oct 2017,53,Cornelius Mattson inc,"4,695,229",239
Oct 2017,53,Cynthia Phelps inc,"2,995,037",147
Oct 2017,53,Robert Murdock inc,"2,467,412",121
Oct 2017,53,Caroline Schumacher inc,"1,884,024",88
Oct 2017,54,Eloise Sorbo inc,"313,606",16
Oct 2017,54,Ricardo Simpson inc,"173,986",7
Oct 2017,54,Barbara Brantly inc,"163,919",8
Oct 2017,54,Dwayne Brayman inc,"144,405",7
Oct 2017,54,Melissa Iannotti inc,"129,418",6
Oct 2017,56,Gerald Miller 3 inc,"869,236",44
Oct 2017,56,Mary Varos inc,"829,589",41
Oct 2017,56,Courtney Mansfield inc,"659,612",37
Oct 2017,56,Scott Cornelius inc,"540,556",27
Oct 2017,56,Christopher Jackson 5 inc,"486,733",25
Oct 2017,57,Jennifer Furr inc,"7,557,765",365
Oct 2017,57,Eddie Plunkett inc,"5,547,195",275
Oct 2017,57,Kenneth Huson inc,"5,160,007",247
Oct 2017,57,Rhonda Wheeler inc,"2,840,400",142
Oct 2017,57,John Sumstad inc,"2,813,778",141
Oct 2017,58,Trevor Najera inc,"1,471,666",70
Oct 2017,58,Karen Brendal inc,"704,980",30
Oct 2017,58,Danelle Eichberger inc,"539,030",29
Oct 2017,58,Jeannette Russell inc,"386,968",19
Oct 2017,58,Michael Devito inc,"321,568",16
Oct 2017,60,Lucas Ohara inc,"2,840,443",145
Oct 2017,60,Diane Perez 2 inc,"1,900,391",101
Oct 2017,60,Rafael Goss inc,"1,189,944",56
Oct 2017,60,Catherine Hurley inc,"1,135,403",59
Oct 2017,60,Mary James 10 inc,"889,354",45
Oct 2017,61,Benjamin Elliott 3 inc,"562,665",28
Oct 2017,61,Alvin Garrison inc,"174,002",8
Oct 2017,61,Audrey Thrash inc,"157,271",11
Oct 2017,61,Ashley Hertenstein inc,"119,843",5
Oct 2017,61,Carol Ritter 2 inc,"110,563",6
Oct 2017,62,Rita Mcreynolds inc,"771,022",39
Oct 2017,62,John Banks 5 inc,"399,130",19
Oct 2017,62,Richard Jones 18 inc,"364,896",19
Oct 2017,62,Michael Jones 39 inc,"357,893",19
Oct 2017,62,David Seidman inc,"321,781",15
Oct 2017,63,Nestor Wright inc,"775,477",39
Oct 2017,63,Johnathan Oldham inc,"763,462",36
Oct 2017,63,Jon Creasey inc,"594,378",25
Oct 2017,63,Gladys Gibbons inc,"327,617",17
Oct 2017,63,Robert Boyette inc,"310,492",15
Oct 2017,64,Raymond Wahlberg inc,"579,227",28
Oct 2017,64,Carrol Rodriguez inc,"465,258",25
Oct 2017,64,Edgar Johnson 3 inc,"455,487",25
Oct 2017,64,Robert Smith 57 inc,"445,996",21
Oct 2017,64,Essie Chapman inc,"406,667",20
Oct 2017,65,Richard Boehm inc,"395,790",19
Oct 2017,65,Emma Aikens inc,"287,822",13
Oct 2017,65,Janice Meriwether inc,"242,062",12
Oct 2017,65,Jennifer Boyes inc,"150,422",10
Oct 2017,65,Samuel Beck inc,"148,251",7
Oct 2017,66,Manuel Furlong inc,"1,106,189",56
Oct 2017,66,Joel Vermeesch inc,"539,458",24
Oct 2017,66,Alfred Taylor inc,"528,139",28
Oct 2017,66,Derrick Phillips 2 inc,"456,206",22
Oct 2017,66,Peter Tse inc,"417,545",20
Oct 2017,68,Nola Bulow inc,"1,161,420",61
Oct 2017,68,Jarvis Carrington inc,"458,015",23
Oct 2017,68,Mary Franklin 4 inc,"301,417",14
Oct 2017,68,Tammy Brown 5 inc,"268,564",12
Oct 2017,68,Michael Bracamonte inc,"244,257",11
Oct 2017,69,John Miller 7 inc,"529,078,354","26,444"
Oct 2017,69,Todd Turner 3 inc,"109,962,665","5,505"
Oct 2017,69,Henry Barnhill inc,"73,337,332","3,625"
Oct 2017,69,June Gray inc,"48,951,622","2,415"
Oct 2017,69,Weston Hendon inc,"48,370,340","2,392"
Oct 2017,70,Ileen Niss inc,"737,339",38
Oct 2017,70,Margie Dillard inc,"517,473",25
Oct 2017,70,Gay Park inc,"366,039",16
Oct 2017,70,Damien Hawkins inc,"278,368",16
Oct 2017,70,Amy Derrickson inc,"258,951",13
Oct 2017,71,Horace Magnuson inc,"148,386",8
Oct 2017,71,Cindy Perry 2 inc,"140,597",8
Oct 2017,71,Edward Neider inc,"92,475",5
Oct 2017,71,Lorene Johnston inc,"89,354",5
Oct 2017,71,Zandra Nunez inc,"82,058",3
Oct 2017,73,Kathleen Lavole inc,"531,730",29
Oct 2017,73,Charlene Brown inc,"305,777",15
Oct 2017,73,Sylvia Carter inc,"278,215",13
Oct 2017,73,Grace Randall inc,"268,283",12
Oct 2017,73,Marilyn Conatser inc,"263,406",11
Oct 2017,74,Barbara Forney inc,"382,321",20
Oct 2017,74,Donna Talley 2 inc,"269,733",13
Oct 2017,74,Alan Prechtl inc,"233,925",10
Oct 2017,74,Joseph Wang inc,"229,623",10
Oct 2017,74,Scott Blevins inc,"209,456",10
Oct 2017,75,William Gomez 5 inc,"823,084",38
Oct 2017,75,Angel Raper inc,"363,293",18
Oct 2017,75,Everett Hertzler inc,"303,593",14
Oct 2017,75,Vicki Lanza inc,"301,073",13
Oct 2017,75,Fernando Hart inc,"300,696",14
Oct 2017,76,Bridget Kisner inc,"8,955,869",455
Oct 2017,76,Karen Ohare inc,"2,859,957",142
Oct 2017,76,Robert Capo inc,"2,496,619",118
Oct 2017,76,Valerie Fitch inc,"2,334,692",116
Oct 2017,76,Carolyn Reeves 2 inc,"2,264,436",109
Oct 2017,77,Luis Rembert inc,"326,891",16
Oct 2017,77,David Alto inc,"323,185",18
Oct 2017,77,Jorge Taber inc,"249,270",10
Oct 2017,77,Lewis Abram inc,"190,859",9
Oct 2017,77,Tuan Ledbetter inc,"175,060",10
Oct 2017,78,Kenneth Mullen inc,"1,192,460",61
Oct 2017,78,Humberto Ruiz inc,"957,180",45
Oct 2017,78,James Nesbit 2 inc,"741,947",42
Oct 2017,78,Richard Hunsaker inc,"709,589",34
Oct 2017,78,Edward Levy inc,"698,008",36
Oct 2017,79,Stephen Krummel inc,"1,188,532",58
Oct 2017,79,Ronald Miller 5 inc,"1,129,295",59
Oct 2017,79,Sabrina Arnold 2 inc,"695,676",32
Oct 2017,79,Richard Berry 2 inc,"559,156",25
Oct 2017,79,Gregory Edwards inc,"406,662",18
Oct 2017,80,Eugene Pell inc,"384,655",18
Oct 2017,80,Theodore Martine inc,"268,389",14
Oct 2017,80,Clara Leung 2 inc,"237,730",10
Oct 2017,80,Cyndi Mudget inc,"195,394",9
Oct 2017,80,Carlos Payne 2 inc,"156,927",8
Oct 2017,81,Maria Heller inc,"326,366",17
Oct 2017,81,William Silsby inc,"218,060",10
Oct 2017,81,Debbie Wilkerson inc,"176,733",9
Oct 2017,81,Marcy Gahagan inc,"169,697",7
Oct 2017,81,Anna Perez 2 inc,"143,629",6
Oct 2017,82,Marie Husband inc,"932,679",47
Oct 2017,82,Thomas Regan inc,"376,092",20
Oct 2017,82,Allen Emmons inc,"360,915",19
Oct 2017,82,Joan Buckley inc,"360,311",19
Oct 2017,82,Joyce Wilson 5 inc,"353,420",18
Oct 2017,83,Barry Schuh inc,"509,224",24
Oct 2017,83,Chad Robinson 4 inc,"447,926",26
Oct 2017,83,Kenneth Hudson inc,"325,486",13
Oct 2017,83,Virgil Cooper inc,"322,531",16
Oct 2017,83,Carlos Rodriguez inc,"288,295",13
Oct 2017,84,Daniel Helmick inc,"345,520",16
Oct 2017,84,Luis Gettinger inc,"230,602",10
Oct 2017,84,Michael Wingham inc,"222,903",9
Oct 2017,84,Nichole Wilson inc,"222,070",10
Oct 2017,84,Virginia Ross 2 inc,"170,438",8
Oct 2017,85,Bobby Mills inc,"367,619",17
Oct 2017,85,David Smartt inc,"263,244",12
Oct 2017,85,Mark Strickland 2 inc,"239,627",11
Oct 2017,85,Bernard Nisbett inc,"213,068",14
Oct 2017,85,Michael Smithson inc,"204,899",9
Oct 2017,86,Jared Kirk inc,"378,163",17
Oct 2017,86,David Butler 4 inc,"280,079",14
Oct 2017,86,Carol Thomas 2 inc,"226,917",10
Oct 2017,86,Christine Blackwell inc,"201,401",10
Oct 2017,86,Larry Scaffidi inc,"157,662",6
Oct 2017,87,Frank Garcia 2 inc,"6,530,685",332
Oct 2017,87,Doug Moran inc,"6,438,441",323
Oct 2017,87,Joe Montgomery inc,"6,358,493",305
Oct 2017,87,Tessie Jaramillo inc,"5,935,515",284
Oct 2017,87,Vincent Firestine inc,"4,567,304",222
Oct 2017,88,Heather Ramberg inc,"12,844,230",628
Oct 2017,88,Deidre Bright inc,"11,319,626",569
Oct 2017,88,Ronald Hussein inc,"11,146,067",565
Oct 2017,88,Samantha Jackson inc,"9,045,061",457
Oct 2017,88,Scott Hildebrand inc,"7,290,015",365
Oct 2017,89,George Hicks 2 inc,"309,480",16
Oct 2017,89,Sheila Clayton inc,"178,342",10
Oct 2017,89,Carl Fonseca inc,"160,453",7
Oct 2017,89,Andrew Zuidema inc,"89,784",4
Oct 2017,89,Gretchen Deane inc,"77,828",4
Oct 2017,90,Brian Moffatt inc,"814,526",40
Oct 2017,90,Brett Dejohn inc,"684,160",30
Oct 2017,90,Kevin Watkins 2 inc,"653,240",34
Oct 2017,90,Renita Hopper inc,"545,732",25
Oct 2017,90,Araceli Crotts inc,"478,247",25
Oct 2017,91,Robert Rainville inc,"644,525",31
Oct 2017,91,Juana Bouchard inc,"512,916",25
Oct 2017,91,Hyman Sison inc,"320,421",14
Oct 2017,91,John Flowers 3 inc,"311,459",14
Oct 2017,91,Vicente Landeros inc,"303,788",14
Oct 2017,92,Laura Coleman inc,"65,675",3
Oct 2017,92,Carrie Ledford inc,"29,766",1
Oct 2017,92,Annie Watson 3 inc,"28,451",1
Oct 2017,92,Gail Smith 3 inc,"26,026",2
Oct 2017,92,John Herndon 2 inc,"25,235",1
Oct 2017,94,Dora Dermody inc,"934,385",46
Oct 2017,94,Zachary Solis inc,"543,827",28
Oct 2017,94,Brian Jones 8 inc,"417,087",20
Oct 2017,94,Christopher Williams 14 inc,"326,164",14
Oct 2017,94,Larry Diamond 2 inc,"295,924",14
Oct 2017,96,Wendy Meyer inc,"1,068,372",55
Oct 2017,96,Quinton Nelson inc,"931,376",46
Oct 2017,96,Lane Cross inc,"898,332",49
Oct 2017,96,Karen Holsten inc,"873,453",46
Oct 2017,96,Terisa Smith inc,"810,354",41
Oct 2017,97,Richard Caskey inc,"1,298,635",66
Oct 2017,97,Beverly Lee inc,"1,178,265",57
Oct 2017,97,Armando Duke inc,"498,876",22
Oct 2017,97,David Lightfoot 2 inc,"414,053",22
Oct 2017,97,Joseph Burns 3 inc,"371,855",22
Oct 2017,98,Dwight Alexander inc,"745,401",37
Oct 2017,98,Mavis Willis inc,"560,112",33
Oct 2017,98,Tara Miller inc,"535,381",27
Oct 2017,98,Marc Standard inc,"454,980",22
Oct 2017,98,Bobby Rogers inc,"375,428",18
Oct 2017,100,Candace Morton inc,"468,441",24
Oct 2017,100,Earl Brown 2 inc,"403,369",21
Oct 2017,100,Edward Moore 8 inc,"368,377",18
Oct 2017,100,Martin Sharum inc,"282,315",14
Oct 2017,100,Steven Epps inc,"278,794",16
Oct 2017,101,Carol Tate inc,"541,757",25
Oct 2017,101,Celia Hollifield inc,"433,797",18
Oct 2017,101,David Diga inc,"414,261",19
Oct 2017,101,Derek Davis 2 inc,"369,532",20
Oct 2017,101,Lance Sanos inc,"368,061",17
Oct 2017,102,Barry Hart inc,"1,185,067",57
Oct 2017,102,Cleta Ro inc,"907,745",44
Oct 2017,102,Troy Centeno inc,"811,902",37
Oct 2017,102,Mary Derby inc,"683,256",33
Oct 2017,102,Robert Gallimore inc,"359,286",18
Oct 2017,103,Austin Talty inc,"288,667",14
Oct 2017,103,Anna Campbell inc,"227,508",13
Oct 2017,103,Brandon Cerverizzo inc,"223,061",9
Oct 2017,103,William Murray 5 inc,"181,343",8
Oct 2017,103,Jason Pescatore inc,"156,514",7
Oct 2017,104,Joseph Jacobs inc,"473,256",22
Oct 2017,104,Lillian Riffel inc,"464,145",25
Oct 2017,104,Laura Johnson 8 inc,"284,184",15
Oct 2017,104,Jeffery Wills inc,"210,166",11
Oct 2017,104,Donald Wells 3 inc,"179,853",10
Oct 2017,105,Eusebio Steese inc,"969,129",47
Oct 2017,105,Steve Haward inc,"433,531",21
Oct 2017,105,Shawna Ward inc,"413,956",19
Oct 2017,105,Manuel Oglesby inc,"269,778",13
Oct 2017,105,Jerome Schultz inc,"268,630",12
Oct 2017,106,Debbie Mitchell inc,"446,650",19
Oct 2017,106,Antonia Greenberg inc,"380,727",19
Oct 2017,106,Thomas Crowe 2 inc,"352,168",19
Oct 2017,106,Tamara Vasquez inc,"341,628",20
Oct 2017,106,Bryan Porterfield inc,"321,082",15
Oct 2017,107,Julius Kutz inc,"4,847,644",237
Oct 2017,107,Tim Crosby inc,"3,445,138",173
Oct 2017,107,Michael Truelove inc,"2,277,519",114
Oct 2017,107,Mary Duke 3 inc,"2,157,332",105
Oct 2017,107,Denise Gomez inc,"1,177,943",59
Oct 2017,108,Suzanne Hammond inc,"402,875",19
Oct 2017,108,Virginia Weymouth inc,"335,628",16
Oct 2017,108,Cortez Coyle inc,"164,628",8
Oct 2017,108,Patricia Moore 6 inc,"162,227",7
Oct 2017,108,Donald Ellis inc,"149,330",6
Oct 2017,109,Jose Ortega inc,"1,253,570",69
Oct 2017,109,Lucille Knights inc,"785,627",36
Oct 2017,109,Maria Jobson inc,"467,586",23
Oct 2017,109,Rosemary Lee 4 inc,"397,025",18
Oct 2017,109,Shari Miller inc,"389,619",19
Oct 2017,110,Donna Gonzalez 4 inc,"4,908,076",249
Oct 2017,110,Mae Brown inc,"1,333,473",65
Oct 2017,110,Connie Thompson 2 inc,"1,206,727",65
Oct 2017,110,Marvin Miller 2 inc,"1,179,512",61
Oct 2017,110,David Jimenez 2 inc,"1,032,944",50
Oct 2017,111,John Poremski inc,"477,740",23
Oct 2017,111,David Kilpatrick inc,"406,463",21
Oct 2017,111,Marlon Braund inc,"361,614",17
Oct 2017,111,Patricia Dover inc,"333,504",18
Oct 2017,111,Robert Baker 9 inc,"319,050",15
Oct 2017,112,Linda Black inc,"204,427",10
Oct 2017,112,Douglas Richner inc,"200,000",12
Oct 2017,112,Charity Fuchs inc,"170,424",8
Oct 2017,112,Michael Brotherton inc,"153,342",7
Oct 2017,112,Marcus Davis inc,"128,974",7
Oct 2017,113,Edward Howell inc,"266,165",12
Oct 2017,113,Mary Montgomery 4 inc,"178,168",8
Oct 2017,113,Robert Miller 32 inc,"139,087",6
Oct 2017,113,Brian Smith 8 inc,"131,983",6
Oct 2017,113,Arlene Lehmberg inc,"114,869",6
Oct 2017,114,Estella Bewick inc,"533,827",27
Oct 2017,114,Kellie Aguilar inc,"455,941",23
Oct 2017,114,Mildred Davidson inc,"348,416",16
Oct 2017,114,Leonard Crawford inc,"211,774",13
Oct 2017,114,Joann Vidinha inc,"195,872",11
Oct 2017,115,Virginia Grissom inc,"538,958",22
Oct 2017,115,John Campbell 11 inc,"429,630",23
Oct 2017,115,Robert Kirkpatrick 2 inc,"294,241",17
Oct 2017,115,Gus Augustine inc,"288,163",14
Oct 2017,115,Johnny Ahmed inc,"263,809",14
Oct 2017,116,Mildred Leitheiser inc,"1,731,517",84
Oct 2017,116,Anthony Wangler inc,"1,585,978",85
Oct 2017,116,Matthew Barnett 3 inc,"1,472,531",77
Oct 2017,116,Shannon Puckett inc,"1,439,297",70
Oct 2017,116,Novella Yates inc,"1,262,507",64
Oct 2017,117,Theresa Martin 3 inc,"3,223,018",162
Oct 2017,117,Michael Farruggio inc,"3,109,488",149
Oct 2017,117,Dion Cantu inc,"3,068,223",157
Oct 2017,117,Catherine Tanner inc,"1,921,747",101
Oct 2017,117,Debra Alexander 2 inc,"1,324,951",63
Oct 2017,118,Cristy Key inc,"147,334",8
Oct 2017,118,Brenda Marshall 4 inc,"125,903",5
Oct 2017,118,John Mcgovern inc,"120,453",6
Oct 2017,118,Charles Mercer inc,"119,583",6
Oct 2017,118,Richard Burrows inc,"113,064",5
Oct 2017,119,Betty Sanford inc,"877,876",42
Oct 2017,119,Michael Shade 2 inc,"508,185",23
Oct 2017,119,Paul Reigle inc,"347,773",16
Oct 2017,119,Ken Swanson inc,"326,405",16
Oct 2017,119,Jason Pappas inc,"302,512",15
Oct 2017,120,Sandra Summers inc,"810,096",43
Oct 2017,120,Denise Fowler 2 inc,"417,112",19
Oct 2017,120,Patricia Nebergall inc,"373,543",18
Oct 2017,120,Timothy Blackman inc,"287,473",20
Oct 2017,120,Mark Hines inc,"212,099",12
Oct 2017,122,Karen Holsten inc,"252,916",13
Oct 2017,122,Derek Zimmerman inc,"133,326",7
Oct 2017,122,Elaine Ternullo inc,"116,026",4
Oct 2017,122,Erma Vaden inc,"112,297",5
Oct 2017,122,Summer Parker inc,"76,531",4
Oct 2017,123,Alan Shannon inc,"1,118,806",54
Oct 2017,123,Rita Barber inc,"757,382",38
Oct 2017,123,Cecila Ragusa inc,"421,289",23
Oct 2017,123,Gladys Wilson 2 inc,"364,867",19
Oct 2017,123,Linda Stoeffler inc,"324,432",15
Oct 2017,124,Betty Mcdonald 2 inc,"702,994",35
Oct 2017,124,Micheal Thompson inc,"494,240",22
Oct 2017,124,Queen Sawyer inc,"364,863",16
Oct 2017,124,Maurice Graziano inc,"349,753",18
Oct 2017,124,Weston Cyree inc,"311,237",17
Oct 2017,125,Alex Purtell inc,"961,418",48
Oct 2017,125,Brent Higgins inc,"771,349",38
Oct 2017,125,Alton Ayala inc,"467,701",23
Oct 2017,125,Martin Porter inc,"429,814",23
Oct 2017,125,Ernest Dean inc,"420,597",21
Oct 2017,126,Ellen Battle inc,"570,424",30
Oct 2017,126,Raymond Lansdell inc,"566,023",30
Oct 2017,126,Alice Freitag inc,"544,200",29
Oct 2017,126,Kristi Radford inc,"538,374",30
Oct 2017,126,Dorothy Tolman inc,"514,133",23
Oct 2017,128,William Benningfield inc,"902,406",44
Oct 2017,128,Terri Jackson 2 inc,"473,797",27
Oct 2017,128,Eva Moffat inc,"414,387",19
Oct 2017,128,Robert Yodis inc,"389,281",17
Oct 2017,128,Lisa Macki inc,"356,719",18
Oct 2017,129,Barbara Sasaki inc,"873,626",42
Oct 2017,129,Robert Dockery inc,"733,167",37
Oct 2017,129,Donald Scuderi inc,"486,847",22
Oct 2017,129,Jackson Tweedy inc,"407,174",20
Oct 2017,129,John Rodriguez 13 inc,"377,130",18
Oct 2017,130,Virginia Mustafa inc,"278,286",14
Oct 2017,130,Laura Salazar 2 inc,"190,303",10
Oct 2017,130,Juanita Carpenter 3 inc,"118,712",4
Oct 2017,130,Robert Miller 31 inc,"115,784",6
Oct 2017,130,Michele Walters inc,"95,278",5
Oct 2017,131,Christian Penn inc,"1,589,349",82
Oct 2017,131,Bill Brainard inc,"915,967",45
Oct 2017,131,Barry Sutherland inc,"821,860",46
Oct 2017,131,James Orrick inc,"797,024",42
Oct 2017,131,Christen Harlow inc,"766,584",35
Oct 2017,133,Dean Noggle inc,"531,011",26
Oct 2017,133,Tyler Sharpe inc,"270,117",15
Oct 2017,133,Stephanie Obrien inc,"194,333",9
Oct 2017,133,James Franco inc,"149,236",7
Oct 2017,133,Jason Ortega 3 inc,"142,760",7
Oct 2017,135,Michael King 9 inc,"679,055",32
Oct 2017,135,Erik Tovar inc,"585,729",26
Oct 2017,135,Hugh Ford inc,"393,633",17
Oct 2017,135,Phillip Carlson inc,"379,508",17
Oct 2017,135,Juana Pinero inc,"341,156",17
Oct 2017,136,Justin Pellicone inc,"910,566",46
Oct 2017,136,Boyd Delosh inc,"906,496",45
Oct 2017,136,Michelle Delrio inc,"794,255",42
Oct 2017,136,Reid Johnson inc,"585,934",28
Oct 2017,136,Mark Parrish inc,"524,322",23
Oct 2017,137,Charles Cota inc,"10,412,868",510
Oct 2017,137,Liana Ramos inc,"9,469,495",471
Oct 2017,137,George Caporiccio inc,"9,441,748",474
Oct 2017,137,Rebecca Ross inc,"6,473,272",320
Oct 2017,137,Claudia Frazier inc,"4,644,480",242
Oct 2017,138,Barbara Brantly inc,"2,835,793",139
Oct 2017,138,Ricardo Simpson inc,"1,610,614",75
Oct 2017,138,Jessica Wilson inc,"1,526,502",73
Oct 2017,138,Charlotte Lovell 2 inc,"961,441",52
Oct 2017,138,Elizabeth Pennington inc,"947,712",48
Oct 2017,139,Irene Rutledge inc,"1,063,474",51
Oct 2017,139,Margie Alford inc,"354,822",19
Oct 2017,139,Pamela Brown 6 inc,"342,860",18
Oct 2017,139,Jean Rogers 2 inc,"323,680",15
Oct 2017,139,Thomas Mahoney inc,"318,430",15
Oct 2017,140,Janet Mendiola inc,"4,540,671",220
Oct 2017,140,Robert Molina 2 inc,"2,298,964",111
Oct 2017,140,Eugene Lovelace inc,"1,966,718",98
Oct 2017,140,Lorraine Bittner inc,"1,620,649",82
Oct 2017,140,Ella Rose 2 inc,"1,586,737",82
Oct 2017,142,Manuel Lanehart inc,"481,333",23
Oct 2017,142,Adrian Farley inc,"321,664",15
Oct 2017,142,Steve Swartz inc,"225,594",10
Oct 2017,142,Ronald Wilson 4 inc,"178,196",7
Oct 2017,142,Janet Banks inc,"139,729",10
Oct 2017,143,Helen Kern inc,"19,960,895","1,008"
Oct 2017,143,Scott Hepburn inc,"11,480,055",569
Oct 2017,143,Alan Eisenhower inc,"9,209,516",466
Oct 2017,143,Rose Garner inc,"8,521,807",414
Oct 2017,143,Rashida Hernandez inc,"6,372,067",320
Oct 2017,144,Andres Knight inc,"563,655",29
Oct 2017,144,Kristofer Oquinn inc,"492,308",23
Oct 2017,144,Patricia Saucedo inc,"479,985",22
Oct 2017,144,Melvin Haro inc,"475,489",26
Oct 2017,144,Robert Mccain inc,"242,129",13
Oct 2017,145,Martin Long inc,"615,650",28
Oct 2017,145,Helen Brown 6 inc,"545,788",30
Oct 2017,145,Courtney Eckert inc,"404,074",17
Oct 2017,145,Matt Harris inc,"315,338",15
Oct 2017,145,Andrew Powers 3 inc,"313,906",15
Oct 2017,146,Mary Kirby 2 inc,"606,282",29
Oct 2017,146,Sandra Kalkman inc,"376,474",19
Oct 2017,146,Karen Bolger inc,"329,387",13
Oct 2017,146,John Powell 7 inc,"291,536",13
Oct 2017,146,Jeffery Lemon inc,"271,549",14
Oct 2017,147,Trevor Dean inc,"976,353",48
Oct 2017,147,Rachel Kennedy 2 inc,"930,305",47
Oct 2017,147,Emma Laird inc,"885,650",46
Oct 2017,147,Thomas Chipps inc,"882,991",46
Oct 2017,147,Patricia Dodson inc,"721,734",33
Oct 2017,148,Tricia Dozier inc,"964,296",54
Oct 2017,148,Christopher Mcdonald inc,"808,868",37
Oct 2017,148,Mary Davis 30 inc,"408,682",20
Oct 2017,148,Nicolas Flaming inc,"396,125",17
Oct 2017,148,John Maisenbacher inc,"242,919",9
Oct 2017,149,Alexandria Sarmiento inc,"6,758,349",344
Oct 2017,149,Kenneth Larson inc,"5,265,474",264
Oct 2017,149,Jerold Caldwell inc,"4,686,263",227
Oct 2017,149,Kelly Perez 2 inc,"2,739,618",138
Oct 2017,149,Deann Powell inc,"2,619,317",132
Oct 2017,150,Effie Mayfield inc,"815,586",42
Oct 2017,150,Michael Coster inc,"317,495",15
Oct 2017,150,Theresa Woods inc,"309,724",14
Oct 2017,150,William Trotter inc,"290,573",14
Oct 2017,150,Corey Perron inc,"278,848",13
Oct 2017,151,Cleo Shapiro inc,"341,580",15
Oct 2017,151,Elfriede Jones inc,"282,094",12
Oct 2017,151,Shakita Jones inc,"232,352",12
Oct 2017,151,Lorie Brace inc,"160,277",8
Oct 2017,151,Orville Mcclellan inc,"149,335",6
Oct 2017,153,Jimmy Scully inc,"395,469",20
Oct 2017,153,John Cade 2 inc,"346,150",15
Oct 2017,153,Hannah Cobb inc,"238,936",11
Oct 2017,153,Martha Goldstein inc,"235,943",13
Oct 2017,153,Terry Franz inc,"227,282",12
Oct 2017,155,Susie Wynn inc,"759,280",41
Oct 2017,155,Tracie Pennington inc,"653,761",31
Oct 2017,155,Manuel Edwards inc,"582,579",29
Oct 2017,155,Lena Napolitano inc,"579,862",28
Oct 2017,155,Rene Strickland inc,"538,347",25
Oct 2017,156,Christopher Butts 2 inc,"805,856",41
Oct 2017,156,Gary Finley inc,"674,197",28
Oct 2017,156,Pamela Griffin inc,"513,707",31
Oct 2017,156,Bart Massey inc,"479,882",23
Oct 2017,156,Dorothy Miesch inc,"387,958",19
Oct 2017,157,Helen Burnsworth inc,"2,289,165",114
Oct 2017,157,Robert Jenkins 7 inc,"627,950",30
Oct 2017,157,Pearl Stone inc,"473,058",26
Oct 2017,157,Edith Richarson inc,"470,880",23
Oct 2017,157,Jason Robinson 5 inc,"362,096",17
Oct 2017,158,Darryl Revak inc,"16,788,491",847
Oct 2017,158,Dee Gallager inc,"16,641,892",845
Oct 2017,158,Robert Cruz 2 inc,"10,455,814",518
Oct 2017,158,Bridget Patterson inc,"8,518,597",428
Oct 2017,158,Domingo Harper inc,"7,526,767",384
Oct 2017,159,Roy Coats inc,"2,204,374",121
Oct 2017,159,Lorenzo Hawkins inc,"1,022,998",51
Oct 2017,159,Sean Groover inc,"958,357",45
Oct 2017,159,Monique Armstrong inc,"738,781",36
Oct 2017,159,Myrtle Prue inc,"682,774",36
Oct 2017,160,Richard Mccabe inc,"13,546,530",668
Oct 2017,160,Eliz Prater inc,"8,606,137",436
Oct 2017,160,Patricia Sharp 2 inc,"4,215,626",210
Oct 2017,160,Laurena Parks inc,"4,128,473",210
Oct 2017,160,Donna Croshaw inc,"3,190,748",166
Oct 2017,161,Delbert Plater inc,"3,637,230",181
Oct 2017,161,Joyce Fletcher inc,"2,769,154",143
Oct 2017,161,Claire Mcclendon inc,"2,024,137",107
Oct 2017,161,Vita Bettes inc,"1,442,901",74
Oct 2017,161,Lisa Wilmore inc,"1,333,709",68
Oct 2017,162,Sanford Myers inc,"778,026",35
Oct 2017,162,Christopher Servais inc,"754,686",36
Oct 2017,162,Pedro Roberts 2 inc,"552,795",24
Oct 2017,162,Emelia Foulk inc,"531,922",26
Oct 2017,162,Maureen Werre inc,"480,875",26
Oct 2017,163,Kathy Briggs inc,"929,415",43
Oct 2017,163,Dale Lotzer inc,"814,811",39
Oct 2017,163,Helen Mccutchan inc,"809,572",41
Oct 2017,163,Luigi Hammond inc,"672,976",35
Oct 2017,163,Linda Rogers 6 inc,"584,290",31
Oct 2017,165,Jessie Carey inc,"529,180",25
Oct 2017,165,David Blackwell inc,"464,409",20
Oct 2017,165,Michael Mabry inc,"356,835",16
Oct 2017,165,Katherine Mattox inc,"341,472",14
Oct 2017,165,Pat Harper inc,"280,719",12
Oct 2017,166,Rodney Hatton inc,"551,074",27
Oct 2017,166,Opal Siegel inc,"506,361",26
Oct 2017,166,Linda Ready inc,"460,825",22
Oct 2017,166,Michelle Marrero 2 inc,"429,234",18
Oct 2017,166,Gina Sichler inc,"368,181",18
Oct 2017,167,Betty Brown 9 inc,"987,407",52
Oct 2017,167,Allan Clark inc,"225,201",12
Oct 2017,167,Marion Greer inc,"200,668",9
Oct 2017,167,Judith Korn inc,"195,879",11
Oct 2017,167,Katharine Gutierrez inc,"175,359",8
Oct 2017,168,Kim Hartly inc,"943,206",47
Oct 2017,168,Mary Gallegos 2 inc,"924,338",47
Oct 2017,168,Richard James 5 inc,"847,215",41
Oct 2017,168,Kristin Mcmurray inc,"797,399",42
Oct 2017,168,Donald Holzer inc,"622,263",31
Oct 2017,169,Helen Mckean inc,"2,173,568",108
Oct 2017,169,Tom Judge inc,"1,982,609",99
Oct 2017,169,Son Abraham inc,"1,932,242",92
Oct 2017,169,Louis Mccall inc,"1,647,915",86
Oct 2017,169,Roy Lindsay inc,"1,374,232",67
Oct 2017,170,Thelma Metayer inc,"1,022,288",48
Oct 2017,170,Mamie James inc,"490,696",25
Oct 2017,170,Rebecca Smart inc,"338,753",16
Oct 2017,170,Reyes Milford inc,"291,102",16
Oct 2017,170,Thomas Phillips 5 inc,"223,963",10
Oct 2017,171,Sandra Wells inc,"2,344,362",112
Oct 2017,171,Sarah Palmieri inc,"1,279,072",63
Oct 2017,171,David Holmes 4 inc,"1,089,304",59
Oct 2017,171,Bryan Harris 4 inc,"1,059,755",50
Oct 2017,171,Sabra Underdown inc,"715,762",31
Oct 2017,172,Jennie Gibbs inc,"887,969",42
Oct 2017,172,Tommy Mcfarland inc,"612,570",28
Oct 2017,172,Emily Hill 2 inc,"505,298",21
Oct 2017,172,Thomas Howard 3 inc,"474,311",22
Oct 2017,172,Michelle Adams 2 inc,"333,874",14
Oct 2017,173,Robert Doyle 3 inc,"1,153,625",59
Oct 2017,173,Robert Warne inc,"937,055",41
Oct 2017,173,Betty Mcelvaine inc,"904,189",42
Oct 2017,173,Yolanda Panzarella inc,"857,985",43
Oct 2017,173,Jorge Russell inc,"685,336",36
Oct 2017,174,Cody Leonard inc,"1,745,133",81
Oct 2017,174,Nancy Mckeown inc,"795,898",38
Oct 2017,174,Eddie Nobles inc,"682,977",32
Oct 2017,174,Andrea Claybrook inc,"629,891",34
Oct 2017,174,Debra Rose 2 inc,"510,384",26
Oct 2017,175,Judy Fujimoto inc,"711,966",32
Oct 2017,175,Karen Wallace 2 inc,"547,570",28
Oct 2017,175,Pauline Burdette inc,"538,492",26
Oct 2017,175,Rebecca Kelly 2 inc,"369,160",16
Oct 2017,175,Eugene Santelli inc,"351,718",19
Oct 2017,178,Maria Allen 4 inc,"412,594",19
Oct 2017,178,Tiffany Hardin inc,"169,940",7
Oct 2017,178,Sandra Kimball inc,"99,995",4
Oct 2017,178,Fred Guinn inc,"98,305",5
Oct 2017,178,Lamont Miyashiro inc,"85,048",4
Oct 2017,179,Michael Swirsky inc,"6,763,657",333
Oct 2017,179,Curtis Banks inc,"2,428,429",114
Oct 2017,179,Alan Poe inc,"1,552,004",76
Oct 2017,179,Gladys Castillo inc,"1,500,972",75
Oct 2017,179,Elizabeth Kenison inc,"1,278,092",65
Oct 2017,180,Anna Harrison inc,"954,150",49
Oct 2017,180,Alexandra Green inc,"535,483",28
Oct 2017,180,Denise Sievers inc,"442,163",18
Oct 2017,180,Ila Mcgrath inc,"289,084",15
Oct 2017,180,Arthur Coker inc,"239,525",10
Oct 2017,181,Juan Walsh 2 inc,"1,702,569",87
Oct 2017,181,Edith Roll inc,"908,803",45
Oct 2017,181,Kathleen Gau inc,"497,936",22
Oct 2017,181,Grant Son inc,"456,648",22
Oct 2017,181,Gregg Verde inc,"393,177",22
Oct 2017,182,Julia Cope inc,"1,478,320",83
Oct 2017,182,Misty Slaugh inc,"613,680",28
Oct 2017,182,Betty Pew inc,"553,452",30
Oct 2017,182,Harold Strand inc,"429,360",23
Oct 2017,182,Jason Lopez 2 inc,"425,203",20
Oct 2017,183,Shanon Battle inc,"584,375",28
Oct 2017,183,John Otoole inc,"450,270",23
Oct 2017,183,Angela Jackson 5 inc,"405,054",18
Oct 2017,183,William Munroe inc,"232,856",12
Oct 2017,183,Francis Casey inc,"231,136",12
Oct 2017,184,Harold Ames inc,"493,983",23
Oct 2017,184,Cheryl Pike inc,"429,524",20
Oct 2017,184,Lurline Clark inc,"392,925",19
Oct 2017,184,Denise Carlton inc,"380,163",15
Oct 2017,184,Ralph Nava inc,"337,292",17
Oct 2017,186,Larry Reid inc,"669,236",33
Oct 2017,186,Christine Paulino inc,"482,144",21
Oct 2017,186,Brett Richardson inc,"456,301",23
Oct 2017,186,David Zapata inc,"416,120",21
Oct 2017,186,Cora Brown inc,"304,252",13
Oct 2017,187,Joseph Miles inc,"367,771",18
Oct 2017,187,Esther Townsend inc,"270,571",12
Oct 2017,187,Roberto Alexander inc,"261,707",13
Oct 2017,187,Margaret Sykes inc,"246,459",13
Oct 2017,187,John Rose 8 inc,"243,362",12
Oct 2017,188,Ryan Widell inc,"1,024,119",49
Oct 2017,188,Barbara Waldorf inc,"758,287",40
Oct 2017,188,Linda Alexander inc,"749,444",40
Oct 2017,188,James Pittsley inc,"694,490",38
Oct 2017,188,Anne Grantham inc,"578,563",28
Oct 2017,189,Andrew Eastman inc,"1,982,579",98
Oct 2017,189,Gertrude Espinosa inc,"1,165,247",53
Oct 2017,189,Diane Allen 2 inc,"852,347",39
Oct 2017,189,Christina Chamberlain inc,"765,610",40
Oct 2017,189,Esther Rodriguez 2 inc,"636,508",30
Oct 2017,190,Denise Marquez 2 inc,"690,910",34
Oct 2017,190,Jay Hokanson inc,"539,179",28
Oct 2017,190,Danny Dent inc,"287,178",14
Oct 2017,190,Thomas Voyer inc,"263,116",13
Oct 2017,190,Billy Adderley inc,"255,780",10
Oct 2017,191,Frank Lundborg inc,"618,270",30
Oct 2017,191,Thomas Warner inc,"559,886",25
Oct 2017,191,Phillip Lewis 3 inc,"520,166",23
Oct 2017,191,Patrick Heiden inc,"413,478",18
Oct 2017,191,Laura James 2 inc,"404,723",19
Oct 2017,193,Renate Snyder inc,"779,024",40
Oct 2017,193,Dorothy Woods inc,"406,614",18
Oct 2017,193,Lisa Plummer inc,"387,440",19
Oct 2017,193,Boyd Taylor inc,"326,746",15
Oct 2017,193,Adan Ellis inc,"315,900",16
Oct 2017,194,Alison Magallanes inc,"907,771",45
Oct 2017,194,Walter Washington 2 inc,"529,977",25
Oct 2017,194,Sherman Nanney inc,"339,247",16
Oct 2017,194,Irma Bales inc,"317,268",15
Oct 2017,194,John Piper 2 inc,"257,357",11
Oct 2017,195,Casey Dawkins inc,"612,500",30
Oct 2017,195,Klara Ibanez inc,"603,903",29
Oct 2017,195,John Wright 18 inc,"315,893",16
Oct 2017,195,Michael Hawkins 8 inc,"294,203",15
Oct 2017,195,Scott Williamson inc,"247,568",13
Oct 2017,197,Claudia Rodriguez inc,"756,575",39
Oct 2017,197,Randi Duke inc,"362,401",17
Oct 2017,197,Gregory Bettis inc,"301,831",13
Oct 2017,197,Chad Tobar inc,"282,583",12
Oct 2017,197,Jessica Simmers inc,"263,178",13
Oct 2017,198,Nancy Foley inc,"346,188",18
Oct 2017,198,Stacia Benavides inc,"324,440",15
Oct 2017,198,Barbara Christian inc,"306,912",16
Oct 2017,198,Jose Emerson inc,"305,354",18
Oct 2017,198,Eugene Pons inc,"280,350",12
Oct 2017,199,Crystal Dwyer inc,"1,718,602",83
Oct 2017,199,Elbert Six inc,"1,341,016",67
Oct 2017,199,Roger Serrano inc,"1,231,721",64
Oct 2017,199,Carolyn Flanagan inc,"1,046,535",45
Oct 2017,199,Daryl Taylor inc,"1,039,680",53
Oct 2017,200,Sandra Davenport inc,"3,118,527",166
Oct 2017,200,Latanya Crofton inc,"2,239,528",114
Oct 2017,200,Juan Sojka inc,"2,030,194",100
Oct 2017,200,Teresa Ellis inc,"1,704,191",84
Oct 2017,200,Paul Cuchares inc,"1,675,590",83
Oct 2017,201,James Howell 7 inc,"616,885",29
Oct 2017,201,Patricia Hernandez 4 inc,"319,037",13
Oct 2017,201,Dawn Jackson 4 inc,"251,687",11
Oct 2017,201,Rosemary Clark inc,"232,761",11
Oct 2017,201,Ryan Black inc,"219,136",11
Oct 2017,203,Albert Cadwell inc,"1,226,415",60
Oct 2017,203,Jeffrey Berryman inc,"440,339",21
Oct 2017,203,Ken Grant inc,"224,200",12
Oct 2017,203,Ernest Ward inc,"220,127",11
Oct 2017,203,Kristal Bowman inc,"167,803",10
Oct 2017,204,Ruth Newark inc,"375,457",19
Oct 2017,204,Josephina Taylor inc,"130,199",7
Oct 2017,204,Debora Giles inc,"125,561",7
Oct 2017,204,Michelle Lilly inc,"105,489",5
Oct 2017,204,Nicole Williams inc,"95,869",5
Oct 2017,205,Tyrone Dwaileebe inc,"312,442",14
Oct 2017,205,Kevin Cordoua inc,"205,199",10
Oct 2017,205,Megan Smith 5 inc,"146,384",6
Oct 2017,205,Maria Zawacki inc,"102,930",5
Oct 2017,205,Ricky Salazar 2 inc,"101,893",4
Oct 2017,206,Ryan Gregg inc,"301,497",18
Oct 2017,206,Tracy Robles inc,"260,595",16
Oct 2017,206,Treva Padilla inc,"203,237",8
Oct 2017,206,Alberto Holmes inc,"188,465",10
Oct 2017,206,Mary Roberts 6 inc,"185,581",9
Oct 2017,207,Clarence Griffin inc,"248,746",13
Oct 2017,207,Vincent Peterson 2 inc,"193,712",11
Oct 2017,207,Cheryl Ross inc,"190,376",10
Oct 2017,207,Steven Eddy inc,"72,931",4
Oct 2017,207,Justin Debo inc,"64,607",3
Oct 2017,208,Michael Abramson inc,"749,134",40
Oct 2017,208,Dale Skalicky inc,"311,461",14
Oct 2017,208,Gail Costello inc,"195,809",10
Oct 2017,208,Michael Walker 10 inc,"183,368",9
Oct 2017,208,Deena Williams inc,"129,735",6
Oct 2017,209,Ma Rowlands inc,"1,159,160",58
Oct 2017,209,Michael Mincey inc,"726,590",36
Oct 2017,209,Meaghan Saylor inc,"704,697",40
Oct 2017,209,Wanda Lundberg inc,"448,767",23
Oct 2017,209,Mary Lynn inc,"448,434",21
Oct 2017,210,Angela Parsons inc,"1,317,328",65
Oct 2017,210,Diana Brown inc,"781,058",37
Oct 2017,210,Gary Goff inc,"749,494",38
Oct 2017,210,Michael Mocher inc,"735,422",38
Oct 2017,210,Jamie Remillard inc,"654,424",32
Oct 2017,211,Crystal Krumholz inc,"517,773",23
Oct 2017,211,Ryan Charles inc,"451,266",23
Oct 2017,211,William Darden inc,"390,096",20
Oct 2017,211,Cathryn Holsopple inc,"361,324",19
Oct 2017,211,Margaret Niceswander inc,"360,351",16
Oct 2017,212,Donald Pimental inc,"6,070,105",313
Oct 2017,212,Rebecca Johnson 9 inc,"5,195,289",261
Oct 2017,212,Susan Williams 18 inc,"3,524,316",166
Oct 2017,212,Anna Risher inc,"3,384,895",167
Oct 2017,212,Bernice Pratt inc,"3,113,449",165
Oct 2017,213,Elizabeth Thomas 10 inc,"3,095,612",151
Oct 2017,213,Katherine Stickel inc,"2,802,128",145
Oct 2017,213,Fredrick Vergara inc,"2,070,849",104
Oct 2017,213,Steven Turner 3 inc,"2,027,728",97
Oct 2017,213,Nichol Gentry inc,"1,849,636",98
Oct 2017,214,Daniel Steinbach inc,"708,382",33
Oct 2017,214,Scott Debroux inc,"395,435",16
Oct 2017,214,Paula Dunn inc,"387,736",21
Oct 2017,214,Aaron Baker 3 inc,"379,840",16
Oct 2017,214,Beatrice Thomas inc,"376,717",21
Oct 2017,215,Katherine Caldwell inc,"423,173",19
Oct 2017,215,Allison Kingston inc,"155,100",8
Oct 2017,215,Stephanie Wallace 2 inc,"93,659",6
Oct 2017,215,William Bonenfant inc,"74,963",3
Oct 2017,215,James Felten inc,"68,108",4
Oct 2017,216,Deanna Dudley inc,"526,996",27
Oct 2017,216,Roger Espinoza inc,"413,248",20
Oct 2017,216,Helen Acosta inc,"397,452",19
Oct 2017,216,James Nelson 9 inc,"388,394",20
Oct 2017,216,Andrea Kolb inc,"370,610",16
Oct 2017,218,Julianne Mchugh inc,"785,730",40
Oct 2017,218,Ronald Abbott 2 inc,"525,832",27
Oct 2017,218,Gary Ratcliff inc,"446,357",24
Oct 2017,218,Karisa Pope inc,"425,936",22
Oct 2017,218,Charles Oneil inc,"415,932",21
Oct 2017,219,Donald Smith 19 inc,"555,636",28
Oct 2017,219,Brian Page 2 inc,"449,855",20
Oct 2017,219,James Henderson 10 inc,"448,648",24
Oct 2017,219,Alfreda Mcnaughton inc,"432,291",22
Oct 2017,219,Rodney Lichtenberg inc,"429,664",25
Oct 2017,220,Rose Smith 7 inc,"480,536",23
Oct 2017,220,Megan Robinson 5 inc,"424,287",21
Oct 2017,220,Jaime Joyce inc,"369,236",18
Oct 2017,220,Grace Gorman inc,"333,421",16
Oct 2017,220,James Jones 47 inc,"333,160",18
Oct 2017,221,Rose Brewer 2 inc,"369,273",18
Oct 2017,221,Vanessa Yepsen inc,"187,235",9
Oct 2017,221,Donna Wallace inc,"132,906",7
Oct 2017,221,Hung Lewis inc,"126,781",5
Oct 2017,221,Maximina Carroll inc,"105,815",5
Oct 2017,222,Melvin Hurt inc,"493,553",23
Oct 2017,222,Jonathon Morrison inc,"328,326",16
Oct 2017,222,Dennis Clancy inc,"231,727",11
Oct 2017,222,Donald Mccarthy inc,"172,996",8
Oct 2017,222,Jeffery Brennan inc,"142,854",7
Oct 2017,223,Judy Turner inc,"549,655",29
Oct 2017,223,Connie Thompson inc,"472,804",22
Oct 2017,223,Rachel Allman inc,"452,340",24
Oct 2017,223,Gracie Mcmorran inc,"447,334",24
Oct 2017,223,Kevin Jeffers inc,"322,369",17
Oct 2017,224,John Sutton 8 inc,"467,661",24
Oct 2017,224,Deborah Harris 5 inc,"383,765",21
Oct 2017,224,Ronald Perkins 2 inc,"286,517",12
Oct 2017,224,Brandie Lane inc,"221,850",12
Oct 2017,224,Joan Lindo inc,"212,996",11
Oct 2017,226,John Rutherford 4 inc,"2,712,934",132
Oct 2017,226,Jaime Marks inc,"957,013",48
Oct 2017,226,Maggie Rosa inc,"948,001",49
Oct 2017,226,Joseph Dempsey inc,"912,274",44
Oct 2017,226,Princess White inc,"708,343",33
Oct 2017,227,Frank Mahler inc,"271,084",15
Oct 2017,227,Lucy Thompson 2 inc,"179,053",10
Oct 2017,227,James Holbrook inc,"125,025",6
Oct 2017,227,Patricia Lawson 3 inc,"101,439",5
Oct 2017,227,Emilio Bartel inc,"96,042",6
Oct 2017,228,Pablo Laboy inc,"264,212",17
Oct 2017,228,Gregory Harper 2 inc,"239,946",12
Oct 2017,228,Janelle Turnbow inc,"197,003",9
Oct 2017,228,Constance Hubbard inc,"196,702",9
Oct 2017,228,David Piles inc,"195,825",12
Oct 2017,229,Christina Moralez inc,"601,270",28
Oct 2017,229,Camille Lindsey inc,"307,978",15
Oct 2017,229,Muriel Alvarez inc,"286,030",14
Oct 2017,229,Jonathan Hahn inc,"266,585",12
Oct 2017,229,Jennifer Hutto inc,"243,806",11
Oct 2017,230,Lee Waters inc,"438,354",21
Oct 2017,230,Jerry Mandrell inc,"432,944",19
Oct 2017,230,Mary Melendez 3 inc,"353,886",18
Oct 2017,230,Terry Morris inc,"344,423",16
Oct 2017,230,James Dillard 5 inc,"272,233",16
Oct 2017,231,Edward Hebert 3 inc,"1,881,622",89
Oct 2017,231,Joshua Berryhill inc,"1,645,190",83
Oct 2017,231,Florence Mitchell 2 inc,"1,607,807",78
Oct 2017,231,Louis Mason inc,"1,317,566",63
Oct 2017,231,Gladys Perry inc,"1,055,232",56
Oct 2017,232,Adam Schey inc,"777,818",41
Oct 2017,232,Charles Urias inc,"688,599",35
Oct 2017,232,Truman Garcia inc,"668,629",34
Oct 2017,232,Richard Telfer inc,"663,113",34
Oct 2017,232,Russell Fernandez inc,"626,308",31
Oct 2017,233,Chad Tobar inc,"5,515,616",273
Oct 2017,233,John Mcneal 2 inc,"3,750,623",189
Oct 2017,233,Ella Rose 2 inc,"3,733,608",185
Oct 2017,233,Lori Joseph inc,"3,001,498",147
Oct 2017,233,Maria Meaker inc,"2,659,085",131
Oct 2017,234,Alice Dickerson inc,"630,019",32
Oct 2017,234,Jennifer Haynes inc,"621,997",32
Oct 2017,234,Johnnie Elliott inc,"535,979",29
Oct 2017,234,Anthony Tobey inc,"472,914",21
Oct 2017,234,Daniel Marshall 7 inc,"453,357",24
Oct 2017,235,David Morris 4 inc,"412,571",18
Oct 2017,235,Peter Adams 3 inc,"240,865",14
Oct 2017,235,Irene Frazier inc,"161,468",8
Oct 2017,235,Michael Brickner inc,"128,780",6
Oct 2017,235,Aurora Ortiz inc,"98,435",5
Oct 2017,236,Mary Milliren inc,"338,442",14
Oct 2017,236,Alice Joyal inc,"277,470",13
Oct 2017,236,Nick Redenius inc,"215,555",11
Oct 2017,236,Nora Saenz inc,"209,265",11
Oct 2017,236,Michael Barbieri inc,"205,937",10
Oct 2017,237,Julie Hughes inc,"353,095",16
Oct 2017,237,Bernice Batz inc,"246,911",10
Oct 2017,237,Craig Osborne inc,"213,977",10
Oct 2017,237,Gricelda Enstad inc,"155,516",7
Oct 2017,237,Shon Rice inc,"121,865",6
Oct 2017,238,Kenneth Kimbler inc,"1,397,341",66
Oct 2017,238,Eugene Roberts inc,"1,039,134",48
Oct 2017,238,Greg Myers inc,"964,021",45
Oct 2017,238,Robin Forbes inc,"718,405",34
Oct 2017,238,Duane Stafford inc,"588,363",32
Oct 2017,239,Bonnie Gresham inc,"461,302",21
Oct 2017,239,Leonard Parton inc,"423,454",23
Oct 2017,239,Ivelisse Cipriani inc,"369,113",21
Oct 2017,239,Dean Arteaga inc,"327,892",16
Oct 2017,239,Rosa Daugherty inc,"300,587",15
Oct 2017,240,Jessica Baxter inc,"627,676",34
Oct 2017,240,Victoria Brown 3 inc,"374,413",19
Oct 2017,240,Gloria Applin inc,"223,531",12
Oct 2017,240,Erick Porter inc,"186,918",10
Oct 2017,240,Dorothy Burton 2 inc,"171,213",8
Oct 2017,242,Mae Davis 3 inc,"1,419,217",73
Oct 2017,242,Ada Cough inc,"909,071",49
Oct 2017,242,John Bordner inc,"752,179",41
Oct 2017,242,Estella Vidal inc,"454,651",24
Oct 2017,242,Rubin Terrance inc,"377,754",17
Oct 2017,244,Vivian Cawthorne inc,"2,762,447",138
Oct 2017,244,Diane Robbins inc,"2,169,186",103
Oct 2017,244,James Funk 2 inc,"1,229,692",63
Oct 2017,244,Donald Bacon 2 inc,"1,119,046",51
Oct 2017,244,Pauline Hakes inc,"991,671",45
Oct 2017,245,Brenda Green 4 inc,"807,037",41
Oct 2017,245,James Brown 42 inc,"765,372",33
Oct 2017,245,Anton Wilder inc,"746,660",35
Oct 2017,245,Bobby Bryce inc,"624,512",31
Oct 2017,245,Debra Moncrief inc,"522,304",26
Oct 2017,246,Clarice Potts inc,"3,890,160",205
Oct 2017,246,Marc Juckett inc,"2,316,632",105
Oct 2017,246,James Holliday inc,"2,271,647",111
Oct 2017,246,Brian Larose inc,"1,558,778",77
Oct 2017,246,Naomi Wakefield inc,"1,446,100",72
Oct 2017,247,Alex Couzens inc,"2,016,112",101
Oct 2017,247,Charles Doyle inc,"936,063",44
Oct 2017,247,Mary Schultheis inc,"804,945",41
Oct 2017,247,Frederick Uson inc,"704,900",34
Oct 2017,247,Michael Miller 24 inc,"540,067",27
Oct 2017,248,Nicholas Mixer inc,"1,651,043",81
Oct 2017,248,Tara Hollis inc,"1,218,999",59
Oct 2017,248,Marie Compton inc,"1,171,758",55
Oct 2017,248,Katherine Gonce inc,"1,120,478",51
Oct 2017,248,Alison Miranda inc,"920,012",49
Oct 2017,250,Edward Campbell 2 inc,"587,666",33
Oct 2017,250,David Meler inc,"530,834",25
Oct 2017,250,Patricia Hoang inc,"493,441",24
Oct 2017,250,Raymond Williams 10 inc,"471,019",22
Oct 2017,250,Catherine Ochs inc,"402,776",19
Oct 2017,251,Lola Cramer inc,"2,028,925",98
Oct 2017,251,Rose Mincey inc,"1,831,255",99
Oct 2017,251,Ryan Harris 2 inc,"1,594,169",75
Oct 2017,251,Charles Bendel inc,"1,360,585",69
Oct 2017,251,Vonda Lake inc,"1,285,433",64
Oct 2017,252,Jimmy Kelly inc,"445,573",22
Oct 2017,252,Raymundo Daniel inc,"295,076",11
Oct 2017,252,Tanika Newton inc,"272,831",11
Oct 2017,252,Terry Hiles inc,"257,053",13
Oct 2017,252,Dominick Newsom inc,"232,947",11
Oct 2017,253,Karen Fiene inc,"658,606",32
Oct 2017,253,Jesse Valazquez inc,"586,251",32
Oct 2017,253,Dillon Renshaw inc,"484,133",25
Oct 2017,253,Walter Hay inc,"455,833",23
Oct 2017,253,Gussie Bickford inc,"447,233",23
Oct 2017,254,Michael Newsom inc,"708,980",35
Oct 2017,254,Debra Mock inc,"282,596",12
Oct 2017,254,John Mathews 2 inc,"121,036",5
Oct 2017,254,Joseph Olson 2 inc,"114,960",5
Oct 2017,254,Geneva Cohen inc,"113,910",8
Oct 2017,255,Harmony Mathis inc,"800,760",39
Oct 2017,255,Blanche Egan inc,"679,394",31
Oct 2017,255,Charles Cantave inc,"341,099",17
Oct 2017,255,Sheryl Wilson inc,"322,094",15
Oct 2017,255,Barry Lyons 2 inc,"304,097",14
Oct 2017,256,Leigh Carr inc,"2,460,272",127
Oct 2017,256,Juan Kong inc,"799,057",38
Oct 2017,256,Ryan Kyle inc,"559,363",30
Oct 2017,256,Beatrice Graham inc,"505,801",27
Oct 2017,256,Edward Jones 10 inc,"334,311",17
Oct 2017,258,Lina Kelsey inc,"375,075",17
Oct 2017,258,Stacie Lucas inc,"296,167",17
Oct 2017,258,Michelle Jones 13 inc,"218,539",10
Oct 2017,258,Steven Johnson 10 inc,"200,053",9
Oct 2017,258,Irene Smith 4 inc,"172,091",7
Oct 2017,259,Gerald Mccullough inc,"979,789",52
Oct 2017,259,Anthony Wheeler 2 inc,"879,974",41
Oct 2017,259,Allen Jackson 2 inc,"720,637",34
Oct 2017,259,Bruce Carter 2 inc,"595,972",28
Oct 2017,259,Adrienne Hill inc,"459,059",20
Oct 2017,260,Jordan Johnson inc,"532,721",27
Oct 2017,260,William Young 10 inc,"466,362",25
Oct 2017,260,Ronald Betcher inc,"322,194",16
Oct 2017,260,Juanita Gilliam inc,"316,518",15
Oct 2017,260,Eloise Paoli inc,"276,368",14
Oct 2017,261,Samuel Powell inc,"607,682",30
Oct 2017,261,Phillip Justice 2 inc,"573,177",28
Oct 2017,261,Theodore Thompson 2 inc,"434,000",19
Oct 2017,261,Theresa Ocasio inc,"381,538",18
Oct 2017,261,Donald Lowe inc,"378,137",17
Oct 2017,262,Raymond Sylvester inc,"483,869",22
Oct 2017,262,Lora Harrell inc,"355,851",18
Oct 2017,262,Kevin Wolfrum inc,"275,532",12
Oct 2017,262,Wayne James 2 inc,"243,872",13
Oct 2017,262,Joshua Finchum inc,"227,023",10
Oct 2017,263,David Millay 2 inc,"378,100",20
Oct 2017,263,Donnell Cotto inc,"254,740",12
Oct 2017,263,Marvin Soto inc,"116,666",5
Oct 2017,263,Bryant Campbell inc,"108,779",5
Oct 2017,263,Dwayne Joshua inc,"99,154",5
Oct 2017,264,Erika Legrand inc,"388,966",18
Oct 2017,264,Lena Boyer inc,"367,576",16
Oct 2017,264,Sandra Brison inc,"328,328",18
Oct 2017,264,Mary Hibbert inc,"217,008",12
Oct 2017,264,Grace Cox inc,"212,433",12
Oct 2017,265,Michelle Dougherty inc,"891,858",39
Oct 2017,265,Linda Tosh inc,"421,786",20
Oct 2017,265,John Mai inc,"371,826",19
Oct 2017,265,John Beasley 3 inc,"368,876",16
Oct 2017,265,Brandon Beatty inc,"362,338",17
Oct 2017,266,Jerry Anderson 2 inc,"483,088",25
Oct 2017,266,Darryl Servin inc,"251,316",12
Oct 2017,266,Timothy Poole inc,"248,150",15
Oct 2017,266,Michael Avila inc,"217,502",10
Oct 2017,266,Johnny Smith 9 inc,"213,280",9
Oct 2017,267,Maurice Ehret inc,"317,604",15
Oct 2017,267,Patricia Jackson 6 inc,"296,194",17
Oct 2017,267,Rebecca Pollard inc,"277,441",14
Oct 2017,267,Michael Little 5 inc,"231,165",11
Oct 2017,267,Genesis Barcia inc,"222,379",13
Oct 2017,268,Trudy Harris inc,"761,319",41
Oct 2017,268,Ernest Garner inc,"721,145",40
Oct 2017,268,Roy Mccoy inc,"680,236",34
Oct 2017,268,Timothy Lewis 8 inc,"623,398",36
Oct 2017,268,Sabine King inc,"609,570",29
Oct 2017,269,Josephine Garrity inc,"577,715",27
Oct 2017,269,Mary Radford 3 inc,"322,813",16
Oct 2017,269,Heather Hopkins inc,"192,165",11
Oct 2017,269,Mary Sanders 8 inc,"147,348",7
Oct 2017,269,Gilda Pollard inc,"146,507",8
Oct 2017,270,Jane Vanauken inc,"491,808",25
Oct 2017,270,Patricia Smith 25 inc,"426,926",22
Oct 2017,270,Cristina Lindsay inc,"422,843",19
Oct 2017,270,David Park inc,"420,048",20
Oct 2017,270,Christine Montoro inc,"379,233",20
Oct 2017,271,Ann Morrell inc,"1,317,459",61
Oct 2017,271,Christopher Castro 2 inc,"958,824",44
Oct 2017,271,Sharon Mcdaniel inc,"888,662",45
Oct 2017,271,Jame Perez inc,"871,004",40
Oct 2017,271,Constance White inc,"686,807",34
Oct 2017,272,David Fitzpatrick inc,"890,066",44
Oct 2017,272,Gabriela Woods inc,"576,065",31
Oct 2017,272,Joseph Olson 3 inc,"564,241",30
Oct 2017,272,Jeanne Bell 2 inc,"557,732",27
Oct 2017,272,Mark Layne inc,"485,644",29
Oct 2017,273,Ruth Signs inc,"64,210",3
Oct 2017,273,David Houchin inc,"64,074",2
Oct 2017,273,John Sumstad inc,"34,688",1
Oct 2017,273,Martin Thomas inc,"23,891",1
Oct 2017,273,Christine Wilson 7 inc,"23,123",1
Oct 2017,274,Doris Babcock inc,"4,810,091",242
Oct 2017,274,Austin Edmunds inc,"1,685,272",80
Oct 2017,274,Sylvester Wetzel inc,"1,635,064",81
Oct 2017,274,William Hummel 2 inc,"1,572,194",77
Oct 2017,274,Angela Barrett 2 inc,"1,198,927",57
Oct 2017,275,Frederick Mccammon inc,"470,636",21
Oct 2017,275,Tyrone Noe inc,"287,508",14
Oct 2017,275,James Mcmilliam inc,"245,554",11
Oct 2017,275,Lynn Reed inc,"224,377",10
Oct 2017,275,Doris Bullard inc,"217,885",11
Oct 2017,276,Steven Porter 2 inc,"1,345,748",62
Oct 2017,276,Odis Hampton inc,"1,062,229",58
Oct 2017,276,Ladonna Seelbach inc,"760,378",36
Oct 2017,276,Joey Johnson inc,"629,324",30
Oct 2017,276,Brian Marsh 2 inc,"558,681",25
Oct 2017,277,Jonathan Rollins inc,"4,688,994",233
Oct 2017,277,Daniel Phipps 2 inc,"3,719,727",183
Oct 2017,277,Tracie Dempsey inc,"3,630,877",176
Oct 2017,277,Michelle Briscoe inc,"3,046,326",148
Oct 2017,277,James Mastin inc,"2,599,371",125
Oct 2017,278,Sylvia Holler inc,"1,985,960",94
Oct 2017,278,Maria Davis 10 inc,"1,267,368",64
Oct 2017,278,David Fontaine inc,"1,242,543",66
Oct 2017,278,Darrell Friedrich inc,"598,395",29
Oct 2017,278,Etta Martinez inc,"451,525",20
Oct 2017,279,Debra Williams 7 inc,"1,602,270",75
Oct 2017,279,Robert Hall 16 inc,"1,244,780",62
Oct 2017,279,George Williams 20 inc,"1,213,675",69
Oct 2017,279,Denise Williams 5 inc,"1,212,133",67
Oct 2017,279,Jocelyn Dixon inc,"936,015",43
Oct 2017,280,Clyde Garland inc,"2,017,345",99
Oct 2017,280,John Harris 25 inc,"838,030",42
Oct 2017,280,Vivian Howard inc,"734,680",37
Oct 2017,280,Thomas Adams 6 inc,"575,697",26
Oct 2017,280,Maria Woods inc,"523,516",26
Oct 2017,281,Charles Everett inc,"669,300",34
Oct 2017,281,Pierre Weiner inc,"633,742",32
Oct 2017,281,Clayton Palmer inc,"473,531",22
Oct 2017,281,Sandra Staples inc,"313,491",18
Oct 2017,281,Christine Hernandez inc,"301,858",16
Oct 2017,282,Jonathan Crumble inc,"1,971,437",95
Oct 2017,282,Devon Sanders inc,"1,388,056",72
Oct 2017,282,Fernando Williams inc,"787,992",40
Oct 2017,282,Daron Corley inc,"682,081",33
Oct 2017,282,Katherine Cotter inc,"556,121",29
Oct 2017,283,Christopher Carter 3 inc,"3,754,900",170
Oct 2017,283,Marlin Stroud inc,"2,168,897",109
Oct 2017,283,Mikki Seburg inc,"1,457,433",74
Oct 2017,283,Jessica Lafayette inc,"1,445,411",73
Oct 2017,283,Sterling Haskins inc,"1,354,367",68
Oct 2017,285,Jefferey Smith inc,"472,323",28
Oct 2017,285,Carolyn Hardy inc,"256,902",11
Oct 2017,285,Juanita Moss inc,"228,999",10
Oct 2017,285,Katherine Michaud inc,"200,109",8
Oct 2017,285,Patricia Keith 2 inc,"197,334",10
Oct 2017,286,Chris Heath inc,"5,316,477",263
Oct 2017,286,Kevin Hellman inc,"3,892,004",189
Oct 2017,286,Rita Elias inc,"3,093,653",158
Oct 2017,286,Jasmin Morataya inc,"2,807,775",143
Oct 2017,286,Steven Rodriguez 2 inc,"2,077,033",100
Oct 2017,287,Wm Evans inc,"372,153",22
Oct 2017,287,George Peebles inc,"367,970",18
Oct 2017,287,John Arlington inc,"331,026",16
Oct 2017,287,Anita Herman inc,"249,907",11
Oct 2017,287,Andrew Samaniego inc,"195,368",9
Oct 2017,288,Wallace Bennett inc,"845,990",44
Oct 2017,288,Michael Morgan 3 inc,"796,589",42
Oct 2017,288,Lillie Collins inc,"535,449",28
Oct 2017,288,Lynn Brown 6 inc,"488,018",24
Oct 2017,288,Steve Crofton inc,"439,909",25
Oct 2017,289,Sherri Garrison inc,"4,261,452",217
Oct 2017,289,Willard Conditt inc,"1,512,314",80
Oct 2017,289,Elnora Cook inc,"1,266,381",61
Oct 2017,289,John Penn 2 inc,"1,216,458",67
Oct 2017,289,George Centeno inc,"1,132,977",53
Oct 2017,290,Charles Harris 11 inc,"258,185",12
Oct 2017,290,Daniel Jones 11 inc,"229,107",13
Oct 2017,290,Timothy Oneill inc,"219,841",10
Oct 2017,290,Guadalupe Schoenfeld inc,"214,266",9
Oct 2017,290,Lynn Napier 2 inc,"205,524",11
Oct 2017,291,Cesar Hall inc,"19,024,975",941
Oct 2017,291,Efrain Webb inc,"2,229,787",119
Oct 2017,291,Lisa Bryant 3 inc,"1,468,625",74
Oct 2017,291,Paul Dietrich inc,"1,457,725",75
Oct 2017,291,Mary Castillo 2 inc,"1,364,964",70
Oct 2017,292,Rebecca Kim 2 inc,"1,270,882",64
Oct 2017,292,Scott Uson inc,"729,230",34
Oct 2017,292,Gilbert Lowell inc,"590,842",30
Oct 2017,292,Brandon Manns inc,"574,436",33
Oct 2017,292,Kevin White 4 inc,"398,811",19
Oct 2017,293,Aileen Coons inc,"244,280",12
Oct 2017,293,Maria Morlan inc,"217,444",13
Oct 2017,293,Yolanda Gold inc,"152,747",7
Oct 2017,293,Joseph Phillips 6 inc,"144,624",9
Oct 2017,293,Lawrence Williams 4 inc,"118,641",5
Oct 2017,294,Mae Little inc,"503,290",23
Oct 2017,294,Tina Leflore inc,"344,222",14
Oct 2017,294,Keith Thomas 2 inc,"308,342",13
Oct 2017,294,Stephanie Cheatham inc,"229,077",12
Oct 2017,294,Phyllis Matthews inc,"219,858",12
Oct 2017,295,Darren Brewer inc,"802,120",38
Oct 2017,295,Christopher Hubbard 3 inc,"457,279",22
Oct 2017,295,John Banks 4 inc,"405,381",21
Oct 2017,295,Sterling Wing inc,"361,785",16
Oct 2017,295,Jody Minor inc,"341,699",19
Oct 2017,296,Larry Mcmanus inc,"660,039",32
Oct 2017,296,Randall Howard inc,"506,367",23
Oct 2017,296,Edward Evanoff inc,"501,215",30
Oct 2017,296,Dale Crowder inc,"455,042",20
Oct 2017,296,Thomas Wilson 11 inc,"431,107",19
Oct 2017,297,Crystal Marquez inc,"905,599",44
Oct 2017,297,Nicole Borrero inc,"814,743",40
Oct 2017,297,Arlyne Smith inc,"750,279",41
Oct 2017,297,Pierre Balzer inc,"612,964",28
Oct 2017,297,Amelia Ray inc,"589,367",30
Oct 2017,298,Marisa Corbin inc,"427,615",21
Oct 2017,298,Chad Tobar inc,"283,299",14
Oct 2017,298,Ella Rose 2 inc,"220,378",12
Oct 2017,298,Donna Canfield inc,"176,396",7
Oct 2017,298,Lori Joseph inc,"143,609",6
Oct 2017,299,Gary Hayes inc,"420,549",24
Oct 2017,299,Kim Sutton inc,"400,809",20
Oct 2017,299,Mildred Tilman inc,"400,103",20
Oct 2017,299,Joe Quinn inc,"355,700",17
Oct 2017,299,Doris Doyel inc,"286,774",13
Oct 2017,300,Ruben Frantz inc,"880,168",45
Oct 2017,300,Rene Roberts 2 inc,"777,159",37
Oct 2017,300,Stephen Lay inc,"713,297",32
Oct 2017,300,Louise Cheever inc,"478,672",23
Oct 2017,300,Kyle Sterling inc,"459,441",20
Oct 2017,301,Juan Jennrich inc,"491,189",25
Oct 2017,301,Joyce Perry inc,"386,862",20
Oct 2017,301,Gabrielle Caudel inc,"367,887",18
Oct 2017,301,John Hammond 2 inc,"302,358",14
Oct 2017,301,Roy Cosby inc,"301,190",14
Oct 2017,302,Albert Smith 10 inc,"1,662,750",82
Oct 2017,302,Colin Canelo inc,"1,391,767",70
Oct 2017,302,Thomas Crouchet inc,"929,862",45
Oct 2017,302,Mary Reed 5 inc,"738,450",35
Oct 2017,302,Linnie Millar inc,"677,856",35
Oct 2017,303,Christine Hill 3 inc,"624,710",29
Oct 2017,303,Marvin Peterman inc,"577,826",27
Oct 2017,303,Peter Nelson 4 inc,"500,903",21
Oct 2017,303,Linda Beckett inc,"437,247",21
Oct 2017,303,Bessie Fulmer inc,"357,507",21
Oct 2017,304,Cordelia Rice inc,"660,284",37
Oct 2017,304,Heather Brackett inc,"633,662",34
Oct 2017,304,Douglas Mackin inc,"577,479",27
Oct 2017,304,Annie Coffman inc,"557,874",26
Oct 2017,304,Jill Costa inc,"449,268",22
Oct 2017,306,Martha Williams 5 inc,"226,455",12
Oct 2017,306,Ruby Armstead inc,"200,132",8
Oct 2017,306,Timothy Sepulveda inc,"195,280",9
Oct 2017,306,Linda Zawacki inc,"188,675",8
Oct 2017,306,Henry Rosales inc,"171,764",7
Oct 2017,307,John Kluender inc,"647,377",32
Oct 2017,307,Floyd Lemay inc,"167,064",9
Oct 2017,307,Jamal Moore inc,"158,737",7
Oct 2017,307,Travis Hartson inc,"153,584",7
Oct 2017,307,Allie Lynch inc,"152,809",9
Oct 2017,308,Fannie Baltimore inc,"1,367,882",69
Oct 2017,308,Roy Lavine inc,"923,969",45
Oct 2017,308,Anthony Lewis 5 inc,"847,541",42
Oct 2017,308,Reed Williams inc,"821,369",43
Oct 2017,308,Frances Fritz inc,"690,512",32
Oct 2017,309,Carolyn Tooley inc,"331,120",15
Oct 2017,309,Patricia Jackson 7 inc,"292,918",16
Oct 2017,309,Marian Mann inc,"281,279",14
Oct 2017,309,David Aucoin inc,"276,595",13
Oct 2017,309,Vernon Zeigler inc,"272,177",12
Oct 2017,310,Patricia Smith 24 inc,"522,764",27
Oct 2017,310,Alvin Moodie inc,"310,806",15
Oct 2017,310,Briana Powell inc,"290,730",17
Oct 2017,310,Barbara Thomas 9 inc,"276,074",13
Oct 2017,310,Mary Burnett inc,"221,642",9
Oct 2017,311,Janet Baker 2 inc,"690,494",33
Oct 2017,311,Michael Dunlop inc,"434,466",21
Oct 2017,311,Carole West inc,"426,721",21
Oct 2017,311,Nancy Maxam inc,"283,976",12
Oct 2017,311,Benjamin Hunt inc,"269,830",14
Oct 2017,312,David Taylor 12 inc,"494,967",26
Oct 2017,312,Virginia Long inc,"483,448",22
Oct 2017,312,Tony Butler inc,"364,630",20
Oct 2017,312,Joann Net inc,"297,002",14
Oct 2017,312,Rebecca Solis inc,"220,434",12
Oct 2017,313,Danny Lupien inc,"531,019",27
Oct 2017,313,Stanley Adair inc,"471,445",19
Oct 2017,313,Jason Butler 2 inc,"302,281",13
Oct 2017,313,Judy Richards inc,"272,468",12
Oct 2017,313,Cecile Abbott inc,"222,446",11
Oct 2017,314,Jeffery Aguilar 2 inc,"1,510,474",78
Oct 2017,314,Charles Dallas inc,"1,396,051",72
Oct 2017,314,Carl Black inc,"1,228,067",55
Oct 2017,314,David Wallace inc,"1,098,179",47
Oct 2017,314,Lloyd Brink inc,"1,047,258",55
Oct 2017,315,Harriet Miller inc,"235,070",11
Oct 2017,315,Lester Marcum inc,"181,016",11
Oct 2017,315,Donald Bacon 2 inc,"110,740",6
Oct 2017,315,James Maltie inc,"106,482",6
Oct 2017,315,Kenneth Robbin inc,"78,141",5
Oct 2017,316,Elisabeth Bibbs inc,"56,696",2
Oct 2017,316,Howard Phipps inc,"43,629",2
Oct 2017,316,Lourdes Wilson 2 inc,"22,111",1
Oct 2017,316,Dominique Toma inc,"8,598",1
Oct 2017,318,Ryan Malina inc,"653,462",31
Oct 2017,318,Jean Vandusen inc,"456,911",21
Oct 2017,318,Tracey Ziegler inc,"400,613",18
Oct 2017,318,Valerie Hutchinson inc,"341,031",16
Oct 2017,318,Jose Penn inc,"323,611",19
Oct 2017,319,Jessica Wilson inc,"110,706",6
Oct 2017,319,John Carrousal inc,"85,524",5
Oct 2017,319,Timothy Boyle inc,"61,437",2
Oct 2017,319,Patricia Jackson 4 inc,"54,062",2
Oct 2017,319,David Barham inc,"47,927",2
Oct 2017,320,Tom Benavidez inc,"3,906,951",193
Oct 2017,320,Edwin Riley inc,"1,352,185",67
Oct 2017,320,Janice Whiteman inc,"1,225,406",55
Oct 2017,320,Arthur Dove inc,"941,159",48
Oct 2017,320,Judith Russell inc,"690,196",35
Oct 2017,321,John Longoria inc,"410,715",19
Oct 2017,321,Timothy Mays inc,"264,767",14
Oct 2017,321,Cynthia Ciriaco inc,"241,349",15
Oct 2017,321,Joseph Funk inc,"199,159",10
Oct 2017,321,Mark Awalt inc,"172,954",7
Oct 2017,322,Quinton Elizarraras inc,"3,297,107",164
Oct 2017,322,Andrea Hartman inc,"1,571,171",83
Oct 2017,322,Allen Poulton inc,"1,562,953",79
Oct 2017,322,Christopher Chinzi inc,"1,173,129",61
Oct 2017,322,Dana Anderson inc,"1,095,375",53
Oct 2017,323,Ruben Lopez inc,"1,188,390",56
Oct 2017,323,Michael Wheeler 8 inc,"1,161,483",60
Oct 2017,323,Jose Handy inc,"521,705",24
Oct 2017,323,Willie Hudson inc,"516,389",27
Oct 2017,323,Kathleen Holmes inc,"298,017",14
Oct 2017,325,Dennis Terrance inc,"1,230,450",62
Oct 2017,325,Christopher Pinneo inc,"738,727",33
Oct 2017,325,Francine Legions inc,"456,345",23
Oct 2017,325,Miriam Cisneros inc,"425,063",19
Oct 2017,325,Alpha Way inc,"377,677",17
Oct 2017,326,Nancy Hill 5 inc,"250,132",13
Oct 2017,326,Cecil Confer inc,"243,617",14
Oct 2017,326,David Mann 4 inc,"220,026",12
Oct 2017,326,Elizabeth Crist inc,"155,137",7
Oct 2017,326,Jeremy Demetriou inc,"119,289",5
Oct 2017,327,Charlotte Marley inc,"173,338",8
Oct 2017,327,Karen Briggs inc,"154,556",9
Oct 2017,327,Arthur Cobb 3 inc,"150,680",7
Oct 2017,327,Dorothy Loftus inc,"113,553",6
Oct 2017,327,Roger Sanders 2 inc,"109,367",5
Oct 2017,328,William Darling inc,"1,194,541",61
Oct 2017,328,Samira Cervantes inc,"468,318",21
Oct 2017,328,Heather Porter inc,"275,220",16
Oct 2017,328,Bernadette Padron inc,"274,600",13
Oct 2017,328,Matthew Seldon inc,"274,364",12
Oct 2017,329,Kristen Woods inc,"651,783",32
Oct 2017,329,Stephanie Bagaoisan inc,"618,190",34
Oct 2017,329,Shirley Ball inc,"540,494",27
Oct 2017,329,Robert Olson 4 inc,"455,425",30
Oct 2017,329,John Hunt 4 inc,"453,192",23
Oct 2017,330,Karen Pate inc,"703,118",33
Oct 2017,330,Sandra Buckner inc,"478,618",27
Oct 2017,330,Hugh Gale inc,"377,133",19
Oct 2017,330,Carla Rathburn inc,"297,367",15
Oct 2017,330,Kathy Faust inc,"235,683",10
Oct 2017,331,Valerie Martin 2 inc,"13,168,864",645
Oct 2017,331,Antoine Alexander inc,"11,416,236",573
Oct 2017,331,Jean Jolley inc,"9,246,855",461
Oct 2017,331,Ryan Stephens 2 inc,"6,900,517",342
Oct 2017,331,Georgine Heard inc,"4,523,150",221
Oct 2017,333,Joseph Proctor inc,"5,726,501",282
Oct 2017,333,Teresa Begley inc,"4,439,868",221
Oct 2017,333,Vincent Peterson 2 inc,"2,817,712",136
Oct 2017,333,Andrew Hernandez 2 inc,"2,761,861",128
Oct 2017,333,Naomi Day inc,"2,406,636",122
Oct 2017,334,Gordon Thao inc,"4,566,346",228
Oct 2017,334,Brianna Derrick inc,"1,824,610",89
Oct 2017,334,Mary Siegel inc,"1,695,933",83
Oct 2017,334,Megan Brackeen inc,"1,196,140",66
Oct 2017,334,Jeffrey Bock inc,"1,106,577",53
Oct 2017,335,Catherine Tanner inc,"441,772",21
Oct 2017,335,William Howland inc,"255,214",11
Oct 2017,335,Yolanda Jones 3 inc,"224,061",11
Oct 2017,335,Sandra Belvins inc,"184,144",10
Oct 2017,335,Jeffrey Bird inc,"156,206",7
Oct 2017,336,Helen Stubbendeck inc,"240,720",11
Oct 2017,336,Katherine Kirschner inc,"215,617",10
Oct 2017,336,Frank Mcneil inc,"187,411",10
Oct 2017,336,Roberto Mundy inc,"126,420",5
Oct 2017,336,Fernando Hoss inc,"125,057",6
Oct 2017,337,Karen Lee 2 inc,"439,452",23
Oct 2017,337,Timothy Robins inc,"372,793",20
Oct 2017,337,Larry Ryan inc,"282,339",13
Oct 2017,337,Anna Baker 2 inc,"281,572",13
Oct 2017,337,Anthony Moore 5 inc,"226,741",10
Oct 2017,338,Lucas Carmona inc,"391,834",19
Oct 2017,338,Lon Larson inc,"391,058",19
Oct 2017,338,Brian Williams 8 inc,"258,208",11
Oct 2017,338,Russell Sexton inc,"252,742",13
Oct 2017,338,Margaret Anderson 5 inc,"160,171",7
Oct 2017,339,Gertrudis Stamps inc,"1,216,489",58
Oct 2017,339,Christopher Greer inc,"811,058",41
Oct 2017,339,Larry Culbert inc,"788,073",43
Oct 2017,339,Marie Reynolds 4 inc,"755,685",36
Oct 2017,339,James Moss 3 inc,"680,431",29
Oct 2017,340,Terry Turpin 2 inc,"4,117,809",201
Oct 2017,340,Janet Johnson 3 inc,"1,919,291",95
Oct 2017,340,Nancy Jamison 2 inc,"1,607,159",79
Oct 2017,340,Katherine Rovero inc,"1,431,081",77
Oct 2017,340,Thelma Williams 3 inc,"1,057,597",53
Oct 2017,341,Bonita Lemons inc,"679,920",31
Oct 2017,341,Daniel Huff inc,"291,504",14
Oct 2017,341,Victor Sullivan inc,"289,461",13
Oct 2017,341,Monica Garcia 3 inc,"286,599",18
Oct 2017,341,James Calendine inc,"284,687",14
Oct 2017,342,William Roney inc,"1,091,730",53
Oct 2017,342,Gordon Burdock inc,"358,955",18
Oct 2017,342,Jo Earles inc,"219,711",10
Oct 2017,342,Eric Elrod inc,"182,252",9
Oct 2017,342,Thomas Eddy inc,"157,406",7
Oct 2017,343,Joshua Reyna inc,"509,355",24
Oct 2017,343,James Kinkelaar inc,"425,569",24
Oct 2017,343,Daphne Bickley inc,"360,431",18
Oct 2017,343,Michael Broadwater inc,"333,700",16
Oct 2017,343,Christopher Kroll inc,"228,699",11
Oct 2017,344,Morris Grooms inc,"2,108,509",97
Oct 2017,344,Jerry Facer inc,"1,113,935",57
Oct 2017,344,David Vives inc,"1,056,531",47
Oct 2017,344,John Bigbee inc,"792,582",39
Oct 2017,344,Lawrence Young 4 inc,"792,193",39
Oct 2017,345,Patrick Nunn inc,"476,855",22
Oct 2017,345,John Hyett inc,"213,215",11
Oct 2017,345,Susan Campbell inc,"186,969",10
Oct 2017,345,Dennis Cameron inc,"162,332",8
Oct 2017,345,Betty Rose inc,"156,829",10
Oct 2017,347,Christopher Jackson 5 inc,"1,116,252",56
Oct 2017,347,Edna Ledesma inc,"1,028,149",56
Oct 2017,347,Carolyn Hardin inc,"991,699",50
Oct 2017,347,James Carlson 5 inc,"786,155",40
Oct 2017,347,Erma Milligan inc,"778,334",44
Sep 2017,1,Kathie Sughrue inc,"195,103,104","9,715"
Sep 2017,1,Cesar Hall inc,"141,748,963","7,090"
Sep 2017,1,Mary Gray 7 inc,"70,746,983","3,538"
Sep 2017,1,Steven Russell inc,"46,463,314","2,312"
Sep 2017,1,David Gunstream inc,"36,411,101","1,796"
Sep 2017,2,Ernesto Matthews inc,"500,634",22
Sep 2017,2,Charles Budde inc,"388,737",22
Sep 2017,2,Mark Cipolla inc,"368,351",18
Sep 2017,2,William Urena inc,"323,483",15
Sep 2017,2,Sally Simonton inc,"226,399",11
Sep 2017,3,Rhonda Cunningham inc,"834,983",37
Sep 2017,3,Karen Roane inc,"553,839",27
Sep 2017,3,Dennis Mcmillan inc,"532,620",28
Sep 2017,3,Robert Harrison 7 inc,"451,303",24
Sep 2017,3,Donnie Sefcovic inc,"449,924",25
Sep 2017,4,Louise Cole 2 inc,"3,326,948",158
Sep 2017,4,Nathaniel Stewart inc,"2,428,912",126
Sep 2017,4,Juan Niemi inc,"1,906,540",91
Sep 2017,4,Mary Lopez 6 inc,"1,851,356",92
Sep 2017,4,Carolyn Smith 8 inc,"1,844,015",89
Sep 2017,6,Terrell Dueno inc,"544,869",26
Sep 2017,6,Jack Mcsweeney inc,"288,848",16
Sep 2017,6,Eva Mcnear inc,"272,910",15
Sep 2017,6,Andrea Cash inc,"265,072",15
Sep 2017,6,Guillermo Angelilli inc,"222,529",10
Sep 2017,7,Sheila Bissonnette inc,"619,773",30
Sep 2017,7,Joe Powell inc,"617,270",30
Sep 2017,7,Don Lenz inc,"572,038",26
Sep 2017,7,Florence Williamson inc,"378,114",15
Sep 2017,7,Lilly Johnson inc,"280,540",12
Sep 2017,8,Mike Sparks inc,"1,318,507",70
Sep 2017,8,Sandra Crocker inc,"1,194,078",58
Sep 2017,8,Carlotta Schell inc,"1,093,753",57
Sep 2017,8,Charlene Richter inc,"1,003,371",50
Sep 2017,8,Larry Stegall 2 inc,"771,380",40
Sep 2017,9,Rachael Oehler inc,"736,336",34
Sep 2017,9,Scott Brown 6 inc,"577,560",31
Sep 2017,9,Deborah Mendoza 2 inc,"515,672",24
Sep 2017,9,Barbara Bishop inc,"444,276",25
Sep 2017,9,Walter Grillo inc,"369,704",17
Sep 2017,10,Roger Murach inc,"994,564",48
Sep 2017,10,Maribel Prince inc,"645,072",31
Sep 2017,10,Kristin Victoria inc,"621,281",31
Sep 2017,10,Socorro Stevens inc,"552,651",25
Sep 2017,10,Daisy Brown 3 inc,"544,075",24
Sep 2017,11,Paula Crumb inc,"2,424,870",116
Sep 2017,11,Matthew Verhoeven inc,"1,590,138",85
Sep 2017,11,Linda Hogan 2 inc,"1,432,919",73
Sep 2017,11,Grant Mayers inc,"1,072,313",52
Sep 2017,11,Kenneth Ramos inc,"1,068,667",53
Sep 2017,12,Joe Cleghorn inc,"2,142,526",109
Sep 2017,12,Delbert Sherlock inc,"1,930,980",96
Sep 2017,12,Emily Jiggetts inc,"1,628,242",78
Sep 2017,12,Catherine Martin 7 inc,"1,319,090",65
Sep 2017,12,Robyn Douglas inc,"957,013",47
Sep 2017,13,Robert Brown 41 inc,"674,898",29
Sep 2017,13,Carol Green inc,"609,544",31
Sep 2017,13,Gary Koehler inc,"569,581",28
Sep 2017,13,Curtis Gregg inc,"527,244",25
Sep 2017,13,Ida Cox 2 inc,"436,017",21
Sep 2017,14,Cynthia Wood 2 inc,"1,195,791",65
Sep 2017,14,John Bielinski inc,"913,945",45
Sep 2017,14,Roxie Martin 2 inc,"784,243",41
Sep 2017,14,Stanley Summerville inc,"700,188",35
Sep 2017,14,Alex Richardson inc,"679,059",39
Sep 2017,16,Cheryl Croom inc,"386,179",17
Sep 2017,16,Willie Walker 4 inc,"319,875",16
Sep 2017,16,Veronica Wroblewski inc,"266,670",11
Sep 2017,16,Timothy Staats inc,"238,389",13
Sep 2017,16,Angie Eason inc,"211,215",8
Sep 2017,17,Sharonda Jordan inc,"17,828,222",877
Sep 2017,17,Beatrice Pears inc,"14,081,294",713
Sep 2017,17,Nick Curtis inc,"12,358,053",604
Sep 2017,17,Samuel Scott 3 inc,"7,645,677",398
Sep 2017,17,Virgil Lemon inc,"6,805,294",336
Sep 2017,18,Ruth Fuentes inc,"962,278",49
Sep 2017,18,Winnie Currie inc,"339,847",14
Sep 2017,18,Aisha Hein inc,"279,087",12
Sep 2017,18,Kenneth Patrick 2 inc,"278,604",13
Sep 2017,18,Susan Rhodes inc,"179,166",9
Sep 2017,19,Ella Rose 2 inc,"19,707,777",965
Sep 2017,19,Lori Joseph inc,"18,618,650",913
Sep 2017,19,Chad Tobar inc,"18,569,922",915
Sep 2017,19,Tony Moore 3 inc,"11,155,014",563
Sep 2017,19,Zachary Mayle inc,"8,572,384",429
Sep 2017,20,Justin Ganser inc,"5,256,515",268
Sep 2017,20,Natasha Bucher inc,"3,460,392",179
Sep 2017,20,Craig Miller 4 inc,"1,277,306",66
Sep 2017,20,Sarah Harris 5 inc,"1,254,892",61
Sep 2017,20,Luisa Goldstein inc,"1,152,747",57
Sep 2017,21,Thelma Cashen inc,"1,704,445",82
Sep 2017,21,Eldridge Williams 2 inc,"1,387,694",70
Sep 2017,21,Katherine Brown 4 inc,"1,248,238",69
Sep 2017,21,Toni Keith 2 inc,"1,189,513",66
Sep 2017,21,Jeffrey Starr inc,"1,061,947",49
Sep 2017,22,Phyllis Allen 2 inc,"451,326",23
Sep 2017,22,Allen Patrick inc,"417,374",20
Sep 2017,22,Elizabeth Ehrisman inc,"330,291",16
Sep 2017,22,Paul Harris 6 inc,"327,702",17
Sep 2017,22,Fred Trent inc,"326,668",16
Sep 2017,23,Ellen Tait inc,"640,212",36
Sep 2017,23,Stacey Sharon inc,"408,850",21
Sep 2017,23,Lola Torres inc,"331,918",15
Sep 2017,23,Joseph Bailey 2 inc,"329,639",15
Sep 2017,23,Bruce Smith 7 inc,"304,611",13
Sep 2017,24,Mariah Pugh inc,"1,254,647",64
Sep 2017,24,Donald Sullivan 5 inc,"1,228,904",56
Sep 2017,24,Francisco Hopper inc,"1,097,756",49
Sep 2017,24,Cynthia Vargas 2 inc,"883,285",48
Sep 2017,24,Marvin Quinnie inc,"806,745",39
Sep 2017,25,Kathryn Carson inc,"5,951,544",306
Sep 2017,25,Kay Connolly inc,"4,962,758",237
Sep 2017,25,Rebecca Sales inc,"4,814,052",247
Sep 2017,25,Jeffrey Belcher 2 inc,"3,596,136",185
Sep 2017,25,John Taggart inc,"2,830,030",146
Sep 2017,26,Kristy Fonseca inc,"772,793",38
Sep 2017,26,Samuel Miller 3 inc,"252,588",12
Sep 2017,26,Ronald Bermeo inc,"243,124",12
Sep 2017,26,Michael Hamilton inc,"196,460",8
Sep 2017,26,Cesar Ross inc,"172,559",9
Sep 2017,28,Lee Hodgkiss inc,"666,377",31
Sep 2017,28,Jo Miland inc,"607,166",25
Sep 2017,28,Henry Anderson 4 inc,"510,481",24
Sep 2017,28,Adam Richner inc,"356,937",19
Sep 2017,28,Charles Simonson inc,"328,669",17
Sep 2017,29,Kirsten Huse inc,"1,331,058",66
Sep 2017,29,Tarsha Chance inc,"501,013",27
Sep 2017,29,Paul Gaska inc,"413,642",21
Sep 2017,29,Evelyn Bingler inc,"349,420",16
Sep 2017,29,Raymond Plaza inc,"323,192",17
Sep 2017,30,Donald Ireland inc,"1,695,318",80
Sep 2017,30,Doris King 3 inc,"1,539,970",80
Sep 2017,30,Clarence Streater inc,"1,479,264",72
Sep 2017,30,Dennis Johnson 6 inc,"1,340,987",64
Sep 2017,30,Debra Burdell inc,"890,764",43
Sep 2017,32,Thomas Stone 2 inc,"328,024",17
Sep 2017,32,Kenneth Burnette inc,"301,726",17
Sep 2017,32,Shanna Rice inc,"300,573",14
Sep 2017,32,Harriet Reeder inc,"188,800",10
Sep 2017,32,Adrian Rollin inc,"181,490",7
Sep 2017,33,Danny Thompson inc,"880,009",44
Sep 2017,33,Pearl Newport inc,"766,987",39
Sep 2017,33,Ronald Johnson 17 inc,"636,096",31
Sep 2017,33,Nicole Crowder inc,"587,889",30
Sep 2017,33,Douglas Magic inc,"527,988",25
Sep 2017,34,Alysia Ceovantes inc,"949,209",45
Sep 2017,34,Nina Conn inc,"831,236",43
Sep 2017,34,Danny Martinez inc,"784,896",35
Sep 2017,34,Mitchell Kalhorn inc,"777,929",43
Sep 2017,34,Kris Endicott inc,"680,594",36
Sep 2017,35,Bobby Ames inc,"303,663",15
Sep 2017,35,Pamela Spiro inc,"228,179",11
Sep 2017,35,Lewis Wiley inc,"134,978",6
Sep 2017,35,George Levinson inc,"134,845",7
Sep 2017,35,Mary Cottingham inc,"133,897",7
Sep 2017,36,Henrietta Cook inc,"1,192,415",60
Sep 2017,36,Esther Diaz inc,"744,920",37
Sep 2017,36,Ronald Jones 10 inc,"594,049",31
Sep 2017,36,Arleen Otero inc,"517,230",25
Sep 2017,36,Hien Herrera inc,"480,185",23
Sep 2017,38,Kris Phelps inc,"521,987",26
Sep 2017,38,Patricia Odonnell inc,"412,079",21
Sep 2017,38,Ila Boudreaux inc,"322,650",15
Sep 2017,38,Douglas Mccullen inc,"271,235",13
Sep 2017,38,Miranda Tiller inc,"263,983",14
Sep 2017,39,Patricia Marble inc,"565,098",27
Sep 2017,39,Judie Robinson inc,"250,938",12
Sep 2017,39,Jonathan Dalley inc,"207,576",11
Sep 2017,39,Jane Terry 3 inc,"202,555",11
Sep 2017,39,Christine Thorne inc,"177,964",10
Sep 2017,40,Karla Fernandez inc,"365,967",19
Sep 2017,40,Kay Tito inc,"305,419",16
Sep 2017,40,Joanne Manning inc,"151,738",7
Sep 2017,40,Kathryn Schumpert inc,"148,138",8
Sep 2017,40,James Luckman inc,"114,195",4
Sep 2017,41,Joyce Mendez inc,"1,355,881",60
Sep 2017,41,Richard Bower inc,"768,818",38
Sep 2017,41,Stella Walker inc,"458,765",23
Sep 2017,41,Angela Peterson 3 inc,"439,686",21
Sep 2017,41,Elizabeth Mcelyea inc,"412,006",19
Sep 2017,42,Louis Kahn inc,"1,145,502",55
Sep 2017,42,Carlene Phelps inc,"935,080",43
Sep 2017,42,Cynthia Northover inc,"836,756",42
Sep 2017,42,Glenn Richmond inc,"809,008",39
Sep 2017,42,James Spiess inc,"610,084",33
Sep 2017,44,Bart Carney inc,"488,024",26
Sep 2017,44,Ashley Krupa inc,"288,960",14
Sep 2017,44,John Coutermarsh inc,"260,677",11
Sep 2017,44,Kathleen Parris inc,"254,868",15
Sep 2017,44,Jon Moore inc,"252,014",14
Sep 2017,46,Asuncion Sandmeier inc,"981,932",45
Sep 2017,46,Rachel Carter 2 inc,"395,356",21
Sep 2017,46,John Frank 5 inc,"380,577",17
Sep 2017,46,Suzanne Greene inc,"304,695",15
Sep 2017,46,Josie Parrish inc,"300,964",15
Sep 2017,47,Carlos Cook inc,"372,257",16
Sep 2017,47,Kevin Taylor 5 inc,"263,335",13
Sep 2017,47,Nicole Chamberlain inc,"213,350",10
Sep 2017,47,Walter Jorgensen inc,"204,956",10
Sep 2017,47,Rory Gomez inc,"203,784",8
Sep 2017,48,Zelda Bozell inc,"1,220,305",55
Sep 2017,48,Robert Wood 9 inc,"722,525",35
Sep 2017,48,Bryan Vasquez inc,"716,682",37
Sep 2017,48,Angelina Hartz inc,"675,687",30
Sep 2017,48,Maria Bugg inc,"647,036",31
Sep 2017,49,Bernice Battles inc,"827,821",41
Sep 2017,49,Dale Nielsen inc,"305,926",15
Sep 2017,49,Joan Holmes 2 inc,"289,002",13
Sep 2017,49,Kimberly Singleton inc,"280,192",14
Sep 2017,49,Michael Hilyard inc,"205,153",9
Sep 2017,51,Mary Mraz inc,"2,015,538",97
Sep 2017,51,Joanne Yannone inc,"1,520,462",74
Sep 2017,51,Micheal Styles inc,"1,465,713",73
Sep 2017,51,Irene Deschamps inc,"1,398,032",73
Sep 2017,51,Jean Jolley inc,"1,094,614",58
Sep 2017,52,Arthur Noel inc,"755,154",36
Sep 2017,52,Jean Biser inc,"725,777",38
Sep 2017,52,Ann Walser inc,"657,716",32
Sep 2017,52,Leo Turpin inc,"524,255",23
Sep 2017,52,David Young 7 inc,"476,096",22
Sep 2017,53,Cornelius Mattson inc,"5,969,256",287
Sep 2017,53,Keith Conley 3 inc,"3,923,381",197
Sep 2017,53,Cynthia Phelps inc,"3,025,467",151
Sep 2017,53,Debra Wilczynski inc,"2,268,392",107
Sep 2017,53,Robert Murdock inc,"1,876,847",95
Sep 2017,54,Eloise Sorbo inc,"572,723",26
Sep 2017,54,Rodney Greenwald inc,"148,056",6
Sep 2017,54,Sandra Randall inc,"98,955",5
Sep 2017,54,Melissa Iannotti inc,"98,895",4
Sep 2017,54,Jessica Wilson inc,"94,295",4
Sep 2017,56,Gerald Miller 3 inc,"994,104",50
Sep 2017,56,Oliver Part inc,"671,080",32
Sep 2017,56,Mary Varos inc,"667,315",38
Sep 2017,56,Christopher Jackson 5 inc,"653,795",31
Sep 2017,56,Courtney Mansfield inc,"651,096",32
Sep 2017,57,Jennifer Furr inc,"7,193,244",349
Sep 2017,57,Eddie Plunkett inc,"7,006,279",350
Sep 2017,57,Kenneth Huson inc,"4,984,104",251
Sep 2017,57,Rhonda Wheeler inc,"3,105,309",154
Sep 2017,57,John Sumstad inc,"2,977,048",145
Sep 2017,58,Trevor Najera inc,"854,927",45
Sep 2017,58,Karen Brendal inc,"415,208",23
Sep 2017,58,Anthony Rosenau inc,"336,810",14
Sep 2017,58,Michael Devito inc,"261,026",14
Sep 2017,58,Jeannette Russell inc,"249,282",14
Sep 2017,60,Lucas Ohara inc,"2,824,906",144
Sep 2017,60,Diane Perez 2 inc,"2,130,069",101
Sep 2017,60,Rafael Goss inc,"1,398,429",66
Sep 2017,60,Mary James 10 inc,"965,397",47
Sep 2017,60,Catherine Hurley inc,"948,620",46
Sep 2017,61,Benjamin Elliott 3 inc,"442,038",23
Sep 2017,61,Audrey Thrash inc,"239,612",14
Sep 2017,61,Terry Mullins inc,"167,760",8
Sep 2017,61,Mary Berryman inc,"148,294",7
Sep 2017,61,Alvin Garrison inc,"138,480",8
Sep 2017,62,Rita Mcreynolds inc,"617,343",29
Sep 2017,62,Rosemary Silva inc,"435,230",21
Sep 2017,62,Juan Brashear inc,"374,333",17
Sep 2017,62,Richard Jones 18 inc,"322,426",15
Sep 2017,62,Paul Ledoux inc,"310,765",16
Sep 2017,63,Johnathan Oldham inc,"628,358",27
Sep 2017,63,Nestor Wright inc,"514,458",27
Sep 2017,63,Jon Creasey inc,"484,650",22
Sep 2017,63,Gladys Gibbons inc,"369,480",20
Sep 2017,63,Rose Murray 2 inc,"355,882",18
Sep 2017,64,Essie Chapman inc,"670,009",30
Sep 2017,64,Evelia Rexford inc,"584,023",29
Sep 2017,64,Raymond Wahlberg inc,"534,454",26
Sep 2017,64,Edgar Johnson 3 inc,"530,780",28
Sep 2017,64,Sandra Swonger inc,"515,669",28
Sep 2017,65,Richard Boehm inc,"242,116",13
Sep 2017,65,Elton Lemons inc,"185,066",8
Sep 2017,65,Alfred Mcbath inc,"173,342",9
Sep 2017,65,Emma Aikens inc,"146,383",6
Sep 2017,65,Samuel Beck inc,"140,044",9
Sep 2017,66,Manuel Furlong inc,"1,197,254",53
Sep 2017,66,Derrick Phillips 2 inc,"614,332",32
Sep 2017,66,Louis Kahn inc,"453,670",21
Sep 2017,66,Alfred Taylor inc,"417,968",19
Sep 2017,66,Ila Jones 2 inc,"405,558",19
Sep 2017,68,Nola Bulow inc,"998,046",50
Sep 2017,68,Jarvis Carrington inc,"443,226",24
Sep 2017,68,Mary Franklin 4 inc,"365,176",19
Sep 2017,68,Clair Ziech inc,"249,445",10
Sep 2017,68,Michael Bracamonte inc,"223,375",11
Sep 2017,69,John Miller 7 inc,"485,053,240","24,160"
Sep 2017,69,Henry Barnhill inc,"77,228,512","3,878"
Sep 2017,69,June Gray inc,"49,439,416","2,409"
Sep 2017,69,Weston Hendon inc,"43,173,616","2,129"
Sep 2017,69,Todd Turner 3 inc,"36,984,306","1,845"
Sep 2017,70,Ileen Niss inc,"910,167",45
Sep 2017,70,Margie Dillard inc,"371,285",20
Sep 2017,70,Gay Park inc,"251,652",13
Sep 2017,70,Stephen Wilburn inc,"234,935",12
Sep 2017,70,Lisa Gillen inc,"231,105",10
Sep 2017,71,Cindy Perry 2 inc,"161,524",7
Sep 2017,71,John Marshall 5 inc,"146,366",7
Sep 2017,71,Anna Blumberg inc,"142,077",8
Sep 2017,71,Adam Shields inc,"137,410",5
Sep 2017,71,Harold Buster inc,"122,628",6
Sep 2017,73,Kathleen Lavole inc,"734,452",35
Sep 2017,73,Sylvia Carter inc,"367,076",19
Sep 2017,73,Marilyn Conatser inc,"282,597",12
Sep 2017,73,Richard Miller 10 inc,"235,980",12
Sep 2017,73,Tracey Herz inc,"222,767",13
Sep 2017,74,Barbara Forney inc,"611,268",27
Sep 2017,74,Alan Prechtl inc,"332,252",15
Sep 2017,74,Donna Talley 2 inc,"306,479",15
Sep 2017,74,Scott Blevins inc,"290,592",13
Sep 2017,74,John Price 9 inc,"285,023",15
Sep 2017,75,William Gomez 5 inc,"704,521",33
Sep 2017,75,Angel Raper inc,"319,081",17
Sep 2017,75,Everett Hertzler inc,"266,592",14
Sep 2017,75,Vicki Lanza inc,"245,731",13
Sep 2017,75,Fernando Hart inc,"240,036",13
Sep 2017,76,Bridget Kisner inc,"8,182,550",412
Sep 2017,76,Karen Ohare inc,"2,675,375",133
Sep 2017,76,Robert Capo inc,"2,436,635",117
Sep 2017,76,Valerie Fitch inc,"2,131,252",107
Sep 2017,76,Brandon Lodi inc,"2,045,186",104
Sep 2017,77,David Alto inc,"309,181",18
Sep 2017,77,Luis Rembert inc,"232,545",12
Sep 2017,77,William Schwerdtfeger inc,"216,246",11
Sep 2017,77,Ursula Martinez inc,"201,933",9
Sep 2017,77,Jorge Taber inc,"201,030",11
Sep 2017,78,Kenneth Mullen inc,"1,172,138",61
Sep 2017,78,Humberto Ruiz inc,"974,230",46
Sep 2017,78,Edward Levy inc,"836,543",40
Sep 2017,78,James Nesbit 2 inc,"791,127",42
Sep 2017,78,Joyce Geary inc,"636,792",34
Sep 2017,79,Ronald Miller 5 inc,"896,558",48
Sep 2017,79,Stephen Krummel inc,"767,300",44
Sep 2017,79,Martin Adkins inc,"581,558",31
Sep 2017,79,Mary Weymouth inc,"480,289",21
Sep 2017,79,Sabrina Arnold 2 inc,"470,537",24
Sep 2017,80,Theodore Martine inc,"435,357",20
Sep 2017,80,Eugene Pell inc,"405,438",18
Sep 2017,80,Kari Jones inc,"179,248",8
Sep 2017,80,Catherine Oneill inc,"166,821",8
Sep 2017,80,Cyndi Mudget inc,"151,587",7
Sep 2017,81,Maria Heller inc,"283,582",18
Sep 2017,81,Randall Kaufman inc,"240,184",11
Sep 2017,81,Anna Perez 2 inc,"190,456",7
Sep 2017,81,William Silsby inc,"187,214",10
Sep 2017,81,Debbie Wilkerson inc,"175,484",11
Sep 2017,82,Marie Husband inc,"510,787",24
Sep 2017,82,Joan Buckley inc,"445,276",21
Sep 2017,82,Allen Emmons inc,"438,641",19
Sep 2017,82,Thomas Regan inc,"276,276",14
Sep 2017,82,Jacklyn Collins inc,"266,094",12
Sep 2017,83,Joyce Whitehead inc,"494,765",26
Sep 2017,83,Kenneth Hudson inc,"379,595",16
Sep 2017,83,John Mendoza 5 inc,"330,032",17
Sep 2017,83,Chad Robinson 4 inc,"320,346",17
Sep 2017,83,Barry Schuh inc,"301,003",18
Sep 2017,84,Daniel Helmick inc,"364,293",16
Sep 2017,84,Nichole Wilson inc,"261,761",14
Sep 2017,84,Virginia Ross 2 inc,"212,210",8
Sep 2017,84,Jeff Wyman inc,"182,940",10
Sep 2017,84,Mary Bally inc,"101,734",3
Sep 2017,85,Bobby Mills inc,"407,306",19
Sep 2017,85,Bernard Nisbett inc,"284,727",15
Sep 2017,85,Donetta Martinez inc,"223,096",11
Sep 2017,85,Michael Smithson inc,"193,234",8
Sep 2017,85,Katherine Beaucage inc,"182,196",11
Sep 2017,86,Jared Kirk inc,"302,590",14
Sep 2017,86,David Butler 4 inc,"236,811",12
Sep 2017,86,Christine Blackwell inc,"180,205",11
Sep 2017,86,Carol Thomas 2 inc,"153,758",9
Sep 2017,86,Diana Seide inc,"132,040",6
Sep 2017,87,Joe Montgomery inc,"7,422,324",358
Sep 2017,87,Frank Garcia 2 inc,"6,844,058",324
Sep 2017,87,Doug Moran inc,"6,202,482",317
Sep 2017,87,Tessie Jaramillo inc,"5,346,447",268
Sep 2017,87,Betty Hunter 2 inc,"4,405,479",209
Sep 2017,88,Heather Ramberg inc,"13,474,530",655
Sep 2017,88,Deidre Bright inc,"11,235,275",540
Sep 2017,88,Ronald Hussein inc,"10,291,699",504
Sep 2017,88,Samantha Jackson inc,"8,467,335",415
Sep 2017,88,Kristen Hurtado inc,"7,206,703",356
Sep 2017,89,Carl Fonseca inc,"226,733",11
Sep 2017,89,George Hicks 2 inc,"146,203",8
Sep 2017,89,Andrew Zuidema inc,"111,695",6
Sep 2017,89,William Rivera 5 inc,"103,881",4
Sep 2017,89,Keith Milne inc,"97,930",4
Sep 2017,90,Jeffrey Wilson inc,"891,909",40
Sep 2017,90,Brett Dejohn inc,"801,497",39
Sep 2017,90,Brian Moffatt inc,"588,951",31
Sep 2017,90,Araceli Crotts inc,"569,498",29
Sep 2017,90,Ernest Romero inc,"422,941",20
Sep 2017,91,Robert Rainville inc,"980,480",46
Sep 2017,91,John Flowers 3 inc,"296,939",15
Sep 2017,91,Juana Bouchard inc,"274,125",15
Sep 2017,91,Hyman Sison inc,"256,785",14
Sep 2017,91,Martin Wilkinson 2 inc,"250,063",11
Sep 2017,92,Gail Smith 3 inc,"121,761",4
Sep 2017,92,Michael Wolfe 3 inc,"67,503",3
Sep 2017,92,Lisa Denning inc,"54,739",2
Sep 2017,92,Alex Baker 2 inc,"37,359",1
Sep 2017,92,Charles Berg inc,"28,275",2
Sep 2017,94,Dora Dermody inc,"676,044",32
Sep 2017,94,Christopher Williams 14 inc,"418,851",22
Sep 2017,94,Larry Diamond 2 inc,"384,342",15
Sep 2017,94,Zachary Solis inc,"383,017",20
Sep 2017,94,Cassie Franklin inc,"325,528",15
Sep 2017,96,Wendy Meyer inc,"1,208,659",63
Sep 2017,96,Lane Cross inc,"936,308",43
Sep 2017,96,Bruce Braden inc,"926,044",44
Sep 2017,96,Karen Holsten inc,"898,587",43
Sep 2017,96,James Walker 16 inc,"855,220",46
Sep 2017,97,Richard Caskey inc,"1,394,463",67
Sep 2017,97,Beverly Lee inc,"921,556",50
Sep 2017,97,Matthew Robles inc,"446,436",23
Sep 2017,97,Edward Goodridge inc,"442,500",22
Sep 2017,97,Armando Duke inc,"429,306",18
Sep 2017,98,Dwight Alexander inc,"836,589",43
Sep 2017,98,Marc Standard inc,"647,284",37
Sep 2017,98,Mavis Willis inc,"608,461",30
Sep 2017,98,Tara Miller inc,"530,342",30
Sep 2017,98,Bobby Rogers inc,"436,478",22
Sep 2017,100,Candace Morton inc,"589,579",32
Sep 2017,100,Steven Epps inc,"497,379",26
Sep 2017,100,Shelly Pitts inc,"429,646",21
Sep 2017,100,Earl Brown 2 inc,"412,516",21
Sep 2017,100,Leon Newell inc,"390,125",22
Sep 2017,101,Derek Davis 2 inc,"524,827",26
Sep 2017,101,Carol Tate inc,"502,507",25
Sep 2017,101,Scott Delarosa inc,"405,644",21
Sep 2017,101,David Diga inc,"365,782",17
Sep 2017,101,Terry Pool inc,"306,495",14
Sep 2017,102,Barry Hart inc,"1,199,140",61
Sep 2017,102,Cleta Ro inc,"755,751",43
Sep 2017,102,Ramona Lay inc,"569,150",28
Sep 2017,102,Troy Centeno inc,"562,287",30
Sep 2017,102,Mary Derby inc,"470,471",25
Sep 2017,103,Austin Talty inc,"353,998",17
Sep 2017,103,Mae Downing inc,"284,234",13
Sep 2017,103,William Murray 5 inc,"139,243",8
Sep 2017,103,Brandon Cerverizzo inc,"136,532",7
Sep 2017,103,Carl Casiano inc,"127,600",7
Sep 2017,104,Lillian Riffel inc,"579,348",29
Sep 2017,104,Jeffery Wills inc,"381,197",18
Sep 2017,104,Joseph Jacobs inc,"343,339",16
Sep 2017,104,Laura Johnson 8 inc,"228,103",12
Sep 2017,104,Kenneth Moncivais inc,"150,568",6
Sep 2017,105,Eusebio Steese inc,"840,827",43
Sep 2017,105,Marie Klemm inc,"290,774",14
Sep 2017,105,Kenneth Tompkins inc,"286,506",12
Sep 2017,105,Shawna Ward inc,"283,897",15
Sep 2017,105,Steve Haward inc,"261,558",15
Sep 2017,106,Bryan Porterfield inc,"389,326",18
Sep 2017,106,Tamara Vasquez inc,"385,686",19
Sep 2017,106,Antonia Greenberg inc,"375,747",19
Sep 2017,106,Shayla Maldonado inc,"242,757",14
Sep 2017,106,Robert Lopez 18 inc,"232,260",12
Sep 2017,107,Julius Kutz inc,"4,461,283",218
Sep 2017,107,Tim Crosby inc,"3,219,653",162
Sep 2017,107,Michael Truelove inc,"2,499,606",131
Sep 2017,107,Kimberly Subido inc,"1,341,578",64
Sep 2017,107,Mary Duke 3 inc,"1,282,854",66
Sep 2017,108,Suzanne Hammond inc,"217,832",9
Sep 2017,108,Opal Love inc,"198,111",11
Sep 2017,108,Daniel Jackson 9 inc,"197,105",10
Sep 2017,108,Jerry Lingbeek inc,"167,348",9
Sep 2017,108,Patricia Moore 6 inc,"147,529",8
Sep 2017,109,Jose Ortega inc,"1,056,910",55
Sep 2017,109,Lucille Knights inc,"865,158",45
Sep 2017,109,Maria Jobson inc,"503,003",26
Sep 2017,109,Shari Miller inc,"431,240",18
Sep 2017,109,Rosemary Lee 4 inc,"338,107",18
Sep 2017,110,Donna Gonzalez 4 inc,"4,526,786",217
Sep 2017,110,Mae Brown inc,"1,520,367",71
Sep 2017,110,Connie Thompson 2 inc,"1,478,101",78
Sep 2017,110,Marvin Miller 2 inc,"1,063,509",50
Sep 2017,110,Wanda Hill inc,"948,086",44
Sep 2017,111,John Poremski inc,"432,960",24
Sep 2017,111,Marlon Braund inc,"408,470",19
Sep 2017,111,David Kilpatrick inc,"360,052",15
Sep 2017,111,Patricia Dover inc,"339,582",16
Sep 2017,111,Bertha Walton inc,"314,711",17
Sep 2017,112,Michael Brotherton inc,"346,777",16
Sep 2017,112,Douglas Richner inc,"297,338",13
Sep 2017,112,Marcus Davis inc,"150,324",8
Sep 2017,112,Charity Fuchs inc,"141,071",7
Sep 2017,112,Deloris Shetler inc,"114,459",7
Sep 2017,113,Mary Montgomery 4 inc,"187,572",9
Sep 2017,113,Ashley Schultz 3 inc,"163,301",9
Sep 2017,113,Ellen Foersterling inc,"162,707",7
Sep 2017,113,Edward Howell inc,"155,466",9
Sep 2017,113,Roger Jones 5 inc,"154,886",6
Sep 2017,114,Joann Vidinha inc,"371,749",16
Sep 2017,114,Kellie Aguilar inc,"286,284",14
Sep 2017,114,Leonard Crawford inc,"259,854",13
Sep 2017,114,Estella Bewick inc,"228,463",13
Sep 2017,114,Mildred Davidson inc,"173,644",8
Sep 2017,115,John Campbell 11 inc,"411,788",19
Sep 2017,115,Sarah Bruce inc,"291,346",14
Sep 2017,115,Johnny Ahmed inc,"285,651",15
Sep 2017,115,Jose Ohl inc,"277,499",12
Sep 2017,115,Gus Augustine inc,"276,607",15
Sep 2017,116,Matthew Barnett 3 inc,"1,937,270",96
Sep 2017,116,Mildred Leitheiser inc,"1,641,359",80
Sep 2017,116,Anthony Wangler inc,"1,504,321",76
Sep 2017,116,Chad Tobar inc,"1,450,343",73
Sep 2017,116,Shannon Puckett inc,"1,360,721",73
Sep 2017,117,Theresa Martin 3 inc,"3,174,709",163
Sep 2017,117,Dion Cantu inc,"3,173,250",152
Sep 2017,117,Michael Farruggio inc,"2,876,301",154
Sep 2017,117,Catherine Tanner inc,"1,813,399",91
Sep 2017,117,Louise Watson inc,"1,292,023",58
Sep 2017,118,Cristy Key inc,"224,037",12
Sep 2017,118,Malinda Dierking inc,"164,372",8
Sep 2017,118,Mike Colbert inc,"128,015",7
Sep 2017,118,Pamela Lamb inc,"114,092",5
Sep 2017,118,Ashley Keith inc,"106,676",6
Sep 2017,119,Betty Sanford inc,"658,967",34
Sep 2017,119,Michael Shade 2 inc,"530,309",22
Sep 2017,119,James David 2 inc,"464,534",23
Sep 2017,119,Jason Pappas inc,"315,465",16
Sep 2017,119,Paul Reigle inc,"256,188",11
Sep 2017,120,Sandra Summers inc,"839,066",45
Sep 2017,120,Timothy Blackman inc,"422,338",24
Sep 2017,120,Denise Fowler 2 inc,"388,581",18
Sep 2017,120,Mark Hines inc,"344,112",19
Sep 2017,120,Patricia Nebergall inc,"300,894",15
Sep 2017,122,Erma Vaden inc,"191,813",9
Sep 2017,122,Karen Holsten inc,"93,681",6
Sep 2017,122,Terisa Smith inc,"92,835",3
Sep 2017,122,William George 2 inc,"77,911",3
Sep 2017,122,Jarvis Getz inc,"73,132",3
Sep 2017,123,Alan Shannon inc,"1,116,276",58
Sep 2017,123,Rita Barber inc,"763,128",39
Sep 2017,123,Gladys Wilson 2 inc,"351,962",19
Sep 2017,123,Cecila Ragusa inc,"341,795",19
Sep 2017,123,Linda Stoeffler inc,"253,025",10
Sep 2017,124,Queen Sawyer inc,"515,897",25
Sep 2017,124,Weston Cyree inc,"454,426",19
Sep 2017,124,Richard Blevins inc,"433,409",21
Sep 2017,124,Betty Mcdonald 2 inc,"406,474",23
Sep 2017,124,Jacqueline Salgado 2 inc,"336,002",14
Sep 2017,125,Brent Higgins inc,"758,127",36
Sep 2017,125,Alex Purtell inc,"620,613",29
Sep 2017,125,Jay Maxfield inc,"492,852",27
Sep 2017,125,Bobbi Sartain inc,"451,700",24
Sep 2017,125,Rachel Skillom inc,"401,507",19
Sep 2017,126,Ellen Battle inc,"880,838",42
Sep 2017,126,Kristi Radford inc,"802,032",39
Sep 2017,126,Basil Cain inc,"670,408",32
Sep 2017,126,Dennis Alderman inc,"560,782",27
Sep 2017,126,Alice Freitag inc,"538,632",26
Sep 2017,128,William Benningfield inc,"739,437",36
Sep 2017,128,Eva Moffat inc,"591,080",32
Sep 2017,128,Terri Jackson 2 inc,"405,065",21
Sep 2017,128,Pamela Pickett inc,"366,897",18
Sep 2017,128,Lisa Macki inc,"344,873",19
Sep 2017,129,Barbara Sasaki inc,"936,575",44
Sep 2017,129,Donald Scuderi inc,"701,141",35
Sep 2017,129,Robert Dockery inc,"652,784",32
Sep 2017,129,Jackson Tweedy inc,"606,272",31
Sep 2017,129,Beverly Johnson 3 inc,"488,507",26
Sep 2017,130,Kevin Peters inc,"189,944",8
Sep 2017,130,Michele Walters inc,"168,839",8
Sep 2017,130,Virginia Mustafa inc,"166,212",10
Sep 2017,130,Annie Glennon inc,"133,751",5
Sep 2017,130,William Reynolds 5 inc,"96,124",5
Sep 2017,131,Christian Penn inc,"1,690,888",86
Sep 2017,131,Bill Brainard inc,"1,212,500",61
Sep 2017,131,James Orrick inc,"1,049,401",50
Sep 2017,131,Barry Sutherland inc,"850,944",51
Sep 2017,131,Christen Harlow inc,"737,632",36
Sep 2017,133,Tyler Sharpe inc,"370,434",18
Sep 2017,133,Dean Noggle inc,"321,706",15
Sep 2017,133,Andrea Grubbs inc,"166,718",9
Sep 2017,133,George Cecchini inc,"166,593",10
Sep 2017,133,Joseph Palmese inc,"160,692",8
Sep 2017,135,Michael King 9 inc,"1,065,009",52
Sep 2017,135,Erik Tovar inc,"637,280",27
Sep 2017,135,Hugh Ford inc,"598,756",31
Sep 2017,135,Juana Pinero inc,"518,857",27
Sep 2017,135,Phillip Carlson inc,"443,186",21
Sep 2017,136,Justin Pellicone inc,"688,315",35
Sep 2017,136,Michelle Delrio inc,"685,332",34
Sep 2017,136,Jennifer Brown 8 inc,"665,042",32
Sep 2017,136,Boyd Delosh inc,"619,324",34
Sep 2017,136,John Marsaw inc,"484,265",21
Sep 2017,137,George Caporiccio inc,"10,979,269",540
Sep 2017,137,Charles Cota inc,"9,647,604",499
Sep 2017,137,Liana Ramos inc,"9,607,590",493
Sep 2017,137,Rebecca Ross inc,"6,178,478",311
Sep 2017,137,Claudia Frazier inc,"4,476,944",232
Sep 2017,138,Barbara Brantly inc,"2,692,927",132
Sep 2017,138,Jessica Wilson inc,"2,119,040",105
Sep 2017,138,Ricardo Simpson inc,"1,340,128",68
Sep 2017,138,Elizabeth Pennington inc,"959,380",49
Sep 2017,138,Charlotte Lovell 2 inc,"949,237",48
Sep 2017,139,Irene Rutledge inc,"792,149",38
Sep 2017,139,Jean Rogers 2 inc,"525,839",26
Sep 2017,139,Caroline Green inc,"384,123",19
Sep 2017,139,Debra Thomas 5 inc,"328,608",14
Sep 2017,139,Robert Horstman inc,"281,446",14
Sep 2017,140,Janet Mendiola inc,"3,780,719",191
Sep 2017,140,Eugene Lovelace inc,"2,236,915",106
Sep 2017,140,Lorraine Bittner inc,"1,734,194",90
Sep 2017,140,Robert Molina 2 inc,"1,644,305",91
Sep 2017,140,Raymond Franklin inc,"1,483,994",75
Sep 2017,142,Manuel Lanehart inc,"290,326",14
Sep 2017,142,Ronald Breton inc,"174,487",9
Sep 2017,142,Adrian Farley inc,"163,016",7
Sep 2017,142,Grace Riley inc,"137,084",7
Sep 2017,142,Steve Swartz inc,"131,447",6
Sep 2017,143,Helen Kern inc,"19,083,879",956
Sep 2017,143,Scott Hepburn inc,"12,645,237",625
Sep 2017,143,Alan Eisenhower inc,"9,608,066",470
Sep 2017,143,Rose Garner inc,"8,459,312",430
Sep 2017,143,Rashida Hernandez inc,"5,818,879",293
Sep 2017,144,Andres Knight inc,"483,412",22
Sep 2017,144,Kristofer Oquinn inc,"407,107",21
Sep 2017,144,William Baca inc,"248,458",11
Sep 2017,144,Patricia Saucedo inc,"231,873",12
Sep 2017,144,Paula Moyer inc,"211,594",10
Sep 2017,145,Helen Brown 6 inc,"1,126,149",52
Sep 2017,145,Martin Long inc,"650,521",32
Sep 2017,145,Andrew Powers 3 inc,"408,901",20
Sep 2017,145,Courtney Eckert inc,"355,506",17
Sep 2017,145,Matt Harris inc,"336,037",16
Sep 2017,146,Mary Kirby 2 inc,"571,139",28
Sep 2017,146,Charles Turpin 3 inc,"295,197",14
Sep 2017,146,Sandra Kalkman inc,"255,904",13
Sep 2017,146,Julie Davis 3 inc,"210,378",10
Sep 2017,146,Suzanne Bartholomew inc,"197,610",9
Sep 2017,147,Rachel Kennedy 2 inc,"1,103,957",54
Sep 2017,147,Patricia Dodson inc,"923,592",45
Sep 2017,147,Emma Laird inc,"762,820",40
Sep 2017,147,Richard Chavez 3 inc,"724,345",36
Sep 2017,147,Thomas Chipps inc,"704,118",35
Sep 2017,148,Tricia Dozier inc,"666,350",34
Sep 2017,148,Floyd Head inc,"485,017",23
Sep 2017,148,Christopher Mcdonald inc,"421,240",26
Sep 2017,148,John Barocio inc,"295,101",13
Sep 2017,148,Nicolas Flaming inc,"286,063",15
Sep 2017,149,Alexandria Sarmiento inc,"6,756,894",334
Sep 2017,149,Kenneth Larson inc,"5,270,828",257
Sep 2017,149,Jerold Caldwell inc,"4,211,165",210
Sep 2017,149,Kelly Perez 2 inc,"3,278,761",162
Sep 2017,149,George Asante inc,"2,765,028",134
Sep 2017,150,Effie Mayfield inc,"707,046",35
Sep 2017,150,Corey Perron inc,"462,698",22
Sep 2017,150,Deborah Stewart 3 inc,"355,855",16
Sep 2017,150,Theresa Woods inc,"313,344",15
Sep 2017,150,William Trotter inc,"291,473",13
Sep 2017,151,Elfriede Jones inc,"332,607",15
Sep 2017,151,Cleo Shapiro inc,"296,206",13
Sep 2017,151,Jason Clark 4 inc,"157,859",7
Sep 2017,151,Kelly Griffin inc,"152,424",8
Sep 2017,151,Victor Robbins inc,"142,646",7
Sep 2017,153,Howard Mitchell inc,"341,837",16
Sep 2017,153,Martha Goldstein inc,"293,196",14
Sep 2017,153,Gary Neri inc,"279,147",13
Sep 2017,153,Jimmy Scully inc,"253,415",13
Sep 2017,153,Thomas Gibbs inc,"195,035",8
Sep 2017,155,Susie Wynn inc,"921,071",45
Sep 2017,155,Rene Strickland inc,"866,265",41
Sep 2017,155,David Hagen 2 inc,"670,779",30
Sep 2017,155,Tracie Pennington inc,"609,291",30
Sep 2017,155,Chang Harvilla inc,"541,963",27
Sep 2017,156,Christopher Butts 2 inc,"737,951",37
Sep 2017,156,Pamela Griffin inc,"641,176",36
Sep 2017,156,Gary Finley inc,"570,025",30
Sep 2017,156,Bart Massey inc,"441,462",21
Sep 2017,156,Roberta Brown inc,"433,746",18
Sep 2017,157,Helen Burnsworth inc,"1,645,877",84
Sep 2017,157,Loree Hansen inc,"507,199",23
Sep 2017,157,Pearl Stone inc,"493,503",28
Sep 2017,157,Andrew Owens inc,"334,413",13
Sep 2017,157,Christopher Mcwilliams inc,"333,311",16
Sep 2017,158,Dee Gallager inc,"17,060,275",860
Sep 2017,158,Darryl Revak inc,"16,602,915",824
Sep 2017,158,Robert Cruz 2 inc,"9,285,958",458
Sep 2017,158,Bridget Patterson inc,"7,745,753",388
Sep 2017,158,Domingo Harper inc,"7,540,807",369
Sep 2017,159,Roy Coats inc,"2,544,795",120
Sep 2017,159,Mary Hudspeth inc,"929,459",48
Sep 2017,159,Monique Armstrong inc,"894,403",43
Sep 2017,159,Myrtle Prue inc,"741,374",39
Sep 2017,159,Lorenzo Hawkins inc,"660,853",32
Sep 2017,160,Richard Mccabe inc,"12,553,549",623
Sep 2017,160,Eliz Prater inc,"8,349,987",403
Sep 2017,160,Patricia Sharp 2 inc,"4,110,497",210
Sep 2017,160,Laurena Parks inc,"3,568,325",183
Sep 2017,160,Donna Croshaw inc,"3,177,589",159
Sep 2017,161,Delbert Plater inc,"3,204,298",161
Sep 2017,161,Joyce Fletcher inc,"2,828,330",135
Sep 2017,161,Claire Mcclendon inc,"2,132,776",100
Sep 2017,161,Carol Hardy 2 inc,"1,549,003",72
Sep 2017,161,Vita Bettes inc,"1,542,199",73
Sep 2017,162,Maureen Werre inc,"736,942",38
Sep 2017,162,Pedro Roberts 2 inc,"715,313",32
Sep 2017,162,Sanford Myers inc,"681,744",32
Sep 2017,162,Allen Wiersma inc,"627,295",29
Sep 2017,162,Jennifer Rudio inc,"503,657",25
Sep 2017,163,Kathy Briggs inc,"711,138",34
Sep 2017,163,Dale Lotzer inc,"651,737",29
Sep 2017,163,Helen Mccutchan inc,"584,013",31
Sep 2017,163,Luigi Hammond inc,"537,096",29
Sep 2017,163,Sharon Jones 15 inc,"493,989",27
Sep 2017,165,David Blackwell inc,"303,968",14
Sep 2017,165,Tyrone Malone inc,"295,273",17
Sep 2017,165,Frank Vue inc,"257,045",11
Sep 2017,165,Jessie Carey inc,"255,415",14
Sep 2017,165,James Wells 5 inc,"226,726",11
Sep 2017,166,Michelle Marrero 2 inc,"432,627",20
Sep 2017,166,Opal Siegel inc,"411,632",19
Sep 2017,166,Rodney Hatton inc,"380,191",20
Sep 2017,166,Linda Ready inc,"335,768",17
Sep 2017,166,Stephen Johnson 9 inc,"310,453",14
Sep 2017,167,Betty Brown 9 inc,"1,278,228",60
Sep 2017,167,Allan Clark inc,"333,712",17
Sep 2017,167,Katharine Gutierrez inc,"279,895",11
Sep 2017,167,Marion Greer inc,"270,245",13
Sep 2017,167,Jacqueline Richard inc,"225,969",10
Sep 2017,168,Mary Gallegos 2 inc,"871,281",43
Sep 2017,168,David Reyes 2 inc,"825,142",41
Sep 2017,168,Richard James 5 inc,"765,216",40
Sep 2017,168,Kim Hartly inc,"673,333",32
Sep 2017,168,Kristin Mcmurray inc,"656,654",33
Sep 2017,169,Tom Judge inc,"1,895,422",93
Sep 2017,169,Helen Mckean inc,"1,863,314",88
Sep 2017,169,Son Abraham inc,"1,786,495",88
Sep 2017,169,Louis Mccall inc,"1,752,569",90
Sep 2017,169,Roy Lindsay inc,"1,418,280",69
Sep 2017,170,Mamie James inc,"998,988",49
Sep 2017,170,Thelma Metayer inc,"886,346",44
Sep 2017,170,Reyes Milford inc,"387,989",17
Sep 2017,170,Rebecca Smart inc,"348,785",15
Sep 2017,170,Thomas Phillips 5 inc,"298,320",15
Sep 2017,171,Sandra Wells inc,"1,770,987",85
Sep 2017,171,David Holmes 4 inc,"1,265,784",62
Sep 2017,171,Sarah Palmieri inc,"1,050,249",52
Sep 2017,171,Bryan Harris 4 inc,"988,774",48
Sep 2017,171,Leanora Marshall inc,"894,373",41
Sep 2017,172,Jennie Gibbs inc,"548,079",28
Sep 2017,172,Emily Hill 2 inc,"452,844",24
Sep 2017,172,Vernon Gross 2 inc,"431,084",19
Sep 2017,172,Thomas Howard 3 inc,"361,739",18
Sep 2017,172,Michael Wilkowitz inc,"355,646",16
Sep 2017,173,Robert Doyle 3 inc,"1,290,988",66
Sep 2017,173,Betty Mcelvaine inc,"1,021,657",46
Sep 2017,173,Raleigh Gracia inc,"968,769",47
Sep 2017,173,Patrick Roberts 2 inc,"930,485",41
Sep 2017,173,Mario Johnson inc,"861,541",42
Sep 2017,174,Cody Leonard inc,"1,923,705",97
Sep 2017,174,Andrea Claybrook inc,"951,976",48
Sep 2017,174,Eddie Nobles inc,"678,472",33
Sep 2017,174,Karen Coffman inc,"580,577",32
Sep 2017,174,Debra Rose 2 inc,"497,288",23
Sep 2017,175,Judy Fujimoto inc,"1,118,950",51
Sep 2017,175,Pauline Burdette inc,"485,058",26
Sep 2017,175,Eugene Santelli inc,"384,501",18
Sep 2017,175,Donna Lindsey inc,"275,310",13
Sep 2017,175,Rebecca Kelly 2 inc,"224,367",12
Sep 2017,178,Maria Allen 4 inc,"481,785",26
Sep 2017,178,Marlene Carmack inc,"167,539",6
Sep 2017,178,Tiffany Hardin inc,"160,852",6
Sep 2017,178,Hillary Wells inc,"136,606",7
Sep 2017,178,William Miller 18 inc,"134,048",5
Sep 2017,179,Michael Swirsky inc,"5,917,448",291
Sep 2017,179,Curtis Banks inc,"1,976,655",100
Sep 2017,179,Gladys Castillo inc,"1,766,758",90
Sep 2017,179,Judy Lutz inc,"1,511,859",69
Sep 2017,179,Alan Poe inc,"1,351,585",66
Sep 2017,180,Anna Harrison inc,"810,988",39
Sep 2017,180,Alexandra Green inc,"461,590",26
Sep 2017,180,Denise Sievers inc,"440,702",21
Sep 2017,180,Ila Mcgrath inc,"281,989",12
Sep 2017,180,Matthew Johnson 11 inc,"276,907",13
Sep 2017,181,Juan Walsh 2 inc,"1,585,616",84
Sep 2017,181,Edith Roll inc,"970,891",47
Sep 2017,181,Gregg Verde inc,"635,507",33
Sep 2017,181,Edison Scott inc,"548,693",30
Sep 2017,181,Kathleen Gau inc,"542,462",27
Sep 2017,182,Julia Cope inc,"976,655",58
Sep 2017,182,Misty Slaugh inc,"786,848",41
Sep 2017,182,Betty Pew inc,"488,058",27
Sep 2017,182,Jason Lopez 2 inc,"431,386",22
Sep 2017,182,Harold Strand inc,"324,463",17
Sep 2017,183,Shanon Battle inc,"504,148",28
Sep 2017,183,Angela Jackson 5 inc,"422,768",25
Sep 2017,183,John Otoole inc,"389,377",22
Sep 2017,183,Francis Casey inc,"332,885",16
Sep 2017,183,Robert Green 15 inc,"257,332",15
Sep 2017,184,Harold Ames inc,"512,151",27
Sep 2017,184,Tracy Webster inc,"379,990",17
Sep 2017,184,Ralph Nava inc,"284,413",16
Sep 2017,184,Charlotte Valdez inc,"267,844",15
Sep 2017,184,Christopher Waage inc,"260,531",13
Sep 2017,186,Larry Reid inc,"626,121",35
Sep 2017,186,Christine Paulino inc,"530,300",26
Sep 2017,186,Cora Brown inc,"298,102",14
Sep 2017,186,George Caruthers inc,"293,446",14
Sep 2017,186,David Zapata inc,"268,504",12
Sep 2017,187,Joseph Miles inc,"426,199",22
Sep 2017,187,Terence Harstad inc,"411,824",22
Sep 2017,187,Leonard Barredo inc,"282,435",13
Sep 2017,187,Marvin Tucker 2 inc,"261,645",11
Sep 2017,187,Trudie Baker inc,"251,561",11
Sep 2017,188,Linda Alexander inc,"912,430",46
Sep 2017,188,James Pittsley inc,"777,887",37
Sep 2017,188,Joseph Jones 15 inc,"709,453",34
Sep 2017,188,Anne Grantham inc,"680,460",33
Sep 2017,188,Ryan Widell inc,"668,218",37
Sep 2017,189,Andrew Eastman inc,"1,398,413",78
Sep 2017,189,Gertrude Espinosa inc,"1,353,646",68
Sep 2017,189,Christina Chamberlain inc,"943,535",48
Sep 2017,189,Diane Allen 2 inc,"846,460",41
Sep 2017,189,Jack Huffman inc,"692,753",32
Sep 2017,190,Denise Marquez 2 inc,"456,284",24
Sep 2017,190,Jay Hokanson inc,"456,043",21
Sep 2017,190,Thomas Voyer inc,"417,219",20
Sep 2017,190,Danny Dent inc,"285,895",12
Sep 2017,190,Samantha Chilton inc,"230,998",10
Sep 2017,191,Frank Lundborg inc,"579,410",24
Sep 2017,191,Virginia Greer inc,"533,113",26
Sep 2017,191,Patrick Heiden inc,"490,977",26
Sep 2017,191,Thomas Warner inc,"450,211",23
Sep 2017,191,Bruce Snyder inc,"364,948",18
Sep 2017,193,Renate Snyder inc,"554,337",27
Sep 2017,193,Lisa Plummer inc,"392,812",22
Sep 2017,193,Dorothy Woods inc,"378,988",18
Sep 2017,193,Ann Nicholas inc,"354,975",17
Sep 2017,193,Donald Davis 9 inc,"319,279",15
Sep 2017,194,Alison Magallanes inc,"886,715",45
Sep 2017,194,Walter Washington 2 inc,"394,606",20
Sep 2017,194,Jack Doubet inc,"270,531",12
Sep 2017,194,Sandra Patterson 2 inc,"270,248",12
Sep 2017,194,Kimberly Peterson 2 inc,"234,728",9
Sep 2017,195,Klara Ibanez inc,"598,370",27
Sep 2017,195,Casey Dawkins inc,"395,981",20
Sep 2017,195,Theresa Martin 3 inc,"383,653",18
Sep 2017,195,Kenneth Situ inc,"292,797",16
Sep 2017,195,John Wright 18 inc,"271,475",13
Sep 2017,197,Claudia Rodriguez inc,"900,030",44
Sep 2017,197,Randi Duke inc,"550,379",31
Sep 2017,197,Lori Joseph inc,"423,297",18
Sep 2017,197,Chad Tobar inc,"396,389",20
Sep 2017,197,Tony Moore 3 inc,"287,245",15
Sep 2017,198,Jose Emerson inc,"407,587",20
Sep 2017,198,Walter Barbieri inc,"242,920",13
Sep 2017,198,Nancy Foley inc,"241,603",12
Sep 2017,198,Sandra Cook 2 inc,"215,258",11
Sep 2017,198,Stacia Benavides inc,"190,867",10
Sep 2017,199,Elbert Six inc,"2,165,043",110
Sep 2017,199,Crystal Dwyer inc,"1,776,428",89
Sep 2017,199,Roger Serrano inc,"1,167,177",54
Sep 2017,199,Daryl Taylor inc,"1,013,003",55
Sep 2017,199,Judy Evans 3 inc,"901,015",46
Sep 2017,200,Sandra Davenport inc,"2,466,319",129
Sep 2017,200,Latanya Crofton inc,"2,162,776",106
Sep 2017,200,Juan Sojka inc,"1,947,211",100
Sep 2017,200,Jeffrey Connolly inc,"1,935,165",100
Sep 2017,200,Teresa Ellis inc,"1,692,282",81
Sep 2017,201,James Howell 7 inc,"840,615",39
Sep 2017,201,Patricia Hernandez 4 inc,"363,407",17
Sep 2017,201,Edwin Smith 4 inc,"282,601",15
Sep 2017,201,Andrew Johnson 5 inc,"229,985",12
Sep 2017,201,Chad Torres inc,"212,637",9
Sep 2017,203,Albert Cadwell inc,"853,935",43
Sep 2017,203,Jeffrey Berryman inc,"488,254",24
Sep 2017,203,Tanya Anderson 3 inc,"224,225",12
Sep 2017,203,Lorraine Mahon inc,"185,736",11
Sep 2017,203,Mark Manciel inc,"177,599",9
Sep 2017,204,Ruth Newark inc,"472,391",24
Sep 2017,204,Antonio Bowler inc,"163,853",7
Sep 2017,204,Dorothy Kirkland inc,"98,181",5
Sep 2017,204,Mildred Marks inc,"90,186",5
Sep 2017,204,Christopher Cucuzza inc,"90,050",5
Sep 2017,205,Tyrone Dwaileebe inc,"324,916",16
Sep 2017,205,Thomas Anderson 10 inc,"256,175",11
Sep 2017,205,Wanda Hogan inc,"114,217",6
Sep 2017,205,Kevin Cordoua inc,"112,695",5
Sep 2017,205,Zachary Holzer inc,"110,431",6
Sep 2017,206,Ryan Gregg inc,"258,068",14
Sep 2017,206,Louise Owens inc,"236,198",14
Sep 2017,206,Susan Land inc,"221,021",11
Sep 2017,206,Colleen Gerdes inc,"203,226",10
Sep 2017,206,Mary Roberts 6 inc,"202,787",11
Sep 2017,207,Clarence Griffin inc,"190,166",11
Sep 2017,207,Cheryl Ross inc,"154,449",8
Sep 2017,207,Joseph Proctor inc,"147,512",6
Sep 2017,207,Teresa Begley inc,"137,954",5
Sep 2017,207,Andrew Hernandez 2 inc,"128,242",6
Sep 2017,208,Michael Abramson inc,"991,486",50
Sep 2017,208,Gail Costello inc,"410,318",17
Sep 2017,208,Paula Santiago inc,"343,687",15
Sep 2017,208,Jason Ho inc,"317,875",13
Sep 2017,208,Dale Skalicky inc,"237,300",10
Sep 2017,209,Ma Rowlands inc,"1,342,687",65
Sep 2017,209,Meaghan Saylor inc,"1,189,875",59
Sep 2017,209,Tempie Guardado inc,"794,800",39
Sep 2017,209,Wanda Lundberg inc,"632,852",29
Sep 2017,209,Cathrine Guerrero inc,"600,775",24
Sep 2017,210,Angela Parsons inc,"1,091,244",54
Sep 2017,210,Jamie Remillard inc,"999,566",46
Sep 2017,210,Michael Mocher inc,"998,508",54
Sep 2017,210,Gary Goff inc,"739,447",39
Sep 2017,210,Timothy Godwin inc,"729,731",37
Sep 2017,211,William Darden inc,"766,385",37
Sep 2017,211,Nancy Benz inc,"510,270",26
Sep 2017,211,Ryan Charles inc,"505,195",22
Sep 2017,211,Crystal Krumholz inc,"435,132",21
Sep 2017,211,Karen Beltz inc,"393,473",21
Sep 2017,212,Donald Pimental inc,"6,768,023",343
Sep 2017,212,Rebecca Johnson 9 inc,"5,570,652",274
Sep 2017,212,Susan Williams 18 inc,"3,498,355",169
Sep 2017,212,Anna Risher inc,"3,381,622",168
Sep 2017,212,Lisa Jones 9 inc,"3,053,755",149
Sep 2017,213,Elizabeth Thomas 10 inc,"3,069,000",148
Sep 2017,213,Katherine Stickel inc,"2,289,884",109
Sep 2017,213,Nichol Gentry inc,"2,029,114",97
Sep 2017,213,Chad Tobar inc,"2,014,761",102
Sep 2017,213,Fredrick Vergara inc,"1,799,453",83
Sep 2017,214,Daniel Steinbach inc,"787,441",39
Sep 2017,214,Christie Poole inc,"392,667",21
Sep 2017,214,Beatrice Thomas inc,"388,905",19
Sep 2017,214,Scott Debroux inc,"290,683",15
Sep 2017,214,Thomas Gillespie 3 inc,"285,593",12
Sep 2017,215,Katherine Caldwell inc,"857,976",39
Sep 2017,215,Allison Kingston inc,"169,302",7
Sep 2017,215,James Felten inc,"106,219",5
Sep 2017,215,Karen Romero 2 inc,"97,255",4
Sep 2017,215,Dennis Fowler inc,"77,321",4
Sep 2017,216,Mary Donati inc,"492,796",25
Sep 2017,216,Helen Acosta inc,"430,509",24
Sep 2017,216,Deanna Dudley inc,"356,930",18
Sep 2017,216,Roger Espinoza inc,"349,713",19
Sep 2017,216,Stanley People inc,"277,719",12
Sep 2017,218,Julianne Mchugh inc,"929,888",47
Sep 2017,218,Ronald Abbott 2 inc,"398,630",22
Sep 2017,218,Nina Humphreys inc,"305,588",17
Sep 2017,218,Nathaniel Buckley inc,"289,737",16
Sep 2017,218,Randolph Williams inc,"279,173",14
Sep 2017,219,Donald Smith 19 inc,"789,617",40
Sep 2017,219,Wendy Strong inc,"671,637",33
Sep 2017,219,James Henderson 10 inc,"649,588",29
Sep 2017,219,Christopher Marinaccio inc,"649,149",32
Sep 2017,219,Rodney Lichtenberg inc,"572,491",31
Sep 2017,220,Megan Robinson 5 inc,"614,970",29
Sep 2017,220,Rose Smith 7 inc,"581,973",27
Sep 2017,220,James Jones 47 inc,"409,575",20
Sep 2017,220,Grace Gorman inc,"386,306",17
Sep 2017,220,Kristina Hubbard inc,"285,056",12
Sep 2017,221,Rose Brewer 2 inc,"300,914",17
Sep 2017,221,Gerardo Motley inc,"134,875",7
Sep 2017,221,Linda Brown 12 inc,"130,145",6
Sep 2017,221,Vanessa Yepsen inc,"76,562",3
Sep 2017,221,Donna Wallace inc,"74,779",2
Sep 2017,222,Jonathon Morrison inc,"499,821",24
Sep 2017,222,Dennis Clancy inc,"389,375",22
Sep 2017,222,Melvin Hurt inc,"298,229",16
Sep 2017,222,Jeffery Brennan inc,"264,354",11
Sep 2017,222,Theresa Martin 3 inc,"192,743",9
Sep 2017,223,Judy Turner inc,"614,812",30
Sep 2017,223,Connie Thompson inc,"440,116",21
Sep 2017,223,Gracie Mcmorran inc,"403,622",20
Sep 2017,223,Robert Gatson inc,"372,879",18
Sep 2017,223,Rachel Allman inc,"307,000",17
Sep 2017,224,John Sutton 8 inc,"498,032",29
Sep 2017,224,Guillermo Wasson inc,"290,047",12
Sep 2017,224,Deborah Harris 5 inc,"286,848",15
Sep 2017,224,Brandie Lane inc,"205,925",11
Sep 2017,224,Ronald Perkins 2 inc,"181,402",11
Sep 2017,226,John Rutherford 4 inc,"2,114,973",105
Sep 2017,226,Maggie Rosa inc,"991,185",55
Sep 2017,226,Joseph Dempsey inc,"578,779",30
Sep 2017,226,Jaime Marks inc,"548,185",31
Sep 2017,226,Princess White inc,"496,545",29
Sep 2017,227,James Holbrook inc,"178,048",6
Sep 2017,227,Michele Dunn inc,"168,946",8
Sep 2017,227,Frank Dana inc,"168,099",8
Sep 2017,227,Brandon Morrison 2 inc,"141,386",8
Sep 2017,227,Frieda Cash inc,"127,575",6
Sep 2017,228,Pablo Laboy inc,"440,704",22
Sep 2017,228,Linda Gordon inc,"198,236",9
Sep 2017,228,David Piles inc,"192,511",10
Sep 2017,228,Susan Watson 4 inc,"178,992",9
Sep 2017,228,Karen Harrelson inc,"165,853",7
Sep 2017,229,Christina Moralez inc,"649,194",31
Sep 2017,229,Camille Lindsey inc,"334,849",15
Sep 2017,229,Anton Greene inc,"314,966",15
Sep 2017,229,Muriel Alvarez inc,"303,498",14
Sep 2017,229,John Ramirez 10 inc,"291,982",15
Sep 2017,230,Allison Burgess inc,"387,258",17
Sep 2017,230,Joseph Bass inc,"333,009",17
Sep 2017,230,Lee Waters inc,"266,694",13
Sep 2017,230,Mary Melendez 3 inc,"264,510",11
Sep 2017,230,James Dillard 5 inc,"248,096",13
Sep 2017,231,Joshua Berryhill inc,"1,718,716",86
Sep 2017,231,Edward Hebert 3 inc,"1,341,098",66
Sep 2017,231,Florence Mitchell 2 inc,"1,251,193",63
Sep 2017,231,Robert Barfield inc,"1,055,033",52
Sep 2017,231,Henry Vargas 2 inc,"964,379",46
Sep 2017,232,Whitney Delgado inc,"880,673",44
Sep 2017,232,Charles Urias inc,"805,664",43
Sep 2017,232,Adam Schey inc,"796,282",39
Sep 2017,232,Russell Fernandez inc,"732,367",36
Sep 2017,232,Richard Telfer inc,"638,820",30
Sep 2017,233,Chad Tobar inc,"6,442,595",309
Sep 2017,233,Ella Rose 2 inc,"4,147,461",200
Sep 2017,233,John Mcneal 2 inc,"3,544,548",183
Sep 2017,233,Lori Joseph inc,"3,477,203",175
Sep 2017,233,Ruth Kohl inc,"3,047,696",146
Sep 2017,234,Alice Dickerson inc,"749,902",37
Sep 2017,234,Anthony Tobey inc,"636,105",29
Sep 2017,234,Johnnie Elliott inc,"588,902",31
Sep 2017,234,Daniel Marshall 7 inc,"450,337",25
Sep 2017,234,Jennifer Haynes inc,"416,307",19
Sep 2017,235,Peter Adams 3 inc,"337,805",16
Sep 2017,235,Myra Abron inc,"293,593",12
Sep 2017,235,Glenn Neblett inc,"153,831",7
Sep 2017,235,David Morris 4 inc,"130,841",7
Sep 2017,235,Mildred Nurse inc,"114,086",5
Sep 2017,236,Jeremy Adams 3 inc,"284,510",15
Sep 2017,236,Nick Redenius inc,"201,532",9
Sep 2017,236,Mary Milliren inc,"180,373",10
Sep 2017,236,Alice Joyal inc,"151,385",8
Sep 2017,236,Nora Saenz inc,"147,440",8
Sep 2017,237,Julie Hughes inc,"441,934",24
Sep 2017,237,Bernice Batz inc,"220,172",14
Sep 2017,237,Joseph Utley inc,"168,695",9
Sep 2017,237,Keith Feldman inc,"150,029",6
Sep 2017,237,Dennis Coates inc,"132,583",7
Sep 2017,238,Kenneth Kimbler inc,"1,117,149",56
Sep 2017,238,Robin Forbes inc,"765,713",39
Sep 2017,238,Greg Myers inc,"637,806",34
Sep 2017,238,Clyde Scott 2 inc,"636,985",33
Sep 2017,238,Christopher Smith 19 inc,"621,610",31
Sep 2017,239,Rosa Daugherty inc,"392,526",15
Sep 2017,239,Jackson Tallant inc,"354,081",18
Sep 2017,239,George Hay inc,"317,347",14
Sep 2017,239,Dean Arteaga inc,"270,479",12
Sep 2017,239,Bonnie Gresham inc,"259,044",13
Sep 2017,240,Jessica Baxter inc,"645,085",33
Sep 2017,240,Gloria Applin inc,"382,892",18
Sep 2017,240,Erick Porter inc,"283,549",13
Sep 2017,240,Victoria Brown 3 inc,"245,202",12
Sep 2017,240,Margaret Thompson 7 inc,"180,010",8
Sep 2017,242,Mae Davis 3 inc,"1,352,029",66
Sep 2017,242,Estella Vidal inc,"813,839",41
Sep 2017,242,Ada Cough inc,"802,159",37
Sep 2017,242,John Bordner inc,"791,624",38
Sep 2017,242,Charles Nichols 3 inc,"555,415",29
Sep 2017,244,Vivian Cawthorne inc,"2,437,478",121
Sep 2017,244,Diane Robbins inc,"1,985,242",103
Sep 2017,244,Donald Bacon 2 inc,"1,391,702",64
Sep 2017,244,James Funk 2 inc,"1,127,541",54
Sep 2017,244,Robert Christensen 4 inc,"729,269",34
Sep 2017,245,Anton Wilder inc,"650,925",37
Sep 2017,245,James Brown 42 inc,"508,641",30
Sep 2017,245,Debra Moncrief inc,"487,136",25
Sep 2017,245,Brenda Green 4 inc,"482,333",25
Sep 2017,245,Lindsey Abernethy inc,"465,828",24
Sep 2017,246,Clarice Potts inc,"4,181,402",217
Sep 2017,246,James Holliday inc,"2,783,049",144
Sep 2017,246,Marc Juckett inc,"1,982,970",93
Sep 2017,246,Brian Larose inc,"1,641,697",89
Sep 2017,246,Naomi Wakefield inc,"1,577,493",77
Sep 2017,247,Alex Couzens inc,"1,620,076",85
Sep 2017,247,Charles Doyle inc,"1,015,617",50
Sep 2017,247,Frederick Uson inc,"933,463",44
Sep 2017,247,Mary Schultheis inc,"847,929",40
Sep 2017,247,Jennifer Cunningham 2 inc,"812,796",38
Sep 2017,248,Katherine Gonce inc,"1,396,409",66
Sep 2017,248,George Wheeler 2 inc,"1,315,589",63
Sep 2017,248,Alison Miranda inc,"1,137,035",56
Sep 2017,248,Marie Compton inc,"1,089,342",58
Sep 2017,248,Nicholas Mixer inc,"909,641",53
Sep 2017,250,Edward Campbell 2 inc,"822,081",34
Sep 2017,250,David Meler inc,"605,345",27
Sep 2017,250,Angela Mcnabb inc,"515,350",24
Sep 2017,250,Raymond Williams 10 inc,"505,708",26
Sep 2017,250,Raymond Higginbotham inc,"464,710",23
Sep 2017,251,Rose Mincey inc,"2,104,586",104
Sep 2017,251,Lola Cramer inc,"1,702,322",87
Sep 2017,251,Ryan Harris 2 inc,"1,649,068",78
Sep 2017,251,Sally Smith 3 inc,"1,168,765",61
Sep 2017,251,Charles Bendel inc,"1,115,555",59
Sep 2017,252,Jimmy Kelly inc,"448,607",20
Sep 2017,252,Dale Freyermuth inc,"222,581",11
Sep 2017,252,Felicia Pickle inc,"195,127",8
Sep 2017,252,Dominick Newsom inc,"178,205",9
Sep 2017,252,Thomas Wolfman inc,"171,304",9
Sep 2017,253,Karen Fiene inc,"722,907",38
Sep 2017,253,Jesse Valazquez inc,"670,467",31
Sep 2017,253,Dillon Renshaw inc,"556,340",25
Sep 2017,253,Kathleen Pittman inc,"414,579",21
Sep 2017,253,Gussie Bickford inc,"387,061",18
Sep 2017,254,Michael Newsom inc,"546,931",28
Sep 2017,254,Debra Mock inc,"280,323",12
Sep 2017,254,Joseph Olson 2 inc,"182,756",9
Sep 2017,254,Amanda Jara inc,"141,099",7
Sep 2017,254,Geneva Cohen inc,"126,292",7
Sep 2017,255,Blanche Egan inc,"782,128",35
Sep 2017,255,Harmony Mathis inc,"667,214",33
Sep 2017,255,Barry Lyons 2 inc,"287,919",14
Sep 2017,255,Sheryl Wilson inc,"224,238",11
Sep 2017,255,Roger Thibodeaux inc,"211,710",10
Sep 2017,256,Leigh Carr inc,"2,662,933",130
Sep 2017,256,Juan Kong inc,"888,479",46
Sep 2017,256,Beatrice Graham inc,"677,885",36
Sep 2017,256,Edward Jones 10 inc,"641,920",29
Sep 2017,256,Ryan Kyle inc,"521,182",27
Sep 2017,258,Derrick Johnson inc,"235,874",10
Sep 2017,258,Steven Johnson 10 inc,"204,150",11
Sep 2017,258,Michelle Jones 13 inc,"201,720",14
Sep 2017,258,Stacie Lucas inc,"196,881",9
Sep 2017,258,Damaris Godwin inc,"184,579",9
Sep 2017,259,Gerald Mccullough inc,"987,961",51
Sep 2017,259,Adrienne Hill inc,"832,761",36
Sep 2017,259,Anthony Wheeler 2 inc,"750,106",38
Sep 2017,259,Allen Jackson 2 inc,"634,799",32
Sep 2017,259,Stephanie Reeves inc,"573,279",29
Sep 2017,260,William Young 10 inc,"590,967",32
Sep 2017,260,Jordan Johnson inc,"507,795",26
Sep 2017,260,Eloise Paoli inc,"369,760",18
Sep 2017,260,Ronald Betcher inc,"319,982",14
Sep 2017,260,James Spencer 4 inc,"224,986",9
Sep 2017,261,Renaldo Allen inc,"631,270",29
Sep 2017,261,Phillip Justice 2 inc,"475,757",25
Sep 2017,261,Theresa Ocasio inc,"473,076",26
Sep 2017,261,Sheri Menard inc,"415,042",22
Sep 2017,261,Jacqueline Lico inc,"377,208",22
Sep 2017,262,Kevin Wolfrum inc,"403,175",23
Sep 2017,262,Lora Harrell inc,"311,654",16
Sep 2017,262,Joshua Finchum inc,"302,465",14
Sep 2017,262,Raymond Sylvester inc,"268,176",14
Sep 2017,262,Wayne James 2 inc,"218,173",12
Sep 2017,263,Donnell Cotto inc,"327,871",14
Sep 2017,263,David Millay 2 inc,"245,257",14
Sep 2017,263,Nicholas Pearsall inc,"121,681",4
Sep 2017,263,Marvin Soto inc,"114,280",4
Sep 2017,263,Ardith Bassett inc,"91,885",4
Sep 2017,264,Stefan Hall inc,"309,648",14
Sep 2017,264,Grace Cox inc,"243,946",12
Sep 2017,264,Erika Legrand inc,"229,603",10
Sep 2017,264,Michael Golden inc,"189,650",8
Sep 2017,264,Patricia Card inc,"146,067",8
Sep 2017,265,Michelle Dougherty inc,"686,444",36
Sep 2017,265,David Adkins 7 inc,"422,078",21
Sep 2017,265,Michael Feinberg inc,"407,163",20
Sep 2017,265,Linda Tosh inc,"331,566",19
Sep 2017,265,Joan Redman inc,"331,234",16
Sep 2017,266,Jerry Anderson 2 inc,"336,680",17
Sep 2017,266,Darryl Servin inc,"284,520",15
Sep 2017,266,Agnes Santos inc,"223,426",11
Sep 2017,266,Bruce Haskins inc,"170,775",9
Sep 2017,266,Kenneth Huson inc,"138,956",8
Sep 2017,267,Genesis Barcia inc,"406,709",18
Sep 2017,267,Maurice Ehret inc,"348,601",21
Sep 2017,267,Dennis Smith 8 inc,"332,130",16
Sep 2017,267,Julie Young inc,"309,199",14
Sep 2017,267,Michael Little 5 inc,"263,333",11
Sep 2017,268,Trudy Harris inc,"999,489",47
Sep 2017,268,Ernest Garner inc,"568,511",28
Sep 2017,268,Charleen Lawson inc,"554,139",27
Sep 2017,268,Timothy Lewis 8 inc,"552,609",30
Sep 2017,268,Sabine King inc,"533,032",30
Sep 2017,269,Mary Radford 3 inc,"402,907",18
Sep 2017,269,Josephine Garrity inc,"371,312",20
Sep 2017,269,Heather Hopkins inc,"232,359",10
Sep 2017,269,Gilda Pollard inc,"177,850",8
Sep 2017,269,James Oliver 6 inc,"174,758",9
Sep 2017,270,Patricia Smith 25 inc,"478,175",22
Sep 2017,270,Jane Vanauken inc,"421,836",20
Sep 2017,270,Val Slowinski inc,"289,455",14
Sep 2017,270,David Park inc,"284,950",15
Sep 2017,270,Ann Uttech inc,"269,378",14
Sep 2017,271,Jimmy Garcia 2 inc,"1,080,483",56
Sep 2017,271,Christopher Castro 2 inc,"1,019,708",56
Sep 2017,271,Sharon Mcdaniel inc,"986,848",47
Sep 2017,271,Ann Morrell inc,"932,242",50
Sep 2017,271,Jame Perez inc,"764,050",39
Sep 2017,272,David Fitzpatrick inc,"1,067,585",55
Sep 2017,272,Micheal Seymore inc,"531,904",31
Sep 2017,272,Joseph Olson 3 inc,"464,591",22
Sep 2017,272,Mark Layne inc,"456,599",28
Sep 2017,272,Eloise Davis inc,"451,426",26
Sep 2017,273,Antoine Alexander inc,"84,827",4
Sep 2017,273,David Houchin inc,"83,959",4
Sep 2017,273,John Sumstad inc,"57,931",3
Sep 2017,273,Georgine Heard inc,"56,470",2
Sep 2017,273,Michelle Perez 2 inc,"31,228",1
Sep 2017,274,Doris Babcock inc,"4,330,584",216
Sep 2017,274,Sylvester Wetzel inc,"1,550,578",82
Sep 2017,274,Angela Barrett 2 inc,"1,456,400",66
Sep 2017,274,Austin Edmunds inc,"1,280,665",69
Sep 2017,274,William Hummel 2 inc,"1,136,134",55
Sep 2017,275,Frederick Mccammon inc,"335,803",20
Sep 2017,275,James Mcmilliam inc,"267,853",15
Sep 2017,275,Wade Seider inc,"205,954",10
Sep 2017,275,Clayton Mueller inc,"200,526",11
Sep 2017,275,Kathleen Dodson inc,"200,209",9
Sep 2017,276,Odis Hampton inc,"1,162,065",53
Sep 2017,276,Steven Porter 2 inc,"1,036,146",52
Sep 2017,276,Terri Morse inc,"638,325",30
Sep 2017,276,Ladonna Seelbach inc,"615,363",31
Sep 2017,276,Lynette Standridge inc,"579,701",26
Sep 2017,277,Jonathan Rollins inc,"5,623,518",275
Sep 2017,277,Daniel Phipps 2 inc,"4,136,852",197
Sep 2017,277,Tracie Dempsey inc,"3,300,179",156
Sep 2017,277,Amira Jefferson inc,"2,572,990",129
Sep 2017,277,Michelle Briscoe inc,"2,299,116",114
Sep 2017,278,Sylvia Holler inc,"1,472,254",74
Sep 2017,278,David Fontaine inc,"1,334,095",68
Sep 2017,278,Maria Davis 10 inc,"1,172,777",63
Sep 2017,278,Calvin Severy inc,"764,709",39
Sep 2017,278,Berry Cannata inc,"670,194",32
Sep 2017,279,Debra Williams 7 inc,"1,650,333",84
Sep 2017,279,Robert Hall 16 inc,"1,440,339",70
Sep 2017,279,George Williams 20 inc,"1,394,526",68
Sep 2017,279,Denise Williams 5 inc,"1,269,742",63
Sep 2017,279,Miguel Walt inc,"1,093,633",58
Sep 2017,280,Clyde Garland inc,"1,822,437",94
Sep 2017,280,Cynthia Morton inc,"684,854",37
Sep 2017,280,Maria Woods inc,"638,808",32
Sep 2017,280,Vivian Howard inc,"630,670",35
Sep 2017,280,John Harris 25 inc,"589,230",30
Sep 2017,281,Charles Everett inc,"907,842",40
Sep 2017,281,Sandra Staples inc,"615,849",32
Sep 2017,281,Pierre Weiner inc,"557,143",30
Sep 2017,281,Clayton Palmer inc,"550,297",25
Sep 2017,281,Joy Flaherty inc,"345,331",15
Sep 2017,282,Jonathan Crumble inc,"1,566,665",74
Sep 2017,282,Devon Sanders inc,"1,151,057",62
Sep 2017,282,Katherine Cotter inc,"826,576",43
Sep 2017,282,Daron Corley inc,"771,910",43
Sep 2017,282,Fernando Williams inc,"645,821",29
Sep 2017,283,Christopher Carter 3 inc,"3,134,737",155
Sep 2017,283,Marlin Stroud inc,"1,519,363",78
Sep 2017,283,Mikki Seburg inc,"1,414,318",70
Sep 2017,283,Sterling Haskins inc,"1,404,507",69
Sep 2017,283,Jennifer Moody inc,"1,330,998",66
Sep 2017,285,Jefferey Smith inc,"541,957",27
Sep 2017,285,Juanita Moss inc,"363,729",20
Sep 2017,285,William Cade inc,"206,143",11
Sep 2017,285,Patricia Keith 2 inc,"184,039",7
Sep 2017,285,Riley Hess inc,"144,490",5
Sep 2017,286,Chris Heath inc,"4,973,173",248
Sep 2017,286,Kevin Hellman inc,"3,772,637",189
Sep 2017,286,Jasmin Morataya inc,"3,476,010",169
Sep 2017,286,Rita Elias inc,"2,902,779",145
Sep 2017,286,Steven Rodriguez 2 inc,"1,945,006",92
Sep 2017,287,John Cobar 2 inc,"288,482",15
Sep 2017,287,Wm Evans inc,"268,979",15
Sep 2017,287,Dustin Brown inc,"213,665",10
Sep 2017,287,George Peebles inc,"174,980",7
Sep 2017,287,Alberto Nowlin inc,"153,241",6
Sep 2017,288,Steve Crofton inc,"913,328",45
Sep 2017,288,Michael Morgan 3 inc,"878,152",44
Sep 2017,288,Wallace Bennett inc,"840,366",45
Sep 2017,288,Lynn Brown 6 inc,"798,654",42
Sep 2017,288,Emily Batton inc,"595,884",30
Sep 2017,289,Sherri Garrison inc,"3,827,167",192
Sep 2017,289,Willard Conditt inc,"1,520,338",83
Sep 2017,289,Elnora Cook inc,"1,393,212",66
Sep 2017,289,John Penn 2 inc,"1,374,463",71
Sep 2017,289,George Centeno inc,"1,170,212",62
Sep 2017,290,Guadalupe Schoenfeld inc,"277,759",15
Sep 2017,290,Timothy Oneill inc,"264,634",14
Sep 2017,290,Jayne Powers inc,"259,831",14
Sep 2017,290,Lewis Bourque inc,"218,243",10
Sep 2017,290,Helen Logan inc,"200,894",12
Sep 2017,291,Cesar Hall inc,"13,180,230",649
Sep 2017,291,Efrain Webb inc,"1,950,702",91
Sep 2017,291,Mary Castillo 2 inc,"1,873,423",93
Sep 2017,291,Chad Tobar inc,"1,457,580",72
Sep 2017,291,Paul Dietrich inc,"1,292,953",62
Sep 2017,292,Rebecca Kim 2 inc,"1,122,729",55
Sep 2017,292,Scott Uson inc,"741,146",36
Sep 2017,292,Brandon Manns inc,"579,261",31
Sep 2017,292,Anthony Hinkle inc,"526,861",25
Sep 2017,292,Gilbert Lowell inc,"520,168",29
Sep 2017,293,Yolanda Gold inc,"185,748",7
Sep 2017,293,Sylvester Shahan inc,"112,811",8
Sep 2017,293,Maria Morlan inc,"108,579",7
Sep 2017,293,Aileen Coons inc,"102,798",7
Sep 2017,293,Ruth Munger inc,"96,793",4
Sep 2017,294,Keith Thomas 2 inc,"397,008",19
Sep 2017,294,Stephanie Cheatham inc,"307,389",14
Sep 2017,294,Jeane Mccord inc,"256,857",14
Sep 2017,294,Larry Doerr inc,"229,955",10
Sep 2017,294,Mae Little inc,"221,224",10
Sep 2017,295,Darren Brewer inc,"598,167",26
Sep 2017,295,Warren Cameron inc,"523,255",22
Sep 2017,295,John Banks 4 inc,"378,284",19
Sep 2017,295,Jody Minor inc,"367,242",19
Sep 2017,295,Christopher Hubbard 3 inc,"364,209",18
Sep 2017,296,Harold Knopp inc,"576,601",26
Sep 2017,296,Larry Mcmanus inc,"574,591",29
Sep 2017,296,Bessie Davis 2 inc,"507,771",24
Sep 2017,296,Dale Crowder inc,"506,940",24
Sep 2017,296,Dara Contreras inc,"477,981",22
Sep 2017,297,Arlyne Smith inc,"908,524",44
Sep 2017,297,Nicole Borrero inc,"841,027",39
Sep 2017,297,Crystal Marquez inc,"717,158",34
Sep 2017,297,Juan Higgins inc,"614,161",29
Sep 2017,297,David Parsons 3 inc,"539,811",27
Sep 2017,298,Ella Rose 2 inc,"305,672",17
Sep 2017,298,Chad Tobar inc,"302,002",17
Sep 2017,298,Guadalupe Blank inc,"231,160",13
Sep 2017,298,Marisa Corbin inc,"222,826",10
Sep 2017,298,Debbie Jones 2 inc,"148,452",7
Sep 2017,299,Edna Ramirez 2 inc,"435,113",21
Sep 2017,299,Gary Hayes inc,"429,254",19
Sep 2017,299,Nathan Sandquist inc,"349,953",16
Sep 2017,299,Eric Autrey inc,"330,122",18
Sep 2017,299,Kim Sutton inc,"324,469",15
Sep 2017,300,Ruben Frantz inc,"897,017",49
Sep 2017,300,Rene Roberts 2 inc,"856,442",40
Sep 2017,300,Stephen Lay inc,"854,165",43
Sep 2017,300,Robert Barnard 2 inc,"772,207",30
Sep 2017,300,June Morris inc,"621,882",29
Sep 2017,301,Joyce Perry inc,"400,898",19
Sep 2017,301,Gabrielle Caudel inc,"392,489",22
Sep 2017,301,John Hammond 2 inc,"366,844",20
Sep 2017,301,Roy Cosby inc,"330,404",15
Sep 2017,301,Juan Jennrich inc,"308,252",15
Sep 2017,302,Colin Canelo inc,"1,609,902",77
Sep 2017,302,Albert Smith 10 inc,"1,238,816",64
Sep 2017,302,Thomas Crouchet inc,"785,906",41
Sep 2017,302,Mary Wells 6 inc,"745,429",37
Sep 2017,302,John Whatley inc,"510,861",23
Sep 2017,303,Bessie Fulmer inc,"675,939",29
Sep 2017,303,Marvin Peterman inc,"560,528",31
Sep 2017,303,Christine Hill 3 inc,"454,421",23
Sep 2017,303,Robert Moretz inc,"373,110",17
Sep 2017,303,Susan Delaney inc,"363,679",17
Sep 2017,304,Cordelia Rice inc,"756,630",36
Sep 2017,304,Heather Brackett inc,"501,516",24
Sep 2017,304,Douglas Mackin inc,"493,322",26
Sep 2017,304,Jack Kessler inc,"429,428",18
Sep 2017,304,Paul Clemmer inc,"422,526",16
Sep 2017,306,Timothy Sepulveda inc,"298,618",13
Sep 2017,306,Shannon Depuy inc,"139,097",6
Sep 2017,306,Maurice Robertson inc,"116,990",6
Sep 2017,306,Martha Williams 5 inc,"87,882",5
Sep 2017,306,Henry Rosales inc,"82,835",4
Sep 2017,307,John Kluender inc,"472,720",22
Sep 2017,307,Travis Hartson inc,"262,819",12
Sep 2017,307,Victor Sandquist inc,"188,560",7
Sep 2017,307,Evelyn Kessinger inc,"157,817",8
Sep 2017,307,Gordon Platt inc,"156,889",8
Sep 2017,308,Roy Lavine inc,"1,050,214",50
Sep 2017,308,Fannie Baltimore inc,"972,576",46
Sep 2017,308,Reed Williams inc,"967,750",47
Sep 2017,308,Anthony Lewis 5 inc,"762,223",39
Sep 2017,308,Amy Fleetwood inc,"532,714",26
Sep 2017,309,Ernest Turner 2 inc,"417,400",22
Sep 2017,309,Vernon Zeigler inc,"385,935",16
Sep 2017,309,Patricia Jackson 7 inc,"251,544",12
Sep 2017,309,Carolyn Tooley inc,"240,793",13
Sep 2017,309,Quinton Hargrove inc,"213,610",9
Sep 2017,310,Patricia Smith 24 inc,"395,667",20
Sep 2017,310,Briana Powell inc,"363,011",20
Sep 2017,310,Alvin Moodie inc,"267,982",13
Sep 2017,310,Darrick Pendleton inc,"253,489",14
Sep 2017,310,Maxine Rapelyea inc,"233,231",14
Sep 2017,311,Janet Baker 2 inc,"530,529",29
Sep 2017,311,Carole West inc,"355,961",17
Sep 2017,311,Benjamin Hunt inc,"294,526",13
Sep 2017,311,Michael Dunlop inc,"270,391",12
Sep 2017,311,Roger Freitas inc,"269,387",13
Sep 2017,312,Tony Butler inc,"432,723",19
Sep 2017,312,David Taylor 12 inc,"316,271",17
Sep 2017,312,Brandon Whitman inc,"280,005",13
Sep 2017,312,Jeremy Boston inc,"247,926",10
Sep 2017,312,Karl Santiago inc,"233,459",14
Sep 2017,313,Danny Lupien inc,"919,721",46
Sep 2017,313,Stanley Adair inc,"347,080",16
Sep 2017,313,Connie Partis inc,"283,271",15
Sep 2017,313,Judy Richards inc,"277,566",12
Sep 2017,313,Catherine Hogan inc,"229,110",10
Sep 2017,314,Charles Dallas inc,"1,392,104",75
Sep 2017,314,Jeffery Aguilar 2 inc,"1,356,508",71
Sep 2017,314,Erna Dahlgren inc,"1,172,466",56
Sep 2017,314,David Wallace inc,"922,526",44
Sep 2017,314,Lloyd Brink inc,"914,043",51
Sep 2017,315,Lester Marcum inc,"220,178",10
Sep 2017,315,Evelyn Leis inc,"145,456",7
Sep 2017,315,Harriet Miller inc,"121,816",6
Sep 2017,315,James Maltie inc,"105,854",5
Sep 2017,315,Brenda Myers inc,"60,242",3
Sep 2017,318,Jean Vandusen inc,"499,631",24
Sep 2017,318,Jimmy Ascencio inc,"462,106",20
Sep 2017,318,Ryan Malina inc,"385,250",20
Sep 2017,318,Jose Penn inc,"326,835",17
Sep 2017,318,Tracey Ziegler inc,"320,474",14
Sep 2017,319,John Carrousal inc,"105,139",5
Sep 2017,319,Rebecca Bartolini inc,"59,258",3
Sep 2017,319,Thomas Then inc,"53,924",4
Sep 2017,319,Patricia Jackson 4 inc,"35,584",3
Sep 2017,319,Mandy Easton inc,"35,422",3
Sep 2017,320,Tom Benavidez inc,"3,413,693",172
Sep 2017,320,Edwin Riley inc,"1,161,931",60
Sep 2017,320,Janice Whiteman inc,"1,080,719",50
Sep 2017,320,Arthur Dove inc,"1,043,184",47
Sep 2017,320,Gary Guenther inc,"833,188",38
Sep 2017,321,Cynthia Ciriaco inc,"281,409",17
Sep 2017,321,Joseph Funk inc,"187,393",8
Sep 2017,321,Graham Palacios inc,"179,332",8
Sep 2017,321,Steven Hisey inc,"155,304",9
Sep 2017,321,Timothy Mays inc,"128,437",6
Sep 2017,322,Quinton Elizarraras inc,"2,772,308",134
Sep 2017,322,Andrea Hartman inc,"2,219,003",111
Sep 2017,322,Allen Poulton inc,"2,020,147",105
Sep 2017,322,Christopher Chinzi inc,"1,211,926",59
Sep 2017,322,Kristin Garrett inc,"1,132,710",59
Sep 2017,323,Ruben Lopez inc,"1,328,694",61
Sep 2017,323,Michael Wheeler 8 inc,"948,308",46
Sep 2017,323,Jose Handy inc,"410,461",19
Sep 2017,323,Kathleen Holmes inc,"292,488",14
Sep 2017,323,Willie Hudson inc,"268,800",17
Sep 2017,325,Dennis Terrance inc,"1,462,477",71
Sep 2017,325,Miriam Cisneros inc,"617,406",29
Sep 2017,325,Francine Legions inc,"487,740",25
Sep 2017,325,Alpha Way inc,"427,158",21
Sep 2017,325,Craig Rehm inc,"390,183",18
Sep 2017,326,Nancy Hill 5 inc,"341,167",16
Sep 2017,326,Claris Kellem inc,"193,728",8
Sep 2017,326,David Mann 4 inc,"153,506",9
Sep 2017,326,Susan Sampson inc,"116,622",5
Sep 2017,326,Paul Wiseman inc,"106,036",4
Sep 2017,327,Roger Sanders 2 inc,"167,428",6
Sep 2017,327,James Sims 2 inc,"158,561",7
Sep 2017,327,Arthur Cobb 3 inc,"152,918",8
Sep 2017,327,Daniel Page 2 inc,"114,920",5
Sep 2017,327,Marla Hadfield inc,"97,479",4
Sep 2017,328,William Darling inc,"1,347,899",67
Sep 2017,328,Heather Porter inc,"555,759",24
Sep 2017,328,Matthew Seldon inc,"374,881",18
Sep 2017,328,Jo Davis inc,"256,546",12
Sep 2017,328,Wendy Donnelly inc,"245,058",13
Sep 2017,329,Kristen Woods inc,"1,084,322",51
Sep 2017,329,Robert Olson 4 inc,"713,516",33
Sep 2017,329,Stephanie Bagaoisan inc,"600,457",27
Sep 2017,329,Dora Hernandez 2 inc,"477,399",24
Sep 2017,329,Victor Davenport 2 inc,"262,881",13
Sep 2017,330,Karen Pate inc,"593,849",28
Sep 2017,330,Sandra Buckner inc,"322,765",18
Sep 2017,330,Hugh Gale inc,"291,496",14
Sep 2017,330,Ricardo Kane inc,"269,341",16
Sep 2017,330,Carla Rathburn inc,"250,164",11
Sep 2017,331,Antoine Alexander inc,"12,100,593",608
Sep 2017,331,Valerie Martin 2 inc,"10,653,426",538
Sep 2017,331,Jean Jolley inc,"8,622,158",428
Sep 2017,331,Ryan Stephens 2 inc,"7,458,477",377
Sep 2017,331,Joann Lilly inc,"4,960,768",248
Sep 2017,333,Joseph Proctor inc,"5,737,687",286
Sep 2017,333,Teresa Begley inc,"4,783,679",236
Sep 2017,333,Vincent Peterson 2 inc,"2,821,087",139
Sep 2017,333,Andrew Hernandez 2 inc,"2,499,791",126
Sep 2017,333,Clarence Griffin inc,"2,346,459",113
Sep 2017,334,Mary Siegel inc,"1,849,512",90
Sep 2017,334,Brianna Derrick inc,"1,228,921",61
Sep 2017,334,Megan Brackeen inc,"919,979",46
Sep 2017,334,Sue Sexton inc,"822,322",38
Sep 2017,334,Noella Vansickle inc,"783,330",43
Sep 2017,335,Catherine Tanner inc,"473,682",26
Sep 2017,335,Sandra Belvins inc,"242,895",12
Sep 2017,335,Yolanda Jones 3 inc,"179,742",10
Sep 2017,335,William Howland inc,"153,547",8
Sep 2017,335,Sandra Englert inc,"147,837",5
Sep 2017,336,Katherine Kirschner inc,"189,853",10
Sep 2017,336,Ronald Lopez 4 inc,"184,589",10
Sep 2017,336,Helen Stubbendeck inc,"178,551",7
Sep 2017,336,Jack Turner inc,"149,950",6
Sep 2017,336,Bernard Carrier inc,"147,602",9
Sep 2017,337,Karen Lee 2 inc,"735,380",40
Sep 2017,337,Mary Ruggiero inc,"482,701",23
Sep 2017,337,Timothy Robins inc,"387,114",18
Sep 2017,337,Anna Baker 2 inc,"281,035",15
Sep 2017,337,William Calvin inc,"252,311",11
Sep 2017,338,Lucas Carmona inc,"523,986",24
Sep 2017,338,Lon Larson inc,"343,045",16
Sep 2017,338,Shelley Hyer inc,"253,665",10
Sep 2017,338,Daniel Schoenberger inc,"208,921",9
Sep 2017,338,Sharon Haley 2 inc,"195,238",9
Sep 2017,339,Christopher Greer inc,"880,766",40
Sep 2017,339,Larry Culbert inc,"774,764",37
Sep 2017,339,Mireya Smith inc,"713,446",37
Sep 2017,339,Gertrudis Stamps inc,"680,430",33
Sep 2017,339,Marie Reynolds 4 inc,"633,389",32
Sep 2017,340,Terry Turpin 2 inc,"3,013,874",149
Sep 2017,340,Janet Johnson 3 inc,"1,865,774",94
Sep 2017,340,Nancy Jamison 2 inc,"1,613,495",80
Sep 2017,340,Katherine Rovero inc,"1,376,993",75
Sep 2017,340,Thomas Smith 35 inc,"1,073,616",51
Sep 2017,341,Bonita Lemons inc,"458,127",22
Sep 2017,341,James Calendine inc,"447,884",23
Sep 2017,341,Joan Cuevas inc,"423,084",20
Sep 2017,341,Victor Sullivan inc,"373,708",19
Sep 2017,341,David Kellam inc,"299,135",14
Sep 2017,342,William Roney inc,"816,991",43
Sep 2017,342,Vida Smith inc,"417,567",18
Sep 2017,342,Dawn Gunter inc,"251,308",11
Sep 2017,342,Rhonda Rojas inc,"238,646",12
Sep 2017,342,John Goris inc,"198,536",11
Sep 2017,343,Joshua Reyna inc,"478,325",23
Sep 2017,343,James Kinkelaar inc,"391,979",18
Sep 2017,343,Christopher Kroll inc,"295,638",17
Sep 2017,343,Daphne Bickley inc,"219,363",11
Sep 2017,343,Michael Broadwater inc,"195,771",10
Sep 2017,344,Morris Grooms inc,"1,663,040",84
Sep 2017,344,Erica Paul inc,"960,684",50
Sep 2017,344,Jerry Facer inc,"896,398",47
Sep 2017,344,David Vives inc,"874,295",45
Sep 2017,344,Ella Rose 2 inc,"867,522",46
Sep 2017,345,Patrick Nunn inc,"393,451",18
Sep 2017,345,John Hyett inc,"343,441",17
Sep 2017,345,Thomas Waszkiewicz inc,"255,714",11
Sep 2017,345,Margaret Walker 3 inc,"244,030",11
Sep 2017,345,Donna White 7 inc,"190,076",8
Sep 2017,347,Edna Ledesma inc,"1,354,025",65
Sep 2017,347,Erma Milligan inc,"1,080,103",52
Sep 2017,347,James Carlson 5 inc,"838,739",42
Sep 2017,347,Christopher Jackson 5 inc,"828,507",39
Sep 2017,347,Carolyn Hardin inc,"669,061",34
